source_id;idzz;ico;name;provider_name;specialty;address_street;address_city;address_zip;district;region;email;phone;insurance;source;registry_state
66-57584559-A0001;66-57584559-A0001;;Ambulancia zubného lekárstva, Banská Bystrica;SepoDent s. r. o.;Zubné lekárstvo;Terézie Vansovej 427/19;Banská Bystrica;97401;Okres Banská Bystrica;Banskobystrický samosprávny kraj;;;;e-VUC;Novy
66-57560510-A0001;66-57560510-A0001;;Ambulancia zubného lekárstva, Banská Bystrica;Dianadent, s. r. o.;Zubné lekárstvo;Horná 60;Banská Bystrica;97401;Okres Banská Bystrica;Banskobystrický samosprávny kraj;;;;e-VUC;Novy
66-57528004-A0001;66-57528004-A0001;;Ambulancia zubného lekárstva, MUDr. Ján Kasper, Banská Bystrica;KASTOM s. r. o.;Zubné lekárstvo, Dentoalveolárna chirurgia, Implantológia;Sládkovičova 14200/7A;Banská Bystrica;97405;Okres Banská Bystrica;Banskobystrický samosprávny kraj;;;;e-VUC;Novy
66-50087223-A0004;66-50087223-A0004;;Ambulancia zubného lekárstva, Yurii Reshetniak, Banská Bystrica;MiradoDent, s.r.o.;Zubné lekárstvo;Mlynská 3945/29;Banská Bystrica;97409;Okres Banská Bystrica;Banskobystrický samosprávny kraj;;;;e-VUC;Novy
66-50087223-A0005;66-50087223-A0005;;Ambulancia zubného lekárstva, Banská Bystrica;MiradoDent, s.r.o.;Zubné lekárstvo;Mlynská 3945/29;Banská Bystrica;97409;Okres Banská Bystrica;Banskobystrický samosprávny kraj;;;;e-VUC;Novy
66-46991492-A0004;66-46991492-A0004;;Jednodňová zdravotná starostlivosť, zubné lekárstvo, Banská Bystrica;EDEMED s.r.o.;Zubné lekárstvo, Dentoalveolárna chirurgia;Horná 14021/61A;Banská Bystrica;97401;Okres Banská Bystrica;Banskobystrický samosprávny kraj;;;;e-VUC;Novy
66-45452245-A0002;66-45452245-A0002;;Ambulancia zubného lekárstva, Banská Bystrica;Zubnička s.r.o.;Zubné lekárstvo;Nad plážou 6873/8;Banská Bystrica;97401;Okres Banská Bystrica;Banskobystrický samosprávny kraj;;;;e-VUC;Novy
66-36618799-A0006;66-36618799-A0006;;Ambulancia zubného lekárstva, MDDr. Ivana Pollaková, Banská Bystrica;KOHAJDA, s.r.o.;Zubné lekárstvo;Horná 14021/61A;Banská Bystrica;97401;Okres Banská Bystrica;Banskobystrický samosprávny kraj;;;;e-VUC;Novy
66-57106983-A0001;66-57106983-A0001;;Ambulancia zubného lekárstva, Banská Bystrica;MVStomatology s. r. o.;Zubné lekárstvo;Na Zábave 3826/13;Banská Bystrica;97411;Okres Banská Bystrica;Banskobystrický samosprávny kraj;;;;e-VUC;Novy
66-55168850-A0001;66-55168850-A0001;;Ambulancia zubného lekárstva, Banská Bystrica;SensoDent, s. r. o.;Zubné lekárstvo;Partizánska cesta 6626/3;Banská Bystrica;97401;Okres Banská Bystrica;Banskobystrický samosprávny kraj;;;;e-VUC;Novy
66-50727184-A0003;66-50727184-A0003;;Ambulancia zubného lekárstva, Banská Bystrica;Prodental Dental Clinic s.r.o.;Zubné lekárstvo;Starohorská 6880/72;Banská Bystrica;97411;Okres Banská Bystrica;Banskobystrický samosprávny kraj;;;;e-VUC;Novy
66-50727184-A0004;66-50727184-A0004;;Ambulancia zubného lekárstva, Selce;Prodental Dental Clinic s.r.o.;Zubné lekárstvo;Partizánska ulica 159/38;Selce;97611;Okres Banská Bystrica;Banskobystrický samosprávny kraj;;;;e-VUC;Novy
66-56547633-A0001;66-56547633-A0001;;Ambulancia zubného lekárstva, Banská Bystrica;R BB Dent s.r.o.;Zubné lekárstvo, Dentoalveolárna chirurgia, Implantológia;Nad plážou 14458/9B;Banská Bystrica;97401;Okres Banská Bystrica;Banskobystrický samosprávny kraj;;;;e-VUC;Novy
66-56642709-A0001;66-56642709-A0001;;Ambulancia zubného lekárstva, Banská Bystrica;AnestDentClinic, s. r. o.;Zubné lekárstvo;Partizánska cesta 6626/3;Banská Bystrica;97401;Okres Banská Bystrica;Banskobystrický samosprávny kraj;;;;e-VUC;Novy
66-36733768-A0004;66-36733768-A0004;;Ambulancia zubného lekárstva, Banská Bystrica;DUODENT Banská Bystrica, spol. s r. o.;Zubné lekárstvo, Dentoalveolárna chirurgia, Implantológia;Dolná 177/44;Banská Bystrica;97401;Okres Banská Bystrica;Banskobystrický samosprávny kraj;;;;e-VUC;Novy
66-36733768-A0005;66-36733768-A0005;;Ambulancia zubného lekárstva, Banská Bystrica;DUODENT Banská Bystrica, spol. s r. o.;Zubné lekárstvo, Dentoalveolárna chirurgia, Implantológia;Dolná 177/44;Banská Bystrica;97401;Okres Banská Bystrica;Banskobystrický samosprávny kraj;;;;e-VUC;Novy
66-54623791-A0002;66-54623791-A0002;;Smileverse Dental Care, Banská Bystrica;Smileverse s. r. o.;Zubné lekárstvo, Dentoalveolárna chirurgia;Cesta k nemocnici 1231/23;Banská Bystrica;97401;Okres Banská Bystrica;Banskobystrický samosprávny kraj;;;;e-VUC;Novy
66-46991492-A0003;66-46991492-A0003;;Ambulancia zubného lekárstva, Banská Bystrica;EDEMED s.r.o.;Zubné lekárstvo, Dentoalveolárna chirurgia;Horná 14021/61A;Banská Bystrica;97401;Okres Banská Bystrica;Banskobystrický samosprávny kraj;;;;e-VUC;Novy
66-53234626-A0001;66-53234626-A0001;;Ambulancia zubného lekárstva, Banská Bystrica;StomaBB, s.r.o.;Zubné lekárstvo;Horná 14021/61A;Banská Bystrica;97401;Okres Banská Bystrica;Banskobystrický samosprávny kraj;;;;e-VUC;Novy
66-55478336-A0001;66-55478336-A0001;;Ambulancia dentálnej hygieny, Banská Bystrica;Bc. Michaela Márniková;Dentálna hygiena;Na Zábave 3826/13;Banská Bystrica;97411;Okres Banská Bystrica;Banskobystrický samosprávny kraj;;;;e-VUC;Novy
66-55393420-A0001;66-55393420-A0001;;Úsmevdent, Banská Bystrica;YS s. r. o.;Zubné lekárstvo;Sládkovičova 6969/9;Banská Bystrica;97405;Okres Banská Bystrica;Banskobystrický samosprávny kraj;;;;e-VUC;Novy
66-55204643-A0001;66-55204643-A0001;;Ambulancia zubného lekárstva, Banská Bystrica;SUJA DENTAL CARE s. r. o.;Zubné lekárstvo;Spojová 6986/25;Banská Bystrica;97404;Okres Banská Bystrica;Banskobystrický samosprávny kraj;;;;e-VUC;Novy
66-46889027-A0002;66-46889027-A0002;;Ambulancia zubného lekárstva, Banská Bystrica;KAIROS DENTAL s.r.o.;Zubné lekárstvo, Dentoalveolárna chirurgia;Námestie Ludvika Svobodu 3865/1;Banská Bystrica;97401;Okres Banská Bystrica;Banskobystrický samosprávny kraj;;;;e-VUC;Novy
51-36869139-A0001;51-36869139-A0001;;Ambulancia zubného lekárstva, Banská Bystrica;DEMIDENT Banská Bystrica s.r.o.;Zubné lekárstvo;od 19.08.2026 do 19.08.2026;;;Okres Banská Bystrica;Banskobystrický samosprávny kraj;;;;e-VUC;Novy
66-54623791-A0001;66-54623791-A0001;;Ambulancia zubného lekárstva, Banská Bystrica;Smileverse s. r. o.;Zubné lekárstvo, Dentoalveolárna chirurgia;Cesta k nemocnici 1231/23;Banská Bystrica;97401;Okres Banská Bystrica;Banskobystrický samosprávny kraj;;;;e-VUC;Novy
66-54436214-A0001;66-54436214-A0001;;Ambulancia dentálnej hygieny, Banská Bystrica;Dental M s. r. o.;Dentálna hygiena;Nám. slobody 6208/5;Banská Bystrica;97401;Okres Banská Bystrica;Banskobystrický samosprávny kraj;;;;e-VUC;Novy
66-52419061-A0001;66-52419061-A0001;;Ambulancia zubného lekárstva, Banská Štiavnica;GUDENT s. r. o.;Zubné lekárstvo;, vopred volať na tel. č. 0952507500 a dohodnúť si termín ošetrenia. Ošetrenia denne 8:0 - 15:00h;;;Okres Banská Štiavnica;Banskobystrický samosprávny kraj;;;;e-VUC;Novy
66-50592327-A0002;66-50592327-A0002;;Ambulancia zubného lekárstva, Banská Štiavnica;HEALTHY SMILE, s.r.o.;Zubné lekárstvo, Dentoalveolárna chirurgia;Dolná 848/10;Banská Štiavnica;96901;Okres Banská Štiavnica;Banskobystrický samosprávny kraj;;;;e-VUC;Novy
66-36650498-A0003;66-36650498-A0003;;Ambulancia dentálnej hygieny, Banská Štiavnica;BETHYS, s.r.o.;Dentálna hygiena;Bratská 1491/17;Banská Štiavnica;96901;Okres Banská Štiavnica;Banskobystrický samosprávny kraj;;;;e-VUC;Novy
66-50592327-A0001;66-50592327-A0001;;Ambulancia zubného lekárstva, Banská Štiavnica;HEALTHY SMILE, s.r.o.;Zubné lekárstvo, Dentoalveolárna chirurgia;Dolná 848/10;Banská Štiavnica;96901;Okres Banská Štiavnica;Banskobystrický samosprávny kraj;;;;e-VUC;Novy
66-31898335-A0001;66-31898335-A0001;;Ambulancia zubného lekárstva, Banská Štiavnica;MUDr. Dušan Hric;Zubné lekárstvo;Mládežnícka 760/6;Banská Štiavnica;96901;Okres Banská Štiavnica;Banskobystrický samosprávny kraj;;;;e-VUC;Novy
66-42309760-A0001;66-42309760-A0001;;Ambulancia zubného lekárstva, Banská Štiavnica;MDDr. Lucia Kminiaková;Zubné lekárstvo;Energetikov 1492/1;Banská Štiavnica;96901;Okres Banská Štiavnica;Banskobystrický samosprávny kraj;;;;e-VUC;Novy
66-48059099-A0001;66-48059099-A0001;;Ambulancia dentálnej hygieny, Banská Štiavnica;Eva Schromová;Dentálna hygiena;Križovatka 908/1;Banská Štiavnica;96901;Okres Banská Štiavnica;Banskobystrický samosprávny kraj;;;;e-VUC;Novy
66-36650498-A0001;66-36650498-A0001;;Ambulancia zubného lekárstva, Banská Štiavnica;BETHYS, s.r.o.;Zubné lekárstvo, Dentoalveolárna chirurgia;Bratská 1491/17;Banská Štiavnica;96901;Okres Banská Štiavnica;Banskobystrický samosprávny kraj;;;;e-VUC;Novy
66-52820483-A0003;66-52820483-A0003;;Ambulancia zubného lekárstva, Brezno;DENTISTA, s.r.o.;Zubné lekárstvo, Dentoalveolárna chirurgia;, zástup v čase;;;Okres Brezno;Banskobystrický samosprávny kraj;;;;e-VUC;Novy
66-56646780-A0002;66-56646780-A0002;;Ambulancia zubného lekárstva, Michalová;Zubné Štúdio s.r.o.;Zubné lekárstvo;Trosky 218/1;Michalová;97657;Okres Brezno;Banskobystrický samosprávny kraj;;;;e-VUC;Novy
66-57267677-A0001;66-57267677-A0001;;Ambulancia zubného lekárstva, Podbrezová;AK-Clinic s. r. o.;Zubné lekárstvo;Sládkovičova 80/16;Podbrezová;97681;Okres Brezno;Banskobystrický samosprávny kraj;;;;e-VUC;Novy
66-36627089-A0005;66-36627089-A0005;;Ambulancia zubného lekárstva, Diana Sofilkanych, Predajná;29 Dent s. r. o.;Zubné lekárstvo;Kalvárska 211/3;Predajná;97663;Okres Brezno;Banskobystrický samosprávny kraj;;;;e-VUC;Novy
66-50596187-A0002;66-50596187-A0002;;Ambulancia zubného lekárstva, Nemecká;SIMIdent, s.r.o.;Zubné lekárstvo;Sládkovičova 81/7;Nemecká;97697;Okres Brezno;Banskobystrický samosprávny kraj;;;;e-VUC;Novy
66-56001509-A0001;66-56001509-A0001;;Ambulancia zubného lekárstva, Valaská;Bambu s. r. o.;Zubné lekárstvo;Štúrova 481/1;Valaská;97646;Okres Brezno;Banskobystrický samosprávny kraj;;;;e-VUC;Novy
66-54790930-A0001;66-54790930-A0001;;Ambulancia zubného lekárstva, Brezno;ZUB BR s.r.o.;Zubné lekárstvo;Hradby 76/2;Brezno;97701;Okres Brezno;Banskobystrický samosprávny kraj;;;;e-VUC;Novy
66-48243744-A0002;66-48243744-A0002;;Ambulancia dentálnej hygieny, Brezno;ONDIKOVÁ DENT s.r.o.;Dentálna hygiena;Banisko 273/1;Brezno;97701;Okres Brezno;Banskobystrický samosprávny kraj;;;;e-VUC;Novy
66-54195152-A0001;66-54195152-A0001;;Ambulancia zubného lekárstva, MDDr. Kristína Kováčiková, Čierny Balog;KK-Dental s. r. o.;Zubné lekárstvo;eRecept Závodie 5/5;Čierny Balog;97652;Okres Brezno;Banskobystrický samosprávny kraj;;;;e-VUC;Novy
66-51647877-A0001;66-51647877-A0001;;ADENT s.r.o., Brezno;Adent s.r.o.;Zubné lekárstvo;Nábrežie Dukelských hrdinov 852/6;Brezno;97701;Okres Brezno;Banskobystrický samosprávny kraj;;;;e-VUC;Novy
66-45295573-A0003;66-45295573-A0003;;Ambulancia zubného lekárstva, Brezno;DL smile, s.r.o.;Zubné lekárstvo;Štúrova 891/14;Brezno;97701;Okres Brezno;Banskobystrický samosprávny kraj;;;;e-VUC;Novy
66-45295573-A0004;66-45295573-A0004;;Ambulancia dentálnej hygieny, Brezno;DL smile, s.r.o.;Dentálna hygiena;Štúrova 891/14;Brezno;97701;Okres Brezno;Banskobystrický samosprávny kraj;;;;e-VUC;Novy
66-44341181-A0003;66-44341181-A0003;;Ambulancia zubného lekárstva, Brezno;Krošláková, s.r.o.;Zubné lekárstvo;Hronská 1752/2;Brezno;97701;Okres Brezno;Banskobystrický samosprávny kraj;;;;e-VUC;Novy
66-50596187-A0001;66-50596187-A0001;;Ambulancia zubného lekárstva, MDDr. Simona Varholáková, Nemecká;SIMIdent, s.r.o.;Zubné lekárstvo;Sládkovičova 81/7;Nemecká;97697;Okres Brezno;Banskobystrický samosprávny kraj;;;;e-VUC;Novy
66-47448164-A0002;66-47448164-A0002;;Ambulancia zubného lekárstva, MDDr. Miroslava Košíková, Michalová;PRODENTAL s.r.o.;Zubné lekárstvo;Trosky 218/1;Michalová;97657;Okres Brezno;Banskobystrický samosprávny kraj;;;;e-VUC;Novy
66-47448164-A0001;66-47448164-A0001;;Ambulancia zubného lekárstva, MDDr. Miroslava Simanová, Brezno;PRODENTAL s.r.o.;Zubné lekárstvo;Bolestivých pacientov ošetrí MUDr. Uhrík (048/;88) do;61113;Okres Brezno;Banskobystrický samosprávny kraj;;;;e-VUC;Novy
66-48243744-A0001;66-48243744-A0001;;Ambulancia zubného lekárstva, Brezno;ONDIKOVÁ DENT s.r.o.;Zubné lekárstvo;Banisko 273/1;Brezno;97701;Okres Brezno;Banskobystrický samosprávny kraj;;;;e-VUC;Novy
66-31898572-A0001;66-31898572-A0001;;Ambulancia zubného lekárstva, Brezno;MUDr. Štefan Čemsák;Zubné lekárstvo;Rázusova 938/14;Brezno;97701;Okres Brezno;Banskobystrický samosprávny kraj;;;;e-VUC;Novy
66-31898572-A0002;66-31898572-A0002;;Ambulancia zubného lekárstva, Brezno;MUDr. Štefan Čemsák;Zubné lekárstvo;Banisko 273/1;Brezno;97701;Okres Brezno;Banskobystrický samosprávny kraj;;;;e-VUC;Novy
66-54067600-A0001;66-54067600-A0001;;Ambulancia zubného lekárstva, Detva;D&R Trading s.r.o.;Zubné lekárstvo, Dentoalveolárna chirurgia;Záhradná 3323/26;Detva;96212;Okres Detva;Banskobystrický samosprávny kraj;;;;e-VUC;Novy
66-45613711-A0005;66-45613711-A0005;;Ambulancia dentálnej hygieny, Hriňová;MUDr. Krnáč Štefan s.r.o.;Dentálna hygiena;Jarmočná 1440/36;Hriňová;96205;Okres Detva;Banskobystrický samosprávny kraj;;;;e-VUC;Novy
66-35984082-A0002;66-35984082-A0002;;Ambulancia zubného lekárstva, Detva;MUDr. Daniel Kukliš;Zubné lekárstvo;Záhradná 3323/26;Detva;96212;Okres Detva;Banskobystrický samosprávny kraj;;;;e-VUC;Novy
66-36870501-A0001;66-36870501-A0001;;Ambulancia dentálnej hygieny, Korytárky;Mgr. Eva Hanesová;Dentálna hygiena;Korytárky 52;Korytárky;96204;Okres Detva;Banskobystrický samosprávny kraj;;;;e-VUC;Novy
66-50087223-A0003;66-50087223-A0003;;Ambulancia zubného lekárstva, MDDr. Monika Krnáčová, Detva;MiradoDent, s.r.o.;Zubné lekárstvo;Obrancov mieru 874/3;Detva;96212;Okres Detva;Banskobystrický samosprávny kraj;;;;e-VUC;Novy
66-47216034-A0002;66-47216034-A0002;;Ambulancia zubného lekárstva, Dr. Valeri Anghileanu, Detva;KUNA-dent, s.r.o.;Zubné lekárstvo, Dentoalveolárna chirurgia;eRecept J. G. Tajovského 1320/5;Detva;96212;Okres Detva;Banskobystrický samosprávny kraj;;;;e-VUC;Novy
66-51178036-A0001;66-51178036-A0001;;Ambulancia zubného lekárstva, Detva;VIKTORIDENT s. r. o.;Zubné lekárstvo;J. G. Tajovského 1320/5;Detva;96212;Okres Detva;Banskobystrický samosprávny kraj;;;;e-VUC;Novy
66-51178036-A0002;66-51178036-A0002;;Ambulancia zubného lekárstva, Detva;VIKTORIDENT s. r. o.;Zubné lekárstvo;J. G. Tajovského 1320/5;Detva;96212;Okres Detva;Banskobystrický samosprávny kraj;;;;e-VUC;Novy
66-52525368-A0001;66-52525368-A0001;;Ambulancia dentálnej hygieny, Hriňová;Mgr. Erika Machovičová;Dentálna hygiena;Jarmočná 1440;Hriňová;96205;Okres Detva;Banskobystrický samosprávny kraj;;;;e-VUC;Novy
66-36640719-A0001;66-36640719-A0001;;Ambulancia zubného lekárstva, Detva;STOMATODENT s. r. o.;Zubné lekárstvo;Obrancov mieru 3189/15B;Detva;96212;Okres Detva;Banskobystrický samosprávny kraj;;;;e-VUC;Novy
66-00627879-A0001;66-00627879-A0001;;Ambulancia zubného lekárstva, Kriváň;MUDr. Ladislav Majer;Zubné lekárstvo;Kriváň 381;Kriváň;96204;Okres Detva;Banskobystrický samosprávny kraj;;;;e-VUC;Novy
66-35676591-A0001;66-35676591-A0001;;Ambulancia zubného lekárstva, Detva;MUDr. Erika Hegedušová;Zubné lekárstvo;Obrancov mieru 874/3;Detva;96212;Okres Detva;Banskobystrický samosprávny kraj;;;;e-VUC;Novy
66-31924883-A0001;66-31924883-A0001;;Ambulancia zubného lekárstva, Detva;MUDr. Dušan Lehotský;Zubné lekárstvo;Obrancov mieru 874/3;Detva;96212;Okres Detva;Banskobystrický samosprávny kraj;;;;e-VUC;Novy
66-35984082-A0001;66-35984082-A0001;;Ambulancia zubného lekárstva, Detva;MUDr. Daniel Kukliš;Zubné lekárstvo;Záhradná 3323/26;Detva;96212;Okres Detva;Banskobystrický samosprávny kraj;;;;e-VUC;Novy
66-35662379-A0001;66-35662379-A0001;;Ambulancia zubného lekárstva, Vígľaš;MUDr. Alena Holčíková;Zubné lekárstvo;od 24.08.2026 do 31.08.2026;;;Okres Detva;Banskobystrický samosprávny kraj;;;;e-VUC;Novy
66-36657395-A0001;66-36657395-A0001;;Ambulancia zubného lekárstva, Hriňová;Dr. PETERS s. r. o.;Zubné lekárstvo;Jarmočná 1476/39;Hriňová;96205;Okres Detva;Banskobystrický samosprávny kraj;;;;e-VUC;Novy
66-51845288-A0007;66-51845288-A0007;;Ambulancia zubného lekárstva, Krupina;Milvus Dent s.r.o.;Zubné lekárstvo, Dentoalveolárna chirurgia;29. augusta 611/6;Krupina;96301;Okres Krupina;Banskobystrický samosprávny kraj;;;;e-VUC;Novy
66-51845288-A0006;66-51845288-A0006;;Ambulancia zubného lekárstva, Krupina;Milvus Dent s.r.o.;Zubné lekárstvo, Dentoalveolárna chirurgia;29. augusta 611/6;Krupina;96301;Okres Krupina;Banskobystrický samosprávny kraj;;;;e-VUC;Novy
66-51845288-A0005;66-51845288-A0005;;Ambulancia zubného lekárstva, Dudince;Milvus Dent s.r.o.;Zubné lekárstvo, Dentoalveolárna chirurgia;Kúpeľná 106/3;Dudince;96271;Okres Krupina;Banskobystrický samosprávny kraj;;;;e-VUC;Novy
66-45324468-A0001;66-45324468-A0001;;Ambulancia zubného lekárstva, MUDr. Jozef Virec, Krupina;GP - DENT, s.r.o.;Zubné lekárstvo;29. augusta 617/12;Krupina;96301;Okres Krupina;Banskobystrický samosprávny kraj;;;;e-VUC;Novy
51-36680133-A0005;51-36680133-A0005;;Ambulancia zubného lekárstva, Dudince;MUDr. Doboš s.r.o.;Zubné lekárstvo;Kúpeľná 106/3;Dudince;96271;Okres Krupina;Banskobystrický samosprávny kraj;;;;e-VUC;Novy
51-36680133-A0003;51-36680133-A0003;;Ambulancia zubného lekárstva, Hontianske Moravce;MUDr. Doboš s.r.o.;Zubné lekárstvo;OZS Kostolná, Kostolná 24/5;Hontianske Moravce;96271;Okres Krupina;Banskobystrický samosprávny kraj;;;;e-VUC;Novy
51-36680133-A0004;51-36680133-A0004;;Ambulancia zubného lekárstva, Krupina;MUDr. Doboš s.r.o.;Zubné lekárstvo;Svätotrojičné nám. 8/8;Krupina;96301;Okres Krupina;Banskobystrický samosprávny kraj;;;;e-VUC;Novy
66-36647713-A0004;66-36647713-A0004;;Ambulancia zubného lekárstva, MUDr. Eva Kelemenová, Hontianske Nemce;STOMINNER s.r.o.;Zubné lekárstvo;Hontianske Nemce 167;Hontianske Nemce;96265;Okres Krupina;Banskobystrický samosprávny kraj;;;;e-VUC;Novy
66-31915329-A0001;66-31915329-A0001;;Ambulancia zubného lekárstva, Krupina;MUDr. Viera Celecová;Zubné lekárstvo;, 14.08.a 15.08.2026 ambulancia MUDr. Viera Celecová, MPH neordinuje z technických príčin. Zastupujúci MUDR. Ján Krnáč v čase od 7,30 do 11,30 hod.;;;Okres Krupina;Banskobystrický samosprávny kraj;;;;e-VUC;Novy
66-31927939-A0001;66-31927939-A0001;;Ambulancia zubného lekárstva, Krupina;MUDr. Ján Krnáč;Zubné lekárstvo;M. R. Štefánika 834/1;Krupina;96301;Okres Krupina;Banskobystrický samosprávny kraj;;;;e-VUC;Novy
66-57412634-A0001;66-57412634-A0001;;Ambulancia zubného lekárstva, MDDr.Lýdia Banašová, Divín;ZUBNÁ AMBULANCIA - Lýdia Banašová s. r. o.;Zubné lekárstvo;Jánskeho 658/6;Divín;98552;Okres Lučenec;Banskobystrický samosprávny kraj;;;;e-VUC;Novy
51-35875704-A0125;51-35875704-A0125;;Ambulancia zubného lekárstva, MUDr. Tibor Chebeň, Lučenec;PRO SANUS, a.s.;Zubné lekárstvo;Ulica Erenburgova 201/1;Lučenec;98401;Okres Lučenec;Banskobystrický samosprávny kraj;;;;e-VUC;Novy
66-53111401-A0004;66-53111401-A0004;;Ambulancia zubného lekárstva, Lučenec;EMELI s.r.o.;Zubné lekárstvo;Štvrť M. R. Štefánika 406/11;Lučenec;98401;Okres Lučenec;Banskobystrický samosprávny kraj;;;;e-VUC;Novy
66-53111401-A0005;66-53111401-A0005;;Ambulancia zubného lekárstva, Lučenec;EMELI s.r.o.;Zubné lekárstvo;Štvrť M. R. Štefánika 406/11;Lučenec;98401;Okres Lučenec;Banskobystrický samosprávny kraj;;;;e-VUC;Novy
66-53111401-A0002;66-53111401-A0002;;Ambulancia zubného lekárstva, Fiľakovo;EMELI s.r.o.;Zubné lekárstvo;Baštová 565/5;Fiľakovo;98601;Okres Lučenec;Banskobystrický samosprávny kraj;;;;e-VUC;Novy
66-55620493-A0001;66-55620493-A0001;;Ambulancia zubného lekárstva, Lučenec;ZDRAVÝ SMILE s.r.o.;Zubné lekárstvo;od 07.08.2026 do 14.08.2026;;;Okres Lučenec;Banskobystrický samosprávny kraj;;;;e-VUC;Novy
66-48017108-A0002;66-48017108-A0002;;Ambulancia zubného lekárstva, Lučenec;STRAUSS DENT s.r.o.;Zubné lekárstvo, Dentoalveolárna chirurgia;Ulica T. G. Masaryka 338/28;Lučenec;98401;Okres Lučenec;Banskobystrický samosprávny kraj;;;;e-VUC;Novy
66-53111401-A0001;66-53111401-A0001;;Ambulancia zubného lekárstva, Fiľakovo;EMELI s.r.o.;Zubné lekárstvo;Baštová 565/5;Fiľakovo;98601;Okres Lučenec;Banskobystrický samosprávny kraj;;;;e-VUC;Novy
66-53042751-A0001;66-53042751-A0001;;Ambulancia zubného lekárstva, Lučenec;ZUBATE, s.r.o.;Zubné lekárstvo;, akútne prípady ošetrí dňa14.8.2026 do 10 tej.hodiny MUDr.Anna Balažovjechová, Duk.hrdinov, Lučenec;;;Okres Lučenec;Banskobystrický samosprávny kraj;;;;e-VUC;Novy
66-52733394-A0001;66-52733394-A0001;;Ambulancia zubného lekárstva, Lučenec;KEHER Dent s.r.o.;Zubné lekárstvo, Dentoalveolárna chirurgia;Továrenská 602;Lučenec;98401;Okres Lučenec;Banskobystrický samosprávny kraj;;;;e-VUC;Novy
66-52220648-A0001;66-52220648-A0001;;KÖNIG - DENT s.r.o., Lučenec;KÖNIG - DENT s.r.o.;Zubné lekárstvo;Ulica Hany Ponickej 6325/19;Lučenec;98401;Okres Lučenec;Banskobystrický samosprávny kraj;;;;e-VUC;Novy
66-51913232-A0001;66-51913232-A0001;;Ambulancia zubného lekárstva, MUDr. Ida Urbančoková, Lučenec;IDENT s.r.o.;Zubné lekárstvo;Ulica partizánska 276/17;Lučenec;98401;Okres Lučenec;Banskobystrický samosprávny kraj;;;;e-VUC;Novy
66-51819139-A0001;66-51819139-A0001;;Ambulancia zubného lekárstva, Lučenec;STRIDENT - K s.r.o.;Zubné lekárstvo;Továrenská 602;Lučenec;98401;Okres Lučenec;Banskobystrický samosprávny kraj;;;;e-VUC;Novy
66-46122940-A0004;66-46122940-A0004;;Ambulancia zubného lekárstva, Fiľakovo;DEV-dent, s.r.o.;Zubné lekárstvo;Obrancov mieru 1097/26;Fiľakovo;98601;Okres Lučenec;Banskobystrický samosprávny kraj;;;;e-VUC;Novy
66-48076147-A0001;66-48076147-A0001;;Divín Dent, Divín;ZUB Divín s.r.o.;Zubné lekárstvo;Jánskeho 658/6;Divín;98552;Okres Lučenec;Banskobystrický samosprávny kraj;;;;e-VUC;Novy
66-50176919-A0001;66-50176919-A0001;;Ambulancia zubného lekárstva, Lučenec;MEDI Help Plus, s.r.o.;Zubné lekárstvo;Ulica Martina Rázusa 1719/47;Lučenec;98401;Okres Lučenec;Banskobystrický samosprávny kraj;;;;e-VUC;Novy
66-46122940-A0003;66-46122940-A0003;;Ambulancia zubného lekárstva, Lučenec;DEV-dent, s.r.o.;Zubné lekárstvo;Ulica Dukelských hrdinov 2814/2;Lučenec;98401;Okres Lučenec;Banskobystrický samosprávny kraj;;;;e-VUC;Novy
66-44534744-A0001;66-44534744-A0001;;Ambulancia zubného lekárstva, Lučenec;ZA - MUDr. Marica Doleželová, s.r.o.;Zubné lekárstvo, Detské zubné lekárstvo;, zástup v čase neprítomnosti 10.8. - 21.08. je len pre pacientov s akútnou bolesťou v čase 8.00 do 10.00 p.Dr.Lidinská 10.8. - 14.8.2026 p.Dr. Chebeň 17.8.- 21.8.2026;;;Okres Lučenec;Banskobystrický samosprávny kraj;;;;e-VUC;Novy
66-45944831-A0001;66-45944831-A0001;;Ambulancia zubného lekárstva, Lučenec;PANDENT s.r.o.;Zubné lekárstvo, Dentoalveolárna chirurgia;Ulica Martina Rázusa 142/26;Lučenec;98401;Okres Lučenec;Banskobystrický samosprávny kraj;;;;e-VUC;Novy
66-51121905-A0001;66-51121905-A0001;;Ambulancia zubného lekárstva, Ion Castravet, Poltár;CASTRAVET DENT, s.r.o.;Zubné lekárstvo;Sklárska 766/86;Poltár;98701;Okres Poltár;Banskobystrický samosprávny kraj;;;;e-VUC;Novy
66-36706337-A0001;66-36706337-A0001;;Ambulancia zubného lekárstva, Kokava nad Rimavicou;TKdent s.r.o.;Zubné lekárstvo, čeľustná ortopédia;Kukučínova 404/45;Kokava nad Rimavicou;98505;Okres Poltár;Banskobystrický samosprávny kraj;;;;e-VUC;Novy
66-48017108-A0001;66-48017108-A0001;;Ambulancia zubného lekárstva, Cinobaňa;STRAUSS DENT s.r.o.;Zubné lekárstvo, Dentoalveolárna chirurgia;Banská ulica 102/78;Cinobaňa;98522;Okres Poltár;Banskobystrický samosprávny kraj;;;;e-VUC;Novy
66-47216034-A0001;66-47216034-A0001;;Ambulancia zubného lekárstva, MDDr. Valeriu Anghileanu, Kokava nad Rimavicou;KUNA-dent, s.r.o.;Zubné lekárstvo;eRecept Kukučínova 404/45;Kokava nad Rimavicou;98505;Okres Poltár;Banskobystrický samosprávny kraj;;;;e-VUC;Novy
66-43996400-A0002;66-43996400-A0002;;Ambulancia zubného lekárstva, Kalinovo;HERMED, s.r.o.;Zubné lekárstvo;SNP 1029/83;Kalinovo;98501;Okres Poltár;Banskobystrický samosprávny kraj;;;;e-VUC;Novy
66-46536353-A0001;66-46536353-A0001;;Ambulancia zubného lekárstva, Poltár;FK DENT, s.r.o.;Zubné lekárstvo;Sklárska 580/33;Poltár;98701;Okres Poltár;Banskobystrický samosprávny kraj;;;;e-VUC;Novy
66-56878052-A0001;66-56878052-A0001;;Ambulancia zubného lekárstva, Revúca;Torna Dent s. r. o.;Zubné lekárstvo;Železničná 1390/21;Revúca;05001;Okres Revúca;Banskobystrický samosprávny kraj;;;;e-VUC;Novy
66-47244011-A0002;66-47244011-A0002;;Ambulancia dentálnej hygieny, Revúca;Royal Dental s. r. o.;Dentálna hygiena;Tomášikova 1697/63;Revúca;05001;Okres Revúca;Banskobystrický samosprávny kraj;;;;e-VUC;Novy
66-56646780-A0001;66-56646780-A0001;;Ambulancia zubného lekárstva, Muráň;Zubné Štúdio s.r.o.;Zubné lekárstvo;Muráň 388;Muráň;04901;Okres Revúca;Banskobystrický samosprávny kraj;;;;e-VUC;Novy
66-53255143-A0001;66-53255143-A0001;;Ambulancia zubného lekárstva, Tornaľa;pH-dent s. r. o.;Zubné lekárstvo;Sládkovičova 609/2;Tornaľa;98201;Okres Revúca;Banskobystrický samosprávny kraj;;;;e-VUC;Novy
66-50197517-A0005;66-50197517-A0005;;Vivident, Tornaľa;OZDent s.r.o.;Zubné lekárstvo;Tomašíkova 998/4;Tornaľa;98201;Okres Revúca;Banskobystrický samosprávny kraj;;;;e-VUC;Novy
66-51464632-A0001;66-51464632-A0001;;Ambulancia zubného lekárstva, MDDr. Lucia Ondreková, Revúca;JULIADENT, s.r.o.;Zubné lekárstvo, Dentoalveolárna chirurgia;Železničná 1390/21;Revúca;05001;Okres Revúca;Banskobystrický samosprávny kraj;;;;e-VUC;Novy
51-46946357-A0003;51-46946357-A0003;;Ambulancia dentálnej hygieny, Bc. Beáta Schützova, Revúca;Dammet s. r. o.;Dentálna hygiena;Železničná 1390/21;Revúca;05001;Okres Revúca;Banskobystrický samosprávny kraj;;;;e-VUC;Novy
66-36859907-A0001;66-36859907-A0001;;Ambulancia zubného lekárstva, Revúca;Zubná ambulancia MUDr. Vlasta Zajacová, s.r.o.;Zubné lekárstvo;Remeselnícka 313/7;Revúca;05001;Okres Revúca;Banskobystrický samosprávny kraj;;;;e-VUC;Novy
66-31981607-A0001;66-31981607-A0001;;Ambulancia zubného lekárstva, Jelšava;MUDr. Zdenka Jachová;Zubné lekárstvo;Tomášikova 688/2A;Jelšava;04916;Okres Revúca;Banskobystrický samosprávny kraj;;;;e-VUC;Novy
66-35512911-A0001;66-35512911-A0001;;Ambulancia zubného lekárstva, Lubeník;MUDr. Mária Kinzelová;Zubné lekárstvo;Lubeník 206;Lubeník;04918;Okres Revúca;Banskobystrický samosprávny kraj;;;;e-VUC;Novy
66-35655534-A0001;66-35655534-A0001;;Ambulancia zubného lekárstva, Tornaľa;MUDr. Lena Ondriková;Zubné lekárstvo;Škultétyho 486/1;Tornaľa;98201;Okres Revúca;Banskobystrický samosprávny kraj;;;;e-VUC;Novy
66-31932177-A0003;66-31932177-A0003;;Ambulancia zubného lekárstva, Ratková;MUDr. František Šesták;Zubné lekárstvo;Ratková 196;Ratková;98265;Okres Revúca;Banskobystrický samosprávny kraj;;;;e-VUC;Novy
66-31095241-A0001;66-31095241-A0001;;Ambulancia zubného lekárstva, Revúca;MUDr. Daniela Segeďová;Zubné lekárstvo;Železničná 1390/21;Revúca;05001;Okres Revúca;Banskobystrický samosprávny kraj;;;;e-VUC;Novy
66-35512601-A0001;66-35512601-A0001;;Ambulancia zubného lekárstva, Revúca;MUDr. Anna Ganajová;Zubné lekárstvo;Medicentrum, Železničná 1390/21;Revúca;05001;Okres Revúca;Banskobystrický samosprávny kraj;;;;e-VUC;Novy
66-35650648-A0003;66-35650648-A0003;;Ambulancia zubného lekárstva, Tornaľa;MUDr. Andrea Kissová;Zubné lekárstvo;Tomašíkova 997/6;Tornaľa;98201;Okres Revúca;Banskobystrický samosprávny kraj;;;;e-VUC;Novy
66-35512598-A0001;66-35512598-A0001;;Ambulancia zubného lekárstva,Muráň,(MUDr.Landová Alžbeta), Muráň;MUDr. Alžbeta Landová;Zubné lekárstvo;Muráň 388;Muráň;04901;Okres Revúca;Banskobystrický samosprávny kraj;;;;e-VUC;Novy
66-35653825-A0001;66-35653825-A0001;;Ambulancia zubného lekárstva, Tornaľa;MUDr. Alexandra Fecková;Zubné lekárstvo;Tomašíkova 998/4;Tornaľa;98201;Okres Revúca;Banskobystrický samosprávny kraj;;;;e-VUC;Novy
66-46193049-A0001;66-46193049-A0001;;Ambulancia zubného lekárstva, MUDr.Bocko Pavel, Tornaľa;MiMaRiJe s.r.o.;Zubné lekárstvo;Poštová 1034/3;Tornaľa;98201;Okres Revúca;Banskobystrický samosprávny kraj;;;;e-VUC;Novy
66-47244011-A0001;66-47244011-A0001;;Ambulancia zubného lekárstva, MDDr. Miroslava Koreň Krajňáková, Revúca;Royal Dental s. r. o.;Zubné lekárstvo;Tomášikova 1697/63;Revúca;05001;Okres Revúca;Banskobystrický samosprávny kraj;;;;e-VUC;Novy
66-52136701-A0004;66-52136701-A0004;;Ambulancia zubného lekárstva, Rimavská Sobota;SS-dent, s.r.o.;Zubné lekárstvo;Športová 2040/14;Rimavská Sobota;97901;Okres Rimavská Sobota;Banskobystrický samosprávny kraj;;;;e-VUC;Novy
66-56405201-A0001;66-56405201-A0001;;Ambulancia zubného lekárstva, Jesenské;JUMEDILL s.r.o.;Zubné lekárstvo;, dovolenka;;;Okres Rimavská Sobota;Banskobystrický samosprávny kraj;;;;e-VUC;Novy
66-56329423-A0001;66-56329423-A0001;;Ambulancia zubného lekárstva, Rimavská Sobota;KF Dent s. r. o.;Zubné lekárstvo, Dentoalveolárna chirurgia;Železničná 686/23;Rimavská Sobota;97901;Okres Rimavská Sobota;Banskobystrický samosprávny kraj;;;;e-VUC;Novy
66-52736130-A0005;66-52736130-A0005;;Ambulancia dentálnej hygieny, Rimavská Sobota;microDENT clinic, s.r.o.;Dentálna hygiena;I. Hatvaniho 581/2;Rimavská Sobota;97901;Okres Rimavská Sobota;Banskobystrický samosprávny kraj;;;;e-VUC;Novy
66-52736130-A0006;66-52736130-A0006;;Ambulancia zubného lekárstva, Rimavská Sobota;microDENT clinic, s.r.o.;Zubné lekárstvo, Dentoalveolárna chirurgia;I. Hatvaniho 581/2;Rimavská Sobota;97901;Okres Rimavská Sobota;Banskobystrický samosprávny kraj;;;;e-VUC;Novy
66-52736130-A0007;66-52736130-A0007;;Ambulancia zubného lekárstva, Rimavská Sobota;microDENT clinic, s.r.o.;Zubné lekárstvo, Dentoalveolárna chirurgia;I. Hatvaniho 581/2;Rimavská Sobota;97901;Okres Rimavská Sobota;Banskobystrický samosprávny kraj;;;;e-VUC;Novy
66-52736130-A0004;66-52736130-A0004;;Ambulancia dentálnej hygieny, Rimavská Sobota;microDENT clinic, s.r.o.;Dentálna hygiena;I. Hatvaniho 581/2;Rimavská Sobota;97901;Okres Rimavská Sobota;Banskobystrický samosprávny kraj;;;;e-VUC;Novy
66-52379493-A0001;66-52379493-A0001;;Ambulancia zubného lekárstva, Rimavská Sobota;ZUBÁR RS, s. r. o.;Zubné lekárstvo;Povstania 593/4;Rimavská Sobota;97901;Okres Rimavská Sobota;Banskobystrický samosprávny kraj;;;;e-VUC;Novy
66-52136701-A0002;66-52136701-A0002;;Ambulancia zubného lekárstva, Rimavská Sobota;SS-dent, s.r.o.;Zubné lekárstvo;Cukrovarská 131/23;Rimavská Sobota;97901;Okres Rimavská Sobota;Banskobystrický samosprávny kraj;;;;e-VUC;Novy
66-50197517-A0003;66-50197517-A0003;;Rs Clinic, Rimavská Sobota;OZDent s.r.o.;Zubné lekárstvo;Francisciho 629/3;Rimavská Sobota;97901;Okres Rimavská Sobota;Banskobystrický samosprávny kraj;;;;e-VUC;Novy
66-50197517-A0004;66-50197517-A0004;;RS Clinic, Rimavská Sobota;OZDent s.r.o.;Zubné lekárstvo;Francisciho 629/3;Rimavská Sobota;97901;Okres Rimavská Sobota;Banskobystrický samosprávny kraj;;;;e-VUC;Novy
66-50197517-A0002;66-50197517-A0002;;MedvesDent, Nová Bašta;OZDent s.r.o.;Zubné lekárstvo;Nová Bašta 80;Nová Bašta;98034;Okres Rimavská Sobota;Banskobystrický samosprávny kraj;;;;e-VUC;Novy
66-52736130-A0002;66-52736130-A0002;;Ambulancia zubného lekárstva, Rimavská Sobota;microDENT clinic, s.r.o.;Zubné lekárstvo, Dentoalveolárna chirurgia;I. Hatvaniho 581/2;Rimavská Sobota;97901;Okres Rimavská Sobota;Banskobystrický samosprávny kraj;;;;e-VUC;Novy
66-52736130-A0003;66-52736130-A0003;;Ambulancia zubného lekárstva, Rimavská Sobota;microDENT clinic, s.r.o.;Zubné lekárstvo, Dentoalveolárna chirurgia;I. Hatvaniho 581/2;Rimavská Sobota;97901;Okres Rimavská Sobota;Banskobystrický samosprávny kraj;;;;e-VUC;Novy
66-52736130-A0001;66-52736130-A0001;;Ambulancia zubného lekárstva, Rimavská Sobota;microDENT clinic, s.r.o.;Zubné lekárstvo, Dentoalveolárna chirurgia;I. Hatvaniho 581/2;Rimavská Sobota;97901;Okres Rimavská Sobota;Banskobystrický samosprávny kraj;;;;e-VUC;Novy
66-52556123-A0001;66-52556123-A0001;;Ambulancia zubného lekárstva, Rimavská Sobota;KOKADENT s.r.o.;Zubné lekárstvo;Dr. V. Clementisa 1857/13;Rimavská Sobota;97901;Okres Rimavská Sobota;Banskobystrický samosprávny kraj;;;;e-VUC;Novy
51-33543992-A0002;51-33543992-A0002;;Ambulancia zubného lekárstva, Rimavská Sobota;MUDr. Viliam Schmiedt;Zubné lekárstvo;Povstania 593/4;Rimavská Sobota;97901;Okres Rimavská Sobota;Banskobystrický samosprávny kraj;;;;e-VUC;Novy
66-52136701-A0001;66-52136701-A0001;;Ambulancia zubného lekárstva, MDDr. Soňa Kocúrová, Klenovec;SS-dent, s.r.o.;Zubné lekárstvo;SNP 128/7;Klenovec;98055;Okres Rimavská Sobota;Banskobystrický samosprávny kraj;;;;e-VUC;Novy
66-51988500-A0001;66-51988500-A0001;;Ambulancia zubného lekárstva, MUDr. Andrea Tyborová, Rimavská Sobota;AjaDent, s.r.o.;Zubné lekárstvo;Cukrovarská 131/23;Rimavská Sobota;97901;Okres Rimavská Sobota;Banskobystrický samosprávny kraj;;;;e-VUC;Novy
66-50275453-A0002;66-50275453-A0002;;Ambulancia zubného lekárstva, Rimavská Sobota;MDDr. Michal Juršík;Zubné lekárstvo, Dentoalveolárna chirurgia, Implantológia;Cukrovarská 131/23;Rimavská Sobota;97901;Okres Rimavská Sobota;Banskobystrický samosprávny kraj;;;;e-VUC;Novy
66-50467573-A0002;66-50467573-A0002;;Ambulancia zubného lekárstva, Rimavská Sobota;STOMCENTRUM, s.r.o.;Zubné lekárstvo, Dentoalveolárna chirurgia;, akútne stavy ošetrení MDDr. Megelová, Športová 14, Rim. Sobota;;;Okres Rimavská Sobota;Banskobystrický samosprávny kraj;;;;e-VUC;Novy
66-50467573-A0001;66-50467573-A0001;;Ambulancia zubného lekárstva, Rimavská Sobota;STOMCENTRUM, s.r.o.;Zubné lekárstvo;Sedliacka 1168/26;Rimavská Sobota;97901;Okres Rimavská Sobota;Banskobystrický samosprávny kraj;;;;e-VUC;Novy
66-50213571-A0001;66-50213571-A0001;;MUDr. Eva Brunovská, Jesenské;DOMADENT s.r.o.;Zubné lekárstvo;, Zástup v čase od 8.00 do 12.00 hod.;;;Okres Rimavská Sobota;Banskobystrický samosprávny kraj;;;;e-VUC;Novy
66-47473614-A0001;66-47473614-A0001;;Ambulancia zubného lekárstva, Tisovec;SURMED, s.r.o.;Zubné lekárstvo;Francisciho 818/37;Tisovec;98061;Okres Rimavská Sobota;Banskobystrický samosprávny kraj;;;;e-VUC;Novy
66-50197517-A0001;66-50197517-A0001;;OZDENT - Ožďany, Ožďany;OZDent s.r.o.;Zubné lekárstvo;Ožďany 66;Ožďany;98011;Okres Rimavská Sobota;Banskobystrický samosprávny kraj;;;;e-VUC;Novy
66-48215473-A0001;66-48215473-A0001;;Ambulancia zubného lekárstva, Hajnáčka;DENTA CENTRUM, s.r.o.;Zubné lekárstvo;Hajnáčka 461;Hajnáčka;98033;Okres Rimavská Sobota;Banskobystrický samosprávny kraj;;;;e-VUC;Novy
66-48215473-A0002;66-48215473-A0002;;Ambulancia zubného lekárstva, MDDr. Daniela Megelová, Rimavská Sobota;DENTA CENTRUM, s.r.o.;Zubné lekárstvo;Športová 2040/14;Rimavská Sobota;97901;Okres Rimavská Sobota;Banskobystrický samosprávny kraj;;;;e-VUC;Novy
66-44413971-A0002;66-44413971-A0002;;Ambulancia zubného lekárstva, Rimavská Sobota;ZUBNÉ CENTRUM, s.r.o.;Zubné lekárstvo, Dentoalveolárna chirurgia, Choroby slizníc ústnej dutiny a paradontu;Gorkého 309/9;Rimavská Sobota;97901;Okres Rimavská Sobota;Banskobystrický samosprávny kraj;;;;e-VUC;Novy
66-44413971-A0001;66-44413971-A0001;;Ambulancia zubného lekárstva, Rimavská Sobota;ZUBNÉ CENTRUM, s.r.o.;Zubné lekárstvo, Dentoalveolárna chirurgia, Choroby slizníc ústnej dutiny a paradontu;, Pri bolesti volajte 0940 867 707;;;Okres Rimavská Sobota;Banskobystrický samosprávny kraj;;;;e-VUC;Novy
66-36706337-A0002;66-36706337-A0002;;Ambulancia zubného lekárstva, Rimavská Sobota;TKdent s.r.o.;Zubné lekárstvo, čeľustná ortopédia;Gorkého 4849/8b;Rimavská Sobota;97901;Okres Rimavská Sobota;Banskobystrický samosprávny kraj;;;;e-VUC;Novy
66-51845288-A0004;66-51845288-A0004;;Zubná ambulancia, Veľký Krtíš;Milvus Dent s.r.o.;Zubné lekárstvo;Nemocničná 756/1;Veľký Krtíš;99001;Okres Veľký Krtíš;Banskobystrický samosprávny kraj;;;;e-VUC;Novy
66-51845288-A0003;66-51845288-A0003;;Ambulancia zubného lekárstva, Natalija Tomyšynec, Balog nad Ipľom;Milvus Dent s.r.o.;Zubné lekárstvo, Dentoalveolárna chirurgia;Hlavná 75/48;Balog nad Ipľom;99111;Okres Veľký Krtíš;Banskobystrický samosprávny kraj;;;;e-VUC;Novy
66-51845288-A0002;66-51845288-A0002;;Ambulancia zubného lekárstva, Mykhailo Kotsan, Veľký Krtíš;Milvus Dent s.r.o.;Zubné lekárstvo, Dentoalveolárna chirurgia;Nemocničná 756/1;Veľký Krtíš;99001;Okres Veľký Krtíš;Banskobystrický samosprávny kraj;;;;e-VUC;Novy
66-53441702-A0001;66-53441702-A0001;;Ambulancia zubného lekárstva, Vinica;MJ - DENT s.r.o.;Zubné lekárstvo;Nekyjská 1730;Vinica;99128;Okres Veľký Krtíš;Banskobystrický samosprávny kraj;;;;e-VUC;Novy
66-53026101-A0001;66-53026101-A0001;;Ambulancia zubného lekárstva, Veľký Krtíš;AADent s.r.o.;Zubné lekárstvo;Nemocničná 756/1;Veľký Krtíš;99001;Okres Veľký Krtíš;Banskobystrický samosprávny kraj;;;;e-VUC;Novy
66-45612706-A0002;66-45612706-A0002;;Ambulancia zubného lekárstva, Veľký Krtíš;SchwarzDent, s.r.o.;Zubné lekárstvo;Nemocničná 756/1;Veľký Krtíš;99001;Okres Veľký Krtíš;Banskobystrický samosprávny kraj;;;;e-VUC;Novy
66-45612706-A0003;66-45612706-A0003;;Ambulancia zubného lekárstva, Veľký Krtíš;SchwarzDent, s.r.o.;Zubné lekárstvo;Nemocničná 756/1;Veľký Krtíš;99001;Okres Veľký Krtíš;Banskobystrický samosprávny kraj;;;;e-VUC;Novy
66-51845288-A0001;66-51845288-A0001;;Ambulancia zubného lekárstva, Natalija Tomyšynec, Balog nad Ipľom;Milvus Dent s.r.o.;Zubné lekárstvo, Dentoalveolárna chirurgia;Hlavná 75/48;Balog nad Ipľom;99111;Okres Veľký Krtíš;Banskobystrický samosprávny kraj;;;;e-VUC;Novy
66-45612706-A0001;66-45612706-A0001;;SchwarzDent, s.r.o., Veľký Krtíš;SchwarzDent, s.r.o.;Zubné lekárstvo, Dentoalveolárna chirurgia;Nemocničná 756/1;Veľký Krtíš;99001;Okres Veľký Krtíš;Banskobystrický samosprávny kraj;;;;e-VUC;Novy
66-31932657-A0001;66-31932657-A0001;;Ambulancia zubného lekárstva, Veľký Krtíš;MUDr. Soňa Alexyová;Zubné lekárstvo;Nemocničná 756/1;Veľký Krtíš;99001;Okres Veľký Krtíš;Banskobystrický samosprávny kraj;;;;e-VUC;Novy
66-31934935-A0001;66-31934935-A0001;;Ambulancia zubného lekárstva, Veľký Krtíš;MUDr. Karol Tenk;Zubné lekárstvo;Nemocničná 756/1;Veľký Krtíš;99001;Okres Veľký Krtíš;Banskobystrický samosprávny kraj;;;;e-VUC;Novy
66-31935231-A0001;66-31935231-A0001;;Ambulancia zubného lekárstva, Veľká Čalomija;MUDr. Ján Jakab;Zubné lekárstvo;Veľká Čalomija 223;Veľká Čalomija;99109;Okres Veľký Krtíš;Banskobystrický samosprávny kraj;;;;e-VUC;Novy
66-36686239-A0002;66-36686239-A0002;;Ambulancia zubného lekárstva, Veľký Krtíš;MUDr. Igor Venglovský, s. r. o.;Zubné lekárstvo;eRecept Nemocničná 756/1;Veľký Krtíš;99001;Okres Veľký Krtíš;Banskobystrický samosprávny kraj;;;;e-VUC;Novy
66-31903606-A0001;66-31903606-A0001;;Ambulancia zubného lekárstva, Veľký Krtíš;MUDr. Elena Terenová;Zubné lekárstvo;Nemocničná 756/1;Veľký Krtíš;99001;Okres Veľký Krtíš;Banskobystrický samosprávny kraj;;;;e-VUC;Novy
66-31903576-A0001;66-31903576-A0001;;Ambulancia zubného lekárstva, Veľký Krtíš;MUDr. Anna Kupčiová;Zubné lekárstvo;Nemocničná 756/1;Veľký Krtíš;99001;Okres Veľký Krtíš;Banskobystrický samosprávny kraj;;;;e-VUC;Novy
66-46817611-A0001;66-46817611-A0001;;Ambulancia zubného lekárstva, Veľký Krtíš;MB medi, s.r.o.;Zubné lekárstvo;Červenej Armády 911/33;Veľký Krtíš;99001;Okres Veľký Krtíš;Banskobystrický samosprávny kraj;;;;e-VUC;Novy
66-47552832-A0002;66-47552832-A0002;;Ambulancia zubného lekárstva, MUDr. Marian Beňuš, Veľký Krtíš;M.M.B. dent, s.r.o.;Zubné lekárstvo;Nemocničná 756/1;Veľký Krtíš;99001;Okres Veľký Krtíš;Banskobystrický samosprávny kraj;;;;e-VUC;Novy
66-47552832-A0001;66-47552832-A0001;;Ambulancia zubného lekárstva, Dolná Strehová;M.M.B. dent, s.r.o.;Zubné lekárstvo;ulica Hlavná 52/75;Dolná Strehová;99102;Okres Veľký Krtíš;Banskobystrický samosprávny kraj;;;;e-VUC;Novy
66-57182582-A0001;66-57182582-A0001;;Ambulancia dentálnej hygieny, Nová Baňa;Renáta Lukačovičová;Dentálna hygiena;Námestie slobody 1834/9;Nová Baňa;96801;Okres Žarnovica;Banskobystrický samosprávny kraj;;;;e-VUC;Novy
66-54514576-A0001;66-54514576-A0001;;Ambulancia zubného lekárstva, Žarnovica;Žarnovica Dent s.r.o.;Zubné lekárstvo;Bystrická ulica 481/52;Žarnovica;96681;Okres Žarnovica;Banskobystrický samosprávny kraj;;;;e-VUC;Novy
66-36642436-A0001;66-36642436-A0001;;Ambulancia zubného lekárstva, Nová Baňa;SALVUSDENT, s. r. o.;Zubné lekárstvo;Štúrova 820/37;Nová Baňa;96801;Okres Žarnovica;Banskobystrický samosprávny kraj;;;;e-VUC;Novy
66-36715328-A0010;66-36715328-A0010;;Ambulancia zubného lekárstva, MDDr. Štefan Špirk, Nová Baňa;S-NOBADENT s.r.o.;Zubné lekárstvo, Dentoalveolárna chirurgia;Námestie slobody 1834/9;Nová Baňa;96801;Okres Žarnovica;Banskobystrický samosprávny kraj;;;;e-VUC;Novy
66-31903878-A0001;66-31903878-A0001;;Ambulancia zubného lekárstva, Žarnovica;MUDr. Vlasta Šmondrková;Zubné lekárstvo;Bystrická 256;Žarnovica;96681;Okres Žarnovica;Banskobystrický samosprávny kraj;;;;e-VUC;Novy
66-00628875-A0001;66-00628875-A0001;;Ambulancia zubného lekárstva, Nová Baňa;MUDr. Peter Trajteľ;Zubné lekárstvo;Krátka 308/3;Nová Baňa;96801;Okres Žarnovica;Banskobystrický samosprávny kraj;;;;e-VUC;Novy
66-35645962-A0001;66-35645962-A0001;;Ambulancia zubného lekárstva, Hodruša-Hámre;MUDr. Oľga Brodzianska;Zubné lekárstvo;Hodruša-Hámre 300;Hodruša-Hámre;96661;Okres Žarnovica;Banskobystrický samosprávny kraj;;;;e-VUC;Novy
66-37996797-A0001;66-37996797-A0001;;Ambulancia zubného lekárstva, Hronský Beňadik;MUDr. Miloš Hrnčiar;Zubné lekárstvo;Ulička 3/5;Hronský Beňadik;96653;Okres Žarnovica;Banskobystrický samosprávny kraj;;;;e-VUC;Novy
66-31903886-A0001;66-31903886-A0001;;Ambulancia zubného lekárstva, Žarnovica;MUDr. Jaroslav Šmondrk;Zubné lekárstvo;Bystrická 481/52;Žarnovica;96681;Okres Žarnovica;Banskobystrický samosprávny kraj;;;;e-VUC;Novy
66-35659530-A0001;66-35659530-A0001;;Ambulancia zubného lekárstva, Žarnovica;MUDr. Jana Prutkayová;Zubné lekárstvo;Bystrická 481/52;Žarnovica;96681;Okres Žarnovica;Banskobystrický samosprávny kraj;;;;e-VUC;Novy
66-36648299-A0002;66-36648299-A0002;;Ambulancia zubného lekárstva a čeľustnej ortopédie, MUDr. Jolana Holá, Nová Baňa;H - DENT, s. r. o.;čeľustná ortopédia;Robotnícka 918/1;Nová Baňa;96801;Okres Žarnovica;Banskobystrický samosprávny kraj;;;;e-VUC;Novy
66-36648299-A0001;66-36648299-A0001;;Ambulancia zubného lekárstva, Nová Baňa;H - DENT, s. r. o.;Zubné lekárstvo;Robotnícka 918/1, Nová Baňa;;;Okres Žarnovica;Banskobystrický samosprávny kraj;;;;e-VUC;Novy
66-43796800-A0001;66-43796800-A0001;;Ambulancia zubného lekárstva, Nová Baňa;ALKOPdent s.r.o.;Zubné lekárstvo;Kollárova 312/9;Nová Baňa;96801;Okres Žarnovica;Banskobystrický samosprávny kraj;;;;e-VUC;Novy
66-56987251-A0001;66-56987251-A0001;;Ambulancia zubného lekárstva, Žiar nad Hronom;PrimaDental s. r. o.;Zubné lekárstvo;Sládkovičova 2703/13;Žiar nad Hronom;96501;Okres Žiar nad Hronom;Banskobystrický samosprávny kraj;;;;e-VUC;Novy
66-56641478-A0001;66-56641478-A0001;;Ambulancia zubného lekárstva, Žiar nad Hronom;Žiar Dent s.r.o.;Zubné lekárstvo;Š. Moysesa 424/63;Žiar nad Hronom;96501;Okres Žiar nad Hronom;Banskobystrický samosprávny kraj;;;;e-VUC;Novy
66-55660738-A0002;66-55660738-A0002;;Ambulancia zubného lekárstva, Žiar nad Hronom;VKarvaš s.r.o.;Zubné lekárstvo, Dentoalveolárna chirurgia, Implantológia;Sládkovičova 2703/13;Žiar nad Hronom;96501;Okres Žiar nad Hronom;Banskobystrický samosprávny kraj;;;;e-VUC;Novy
66-55660738-A0003;66-55660738-A0003;;Ambulancia zubného lekárstva, Žiar nad Hronom;VKarvaš s.r.o.;Zubné lekárstvo, Dentoalveolárna chirurgia, Implantológia;Sládkovičova 2703/13;Žiar nad Hronom;96501;Okres Žiar nad Hronom;Banskobystrický samosprávny kraj;;;;e-VUC;Novy
66-55660738-A0001;66-55660738-A0001;;Ambulancia zubného lekárstva, Žiar nad Hronom;VKarvaš s.r.o.;Zubné lekárstvo, Dentoalveolárna chirurgia, Implantológia;eRecept Sládkovičova 2703/13;Žiar nad Hronom;96501;Okres Žiar nad Hronom;Banskobystrický samosprávny kraj;;;;e-VUC;Novy
66-54514576-A0002;66-54514576-A0002;;Ambulancia zubného lekárstva, Žiar nad Hronom;Žarnovica Dent s.r.o.;Zubné lekárstvo;Š. Moysesa 424/63;Žiar nad Hronom;96501;Okres Žiar nad Hronom;Banskobystrický samosprávny kraj;;;;e-VUC;Novy
66-50960920-A0003;66-50960920-A0003;;Ambulancia dentálnej hygieny, Žiar nad Hronom;3K Dent s. r. o.;Dentálna hygiena;Krížna 792/2;Žiar nad Hronom;96501;Okres Žiar nad Hronom;Banskobystrický samosprávny kraj;;;;e-VUC;Novy
66-50960920-A0001;66-50960920-A0001;;Ambulancia zubného lekárstva, Žiar nad Hronom;3K Dent s. r. o.;Zubné lekárstvo;Krížna 792/2;Žiar nad Hronom;96501;Okres Žiar nad Hronom;Banskobystrický samosprávny kraj;;;;e-VUC;Novy
66-50960920-A0002;66-50960920-A0002;;Ambulancia zubného lekárstva, MDDr. Ľuboš Kupec, Žiar nad Hronom;3K Dent s. r. o.;Zubné lekárstvo;Krížna 792/2;Žiar nad Hronom;96501;Okres Žiar nad Hronom;Banskobystrický samosprávny kraj;;;;e-VUC;Novy
66-54750628-A0001;66-54750628-A0001;;Ambulancia zubného lekárstva, Žiar nad Hronom;JAMI DENT s.r.o.;Zubné lekárstvo;Sládkovičova 2703/13;Žiar nad Hronom;96501;Okres Žiar nad Hronom;Banskobystrický samosprávny kraj;;;;e-VUC;Novy
66-53244800-A0001;66-53244800-A0001;;Ambulancia zubného lekárstva, MUDr. Anna Németová, Žiar nad Hronom;DENTANEM, s.r.o.;Zubné lekárstvo;od 21.08.2026 do 21.08.2026;;;Okres Žiar nad Hronom;Banskobystrický samosprávny kraj;;;;e-VUC;Novy
66-44008848-A0001;66-44008848-A0001;;Ambulancia dentálnej hygieny, Žiar nad Hronom;Bc. Silvia Urbanová;Dentálna hygiena;SNP 594/139;Žiar nad Hronom;96501;Okres Žiar nad Hronom;Banskobystrický samosprávny kraj;;;;e-VUC;Novy
66-52222004-A0001;66-52222004-A0001;;JL-Dent s.r.o, Žiar nad Hronom;JL-Dent s.r.o.;Zubné lekárstvo;Kukučínova 776/16;Žiar nad Hronom;96501;Okres Žiar nad Hronom;Banskobystrický samosprávny kraj;;;;e-VUC;Novy
66-50846655-A0001;66-50846655-A0001;;Ambulancia zubného lekárstva, Alona Nielsen, Hliník nad Hronom;HronDent s.r.o.;Zubné lekárstvo;Kamenárska 158/34;Hliník nad Hronom;96601;Okres Žiar nad Hronom;Banskobystrický samosprávny kraj;;;;e-VUC;Novy
66-31928030-A0002;66-31928030-A0002;;Ambulancia zubného lekárstva, Žiar nad Hronom;MUDr. Ingrid Kupcová;Zubné lekárstvo;Krížna 792/2;Žiar nad Hronom;96501;Okres Žiar nad Hronom;Banskobystrický samosprávny kraj;;;;e-VUC;Novy
66-50416529-A0001;66-50416529-A0001;;Ambulancia zubného lekárstva, Kremnica;MDDr. Peter Lukovský;Zubné lekárstvo;Dolná ulica 49/21;Kremnica;96701;Okres Žiar nad Hronom;Banskobystrický samosprávny kraj;;;;e-VUC;Novy
66-45479623-A0001;66-45479623-A0001;;Ambulancia zubného lekárstva, Lutila;VK STOM s.r.o.;Zubné lekárstvo;Štefánikova 29/24;Lutila;96622;Okres Žiar nad Hronom;Banskobystrický samosprávny kraj;;;;e-VUC;Novy
66-36052329-A0001;66-36052329-A0001;;Ambulancia zubného lekárstva, Zvolen;STEP-T s.r.o.;Zubné lekárstvo;Š. Moyzesa 9529/38A;Zvolen;96001;Okres Zvolen;Banskobystrický samosprávny kraj;;;;e-VUC;Novy
66-36052329-A0002;66-36052329-A0002;;Ambulancia zubného lekárstva, Zvolen;STEP-T s.r.o.;Zubné lekárstvo;Š. Moyzesa 9529/38A;Zvolen;96001;Okres Zvolen;Banskobystrický samosprávny kraj;;;;e-VUC;Novy
66-36052329-A0003;66-36052329-A0003;;Ambulancia zubného lekárstva, Zvolen;STEP-T s.r.o.;Zubné lekárstvo;Š. Moyzesa 9529/38A;Zvolen;96001;Okres Zvolen;Banskobystrický samosprávny kraj;;;;e-VUC;Novy
66-56466986-A0001;66-56466986-A0001;;Ambulancia zubného lekárstva, Zvolen;DentSM s. r. o.;Zubné lekárstvo;A. Sládkoviča 99/4;Zvolen;96001;Okres Zvolen;Banskobystrický samosprávny kraj;;;;e-VUC;Novy
66-57306940-A0001;66-57306940-A0001;;Ambulancia zubného lekárstva, Zvolen;IDENTITY s. r. o.;Zubné lekárstvo;Divadelná 2037;Zvolen;96001;Okres Zvolen;Banskobystrický samosprávny kraj;;;;e-VUC;Novy
66-57306940-A0002;66-57306940-A0002;;Ambulancia zubného lekárstva, Zvolen;IDENTITY s. r. o.;Zubné lekárstvo;Divadelná 2037;Zvolen;96001;Okres Zvolen;Banskobystrický samosprávny kraj;;;;e-VUC;Novy
66-56427859-A0001;66-56427859-A0001;;Ambulancia zubného lekárstva, Zvolen;Zvolen Dent s.r.o.;Zubné lekárstvo, Dentoalveolárna chirurgia, Implantológia;29.augusta 10404/5;Zvolen;96001;Okres Zvolen;Banskobystrický samosprávny kraj;;;;e-VUC;Novy
66-46274839-A0002;66-46274839-A0002;;Ambulancia zubného lekárstva, Zvolen;IeDent s.r.o.;Zubné lekárstvo;Ľudovíta Kubániho 10465/5;Zvolen;96001;Okres Zvolen;Banskobystrický samosprávny kraj;;;;e-VUC;Novy
66-48228150-A0003;66-48228150-A0003;;Ambulancia zubného lekárstva, MDDr. Peter Peroutka, Zvolen;ZUBNÉ AMBULANCIE LONGAUER, s.r.o.;Zubné lekárstvo, Dentoalveolárna chirurgia;Námestie SNP 75/26;Zvolen;96001;Okres Zvolen;Banskobystrický samosprávny kraj;;;;e-VUC;Novy
66-56674244-A0001;66-56674244-A0001;;Ambulancia zubného lekárstva, Zvolen;Ledentia s. r. o.;Zubné lekárstvo;P. O. Hviezdoslava 16;Zvolen;96001;Okres Zvolen;Banskobystrický samosprávny kraj;;;;e-VUC;Novy
66-47216034-A0003;66-47216034-A0003;;Angeli DENT, Zvolen;KUNA-dent, s.r.o.;Zubné lekárstvo, Dentoalveolárna chirurgia;T.G.Masaryka 9409/15A;Zvolen;96001;Okres Zvolen;Banskobystrický samosprávny kraj;;;;e-VUC;Novy
66-55926851-A0001;66-55926851-A0001;;Ambulancia zubného lekárstva, Zvolen;H-Dental s. r. o.;Zubné lekárstvo;Lučenecká cesta 2193/17;Zvolen;96001;Okres Zvolen;Banskobystrický samosprávny kraj;;;;e-VUC;Novy
66-47646284-A0002;66-47646284-A0002;;Ambulancia zubného lekárstva, Zvolen;MODENT s.r.o.;Zubné lekárstvo;Pribinova 10291/55;Zvolen;96001;Okres Zvolen;Banskobystrický samosprávny kraj;;;;e-VUC;Novy
66-36056430-A0005;66-36056430-A0005;;Ambulancia dentálnej hygieny, Zvolen;KASTALIA, s.r.o.;Dentálna hygiena;J. Kozačeka 9282;Zvolen;96001;Okres Zvolen;Banskobystrický samosprávny kraj;;;;e-VUC;Novy
66-48228150-A0002;66-48228150-A0002;;Ambulancia zubného lekárstva, MDDr. Roman Longauer, Zvolen;ZUBNÉ AMBULANCIE LONGAUER, s.r.o.;Zubné lekárstvo, Dentoalveolárna chirurgia;Námestie SNP 75/26;Zvolen;96001;Okres Zvolen;Banskobystrický samosprávny kraj;;;;e-VUC;Novy
66-36056430-A0004;66-36056430-A0004;;Ambulancia zubného lekárstva, Zvolen;KASTALIA, s.r.o.;Zubné lekárstvo;J. Kozačeka 9282;Zvolen;96001;Okres Zvolen;Banskobystrický samosprávny kraj;;;;e-VUC;Novy
66-54757631-A0001;66-54757631-A0001;;Ambulancia zubného lekárstva, Zvolen;BebaDent s. r. o.;Zubné lekárstvo;Ľ.Štúra 1774/2;Zvolen;96001;Okres Zvolen;Banskobystrický samosprávny kraj;;;;e-VUC;Novy
66-55611460-A0001;66-55611460-A0001;;Ambulancia zubného lekárstva, Zvolen;JOJA DENT s.r.o.;Zubné lekárstvo;, Len bolestiví pacienti do;;;Okres Zvolen;Banskobystrický samosprávny kraj;;;;e-VUC;Novy
66-45594929-A0089;66-45594929-A0089;;Stomatologický RTG / OPG, Zvolen;Nemocnica AGEL Zvolen a.s.;Rádiológia;Nemocnica Zvolen, Kuzmányho nábrežie 53/28;Zvolen;96001;Okres Zvolen;Banskobystrický samosprávny kraj;;;;e-VUC;Novy
66-45594929-A0072;66-45594929-A0072;;Ambulancia zubného lekárstva, MUDr. Ivan Pavlov, Zvolen;Nemocnica AGEL Zvolen a.s.;Zubné lekárstvo;Nemocnica Zvolen, Kuzmányho nábrežie 53/28;Zvolen;96001;Okres Zvolen;Banskobystrický samosprávny kraj;;;;e-VUC;Novy
66-45594929-A0073;66-45594929-A0073;;Ambulancia zubného lekárstva, MUDr. Mária Sliacka, Zvolen;Nemocnica AGEL Zvolen a.s.;Zubné lekárstvo;Nemocnica Zvolen, Kuzmányho nábrežie 53/28;Zvolen;96001;Okres Zvolen;Banskobystrický samosprávny kraj;;;;e-VUC;Novy
66-45594929-A0074;66-45594929-A0074;;Ambulancia zubného lekárstva, MUDr. Kristína Wagnerová, Zvolen;Nemocnica AGEL Zvolen a.s.;Zubné lekárstvo;Nemocnica Zvolen, Kuzmányho nábrežie 53/28;Zvolen;96001;Okres Zvolen;Banskobystrický samosprávny kraj;;;;e-VUC;Novy
66-52955389-A0001;66-52955389-A0001;;Ambulancia zubného lekárstva, Zvolen;H-Dental Zvolen s. r. o.;Zubné lekárstvo;Na Rákoši 3635;Zvolen;96001;Okres Zvolen;Banskobystrický samosprávny kraj;;;;e-VUC;Novy
66-54606195-A0001;66-54606195-A0001;;Ambulancia zubného lekárstva, Pliešovce;TOKARDENT s. r. o.;Zubné lekárstvo;Námestie SNP 37/3;Pliešovce;96263;Okres Zvolen;Banskobystrický samosprávny kraj;;;;e-VUC;Novy
66-51178036-A0003;66-51178036-A0003;;Ambulancia zubného lekárstva, Zvolen;VIKTORIDENT s. r. o.;Zubné lekárstvo;Dukelských hrdinov 144/8;Zvolen;96001;Okres Zvolen;Banskobystrický samosprávny kraj;;;;e-VUC;Novy
66-51178036-A0004;66-51178036-A0004;;Ambulancia zubného lekárstva, Zvolen;VIKTORIDENT s. r. o.;Zubné lekárstvo;Dukelských hrdinov 144/8;Zvolen;96001;Okres Zvolen;Banskobystrický samosprávny kraj;;;;e-VUC;Novy
66-52801209-A0001;66-52801209-A0001;;Ambulancia zubného lekárstva, MDDr.Diana Bálint, Zvolen;DIADENT s.r.o.;Zubné lekárstvo;Študentská 961/1;Zvolen;96001;Okres Zvolen;Banskobystrický samosprávny kraj;;;;e-VUC;Novy
61-53701283-A0003;61-53701283-A0003;;Ambulancia zubného lekárstva, Bratislava-Staré Mesto;IVDENT, s. r. o.;Zubné lekárstvo;Gorkého 206/1;Bratislava-Staré Mesto;81101;Okres Bratislava I;Bratislavský samosprávny kraj;;;;e-VUC;Novy
61-53701283-A0002;61-53701283-A0002;;Ambulancia zubného lekárstva, Bratislava-Staré Mesto;IVDENT, s. r. o.;Zubné lekárstvo, Dentoalveolárna chirurgia;Poliklinika Mýtna, Mýtna 2886/5;Bratislava-Staré Mesto;81107;Okres Bratislava I;Bratislavský samosprávny kraj;;;;e-VUC;Novy
61-57112011-A0001;61-57112011-A0001;;Ambulancia zubného lekárstva, Bratislava-Staré Mesto;Stomatológia BL s. r. o.;Zubné lekárstvo;Čajakova 4077/25;Bratislava-Staré Mesto;81105;Okres Bratislava I;Bratislavský samosprávny kraj;;;;e-VUC;Novy
61-56240074-A0001;61-56240074-A0001;;Ambulancia zubného lekárstva, Bratislava-Staré Mesto;DentLife s. r. o.;Zubné lekárstvo, Dentoalveolárna chirurgia, Implantológia;Zámocká 4771/22;Bratislava-Staré Mesto;81101;Okres Bratislava I;Bratislavský samosprávny kraj;;;;e-VUC;Novy
61-53390571-A0001;61-53390571-A0001;;Ambulancia zubného lekárstva, Bratislava-Staré Mesto;EU Trading, s. r. o.;Zubné lekárstvo;Špitálska 2209/10;Bratislava-Staré Mesto;81108;Okres Bratislava I;Bratislavský samosprávny kraj;;;;e-VUC;Novy
61-44441371-A0021;61-44441371-A0021;;Ambulancia dentálnej hygieny, Bratislava-Staré Mesto;Mediconet Slovakia, s. r. o.;Dentálna hygiena;Heydukova 2158/14;Bratislava-Staré Mesto;81108;Okres Bratislava I;Bratislavský samosprávny kraj;;;;e-VUC;Novy
61-55462448-A0001;61-55462448-A0001;;Ambulancia zubného lekárstva, Bratislava-Staré Mesto;Sapphire Dental Clinic s.r.o.;Zubné lekárstvo;Grösslingová 6642/7;Bratislava-Staré Mesto;81109;Okres Bratislava I;Bratislavský samosprávny kraj;;;;e-VUC;Novy
61-55462448-A0002;61-55462448-A0002;;Ambulancia zubného lekárstva, Bratislava-Staré Mesto;Sapphire Dental Clinic s.r.o.;Zubné lekárstvo;Grösslingová 6642/7;Bratislava-Staré Mesto;81109;Okres Bratislava I;Bratislavský samosprávny kraj;;;;e-VUC;Novy
61-55462448-A0003;61-55462448-A0003;;Ambulancia zubného lekárstva, Bratislava-Staré Mesto;Sapphire Dental Clinic s.r.o.;Zubné lekárstvo;Grösslingová 6642/7;Bratislava-Staré Mesto;81109;Okres Bratislava I;Bratislavský samosprávny kraj;;;;e-VUC;Novy
61-55417558-A0001;61-55417558-A0001;;Dental Education Clinic, Bratislava-Staré Mesto;Dental Education Clinic s. r. o.;Zubné lekárstvo;Gorkého 205/3;Bratislava-Staré Mesto;81101;Okres Bratislava I;Bratislavský samosprávny kraj;;;;e-VUC;Novy
61-55417558-A0002;61-55417558-A0002;;Dental Education Clinic, Bratislava-Staré Mesto;Dental Education Clinic s. r. o.;Zubné lekárstvo;Gorkého 205/3;Bratislava-Staré Mesto;81101;Okres Bratislava I;Bratislavský samosprávny kraj;;;;e-VUC;Novy
51-51487683-A0001;51-51487683-A0001;;Ambulancia zubného lekárstva, Bratislava-Staré Mesto;Family Dental Care - Ortho s. r. o.;Zubné lekárstvo;Štúrova 16/12;Bratislava-Staré Mesto;81102;Okres Bratislava I;Bratislavský samosprávny kraj;;;;e-VUC;Novy
51-51487683-A0002;51-51487683-A0002;;Ambulancia zubného lekárstva, Bratislava-Staré Mesto;Family Dental Care - Ortho s. r. o.;Zubné lekárstvo;Štúrova 16/12;Bratislava-Staré Mesto;81102;Okres Bratislava I;Bratislavský samosprávny kraj;;;;e-VUC;Novy
61-54684668-A0002;61-54684668-A0002;;Ambulancia zubného lekárstva, Bratislava-Staré Mesto;Dental Friends s.r.o.;Zubné lekárstvo;budova CBC II, Karadžičova 7243/10;Bratislava-Staré Mesto;82108;Okres Bratislava I;Bratislavský samosprávny kraj;;;;e-VUC;Novy
61-54684668-A0003;61-54684668-A0003;;Ambulancia zubného lekárstva, Bratislava-Staré Mesto;Dental Friends s.r.o.;Zubné lekárstvo;budova CBC II, Karadžičova 7243/10;Bratislava-Staré Mesto;82108;Okres Bratislava I;Bratislavský samosprávny kraj;;;;e-VUC;Novy
61-54684668-A0004;61-54684668-A0004;;Ambulancia zubného lekárstva, Bratislava-Staré Mesto;Dental Friends s.r.o.;Zubné lekárstvo;budova CBC II, Karadžičova 7243/10;Bratislava-Staré Mesto;82108;Okres Bratislava I;Bratislavský samosprávny kraj;;;;e-VUC;Novy
61-36696455-A0005;61-36696455-A0005;;Ambulancia zubného lekárstva, Bratislava-Staré Mesto;Ortodentik, s.r.o.;Zubné lekárstvo;BLUMENTAL OFFICE II, Námestie Mateja Korvína 7842/1;Bratislava-Staré Mesto;81107;Okres Bratislava I;Bratislavský samosprávny kraj;;;;e-VUC;Novy
61-35957492-A0024;61-35957492-A0024;;Ambulancia zubného lekárstva, Bratislava-Ružinov;Schill Dental Clinic s. r. o.;Zubné lekárstvo, Dentoalveolárna chirurgia, Implantológia;Veža, Pribinova 19276/38A;Bratislava-Ružinov;81109;Okres Bratislava II;Bratislavský samosprávny kraj;;;;e-VUC;Novy
61-35957492-A0025;61-35957492-A0025;;Ambulancia zubného lekárstva, Bratislava-Ružinov;Schill Dental Clinic s. r. o.;Zubné lekárstvo, Dentoalveolárna chirurgia, Implantológia;Veža, Pribinova 19276/38A;Bratislava-Ružinov;81109;Okres Bratislava II;Bratislavský samosprávny kraj;;;;e-VUC;Novy
61-35957492-A0022;61-35957492-A0022;;Ambulancia dentálnej hygieny, Bratislava-Ružinov;Schill Dental Clinic s. r. o.;Dentálna hygiena;Veža, Pribinova 19276/38A;Bratislava-Ružinov;81109;Okres Bratislava II;Bratislavský samosprávny kraj;;;;e-VUC;Novy
61-35957492-A0023;61-35957492-A0023;;Ambulancia dentálnej hygieny, Bratislava-Ružinov;Schill Dental Clinic s. r. o.;Dentálna hygiena;Veža, Pribinova 19276/38A;Bratislava-Ružinov;81109;Okres Bratislava II;Bratislavský samosprávny kraj;;;;e-VUC;Novy
51-35979046-A0003;51-35979046-A0003;;Ambulancia zubného lekárstva, Bratislava-Ružinov;BO-DENT s.r.o.;Zubné lekárstvo, Dentálna hygiena;Ivanská cesta 19491/32G;Bratislava-Ružinov;82104;Okres Bratislava II;Bratislavský samosprávny kraj;;;;e-VUC;Novy
51-35979046-A0002;51-35979046-A0002;;Ambulancia zubného lekárstva, Bratislava-Ružinov;BO-DENT s.r.o.;Zubné lekárstvo, Dentálna hygiena;Ivanská cesta 19491/32G;Bratislava-Ružinov;82104;Okres Bratislava II;Bratislavský samosprávny kraj;;;;e-VUC;Novy
61-35929278-A0001;61-35929278-A0001;;Ambulancia zubného lekárstva, Bratislava-Ružinov;Mdent, s.r.o.;Zubné lekárstvo;Jarabinková 18878/6A;Bratislava-Ružinov;82109;Okres Bratislava II;Bratislavský samosprávny kraj;;;;e-VUC;Novy
61-35929278-A0002;61-35929278-A0002;;Ambulancia zubného lekárstva, Bratislava-Ružinov;Mdent, s.r.o.;Zubné lekárstvo;Jarabinková 18878/6A;Bratislava-Ružinov;82109;Okres Bratislava II;Bratislavský samosprávny kraj;;;;e-VUC;Novy
61-35929278-A0003;61-35929278-A0003;;Ambulancia zubného lekárstva, Bratislava-Ružinov;Mdent, s.r.o.;Zubné lekárstvo;Jarabinková 18878/6A;Bratislava-Ružinov;82109;Okres Bratislava II;Bratislavský samosprávny kraj;;;;e-VUC;Novy
61-56817991-A0001;61-56817991-A0001;;Ambulancia zubného lekárstva, Bratislava-Ružinov;MarK dental s. r. o.;Zubné lekárstvo;Zdravotné stredisko, Bajzova 277/2;Bratislava-Ružinov;82108;Okres Bratislava II;Bratislavský samosprávny kraj;;;;e-VUC;Novy
61-57308489-A0001;61-57308489-A0001;;Zubná ambulancia Dr. Lifková, Bratislava-Ružinov;DentArtistry s. r. o.;Zubné lekárstvo;Košická 19145/27;Bratislava-Ružinov;82109;Okres Bratislava II;Bratislavský samosprávny kraj;;;;e-VUC;Novy
61-44866623-A0002;61-44866623-A0002;;Ambulancia zubného lekárstva, Bratislava-Pod.Biskup.;Denti s.r.o.;Zubné lekárstvo;Základná škola, Bieloruská 5195/1;Bratislava-Pod.Biskup.;82106;Okres Bratislava II;Bratislavský samosprávny kraj;;;;e-VUC;Novy
61-46313648-A0004;61-46313648-A0004;;Ambulancia zubného lekárstva, Bratislava-Ružinov;Pearl Dental, s. r. o.;Zubné lekárstvo, Dentoalveolárna chirurgia, Implantológia;Košická 905/52;Bratislava-Ružinov;82108;Okres Bratislava II;Bratislavský samosprávny kraj;;;;e-VUC;Novy
61-46313648-A0005;61-46313648-A0005;;Ambulancia zubného lekárstva, Bratislava-Ružinov;Pearl Dental, s. r. o.;Zubné lekárstvo, Dentoalveolárna chirurgia, Implantológia;Košická 905/52;Bratislava-Ružinov;82108;Okres Bratislava II;Bratislavský samosprávny kraj;;;;e-VUC;Novy
51-53665546-A0008;51-53665546-A0008;;Ambulancia dentálnej hygieny, Bratislava-Ružinov;Dr. Martin Lehnice s.r.o.;Dentálna hygiena;OC EUROVEA 2, Pribinova 19275/36;Bratislava-Ružinov;81109;Okres Bratislava II;Bratislavský samosprávny kraj;;;;e-VUC;Novy
51-53665546-A0006;51-53665546-A0006;;Ambulancia zubného lekárstva, Bratislava-Ružinov;Dr. Martin Lehnice s.r.o.;Zubné lekárstvo, Dentálna hygiena;OC EUROVEA 2, Pribinova 19275/36;Bratislava-Ružinov;81109;Okres Bratislava II;Bratislavský samosprávny kraj;;;;e-VUC;Novy
61-44431198-A0019;61-44431198-A0019;;Ambulancia zubného lekárstva, Bratislava-Ružinov;3S DENT, s. r. o.;Zubné lekárstvo, Detské zubné lekárstvo;Košická 11;Bratislava-Ružinov;82108;Okres Bratislava II;Bratislavský samosprávny kraj;;;;e-VUC;Novy
61-44431198-A0020;61-44431198-A0020;;Ambulancia zubného lekárstva, Bratislava-Ružinov;3S DENT, s. r. o.;Zubné lekárstvo, Detské zubné lekárstvo, Dentoalveolárna chirurgia;Košická 11;Bratislava-Ružinov;82108;Okres Bratislava II;Bratislavský samosprávny kraj;;;;e-VUC;Novy
61-44431198-A0011;61-44431198-A0011;;Ambulancia dentálnej hygieny, Bratislava-Ružinov;3S DENT, s. r. o.;Dentálna hygiena;Košická 11;Bratislava-Ružinov;82108;Okres Bratislava II;Bratislavský samosprávny kraj;;;;e-VUC;Novy
61-44431198-A0001;61-44431198-A0001;;Ambulancia zubného lekárstva, Bratislava-Ružinov;3S DENT, s. r. o.;Zubné lekárstvo, Dentoalveolárna chirurgia, Implantológia;Košická 11;Bratislava-Ružinov;82108;Okres Bratislava II;Bratislavský samosprávny kraj;;;;e-VUC;Novy
61-44431198-A0003;61-44431198-A0003;;Ambulancia zubného lekárstva, Bratislava-Ružinov;3S DENT, s. r. o.;Zubné lekárstvo;Košická 11;Bratislava-Ružinov;82108;Okres Bratislava II;Bratislavský samosprávny kraj;;;;e-VUC;Novy
61-44431198-A0006;61-44431198-A0006;;Ambulancia zubného lekárstva, Bratislava-Ružinov;3S DENT, s. r. o.;Zubné lekárstvo, Dentoalveolárna chirurgia, Implantológia;Košická 11;Bratislava-Ružinov;82108;Okres Bratislava II;Bratislavský samosprávny kraj;;;;e-VUC;Novy
61-44431198-A0007;61-44431198-A0007;;Ambulancia zubného lekárstva, Bratislava-Ružinov;3S DENT, s. r. o.;Zubné lekárstvo, Dentoalveolárna chirurgia, Implantológia;Košická 11;Bratislava-Ružinov;82108;Okres Bratislava II;Bratislavský samosprávny kraj;;;;e-VUC;Novy
61-44431198-A0008;61-44431198-A0008;;Ambulancia zubného lekárstva, Bratislava-Ružinov;3S DENT, s. r. o.;Zubné lekárstvo, Dentoalveolárna chirurgia, Implantológia;Košická 11;Bratislava-Ružinov;82108;Okres Bratislava II;Bratislavský samosprávny kraj;;;;e-VUC;Novy
61-44431198-A0009;61-44431198-A0009;;Ambulancia zubného lekárstva, Bratislava-Ružinov;3S DENT, s. r. o.;Zubné lekárstvo, Dentoalveolárna chirurgia, Implantológia;Košická 11;Bratislava-Ružinov;82108;Okres Bratislava II;Bratislavský samosprávny kraj;;;;e-VUC;Novy
61-44431198-A0012;61-44431198-A0012;;Ambulancia zubného lekárstva, Bratislava-Ružinov;3S DENT, s. r. o.;Zubné lekárstvo, Choroby slizníc ústnej dutiny, Choroby slizníc ústnej dutiny a paradontu;Košická 11;Bratislava-Ružinov;82108;Okres Bratislava II;Bratislavský samosprávny kraj;;;;e-VUC;Novy
61-44431198-A0013;61-44431198-A0013;;Ambulancia zubného lekárstva, Bratislava-Ružinov;3S DENT, s. r. o.;Zubné lekárstvo, Choroby slizníc ústnej dutiny, Choroby slizníc ústnej dutiny a paradontu;Košická 11;Bratislava-Ružinov;82108;Okres Bratislava II;Bratislavský samosprávny kraj;;;;e-VUC;Novy
61-44431198-A0014;61-44431198-A0014;;Ambulancia zubného lekárstva, Bratislava-Ružinov;3S DENT, s. r. o.;Zubné lekárstvo, Dentoalveolárna chirurgia, Implantológia;Košická 11;Bratislava-Ružinov;82108;Okres Bratislava II;Bratislavský samosprávny kraj;;;;e-VUC;Novy
61-44431198-A0015;61-44431198-A0015;;Ambulancia zubného lekárstva, Bratislava-Ružinov;3S DENT, s. r. o.;Zubné lekárstvo, Dentoalveolárna chirurgia, Implantológia;Košická 11;Bratislava-Ružinov;82108;Okres Bratislava II;Bratislavský samosprávny kraj;;;;e-VUC;Novy
61-44431198-A0016;61-44431198-A0016;;Ambulancia zubného lekárstva, Bratislava-Ružinov;3S DENT, s. r. o.;Zubné lekárstvo, Dentoalveolárna chirurgia, Implantológia;Košická 11;Bratislava-Ružinov;82108;Okres Bratislava II;Bratislavský samosprávny kraj;;;;e-VUC;Novy
61-44431198-A0017;61-44431198-A0017;;Ambulancia zubného lekárstva, Bratislava-Ružinov;3S DENT, s. r. o.;Zubné lekárstvo, Detské zubné lekárstvo;Košická 11;Bratislava-Ružinov;82108;Okres Bratislava II;Bratislavský samosprávny kraj;;;;e-VUC;Novy
61-44431198-A0018;61-44431198-A0018;;Ambulancia zubného lekárstva, Bratislava-Ružinov;3S DENT, s. r. o.;Zubné lekárstvo, Detské zubné lekárstvo;Košická 11;Bratislava-Ružinov;82108;Okres Bratislava II;Bratislavský samosprávny kraj;;;;e-VUC;Novy
51-55329748-A0001;51-55329748-A0001;;Ambulancia zubného lekárstva, Bratislava-Ružinov;ImplantClinic s. r. o.;Zubné lekárstvo, Dentoalveolárna chirurgia, Implantológia;Ivanská cesta 19110/32C;Bratislava-Ružinov;82104;Okres Bratislava II;Bratislavský samosprávny kraj;;;;e-VUC;Novy
51-55329748-A0002;51-55329748-A0002;;Ambulancia zubného lekárstva, Bratislava-Ružinov;ImplantClinic s. r. o.;Zubné lekárstvo, Dentoalveolárna chirurgia, Implantológia;Ivanská cesta 19110/32C;Bratislava-Ružinov;82104;Okres Bratislava II;Bratislavský samosprávny kraj;;;;e-VUC;Novy
51-55329748-A0003;51-55329748-A0003;;Ambulancia zubného lekárstva, Bratislava-Ružinov;ImplantClinic s. r. o.;Zubné lekárstvo, Dentoalveolárna chirurgia, Implantológia;Ivanská cesta 19110/32C;Bratislava-Ružinov;82104;Okres Bratislava II;Bratislavský samosprávny kraj;;;;e-VUC;Novy
61-55846424-A0001;61-55846424-A0001;;Ambulancia zubného lekárstva, Bratislava-Pod.Biskup.;medinila dens s.r.o.;Zubné lekárstvo;Podunajská 25191/21A;Bratislava-Pod.Biskup.;82106;Okres Bratislava II;Bratislavský samosprávny kraj;;;;e-VUC;Novy
61-55846424-A0002;61-55846424-A0002;;Ambulancia zubného lekárstva, Bratislava-Pod.Biskup.;medinila dens s.r.o.;Zubné lekárstvo;Podunajská 25191/21A;Bratislava-Pod.Biskup.;82106;Okres Bratislava II;Bratislavský samosprávny kraj;;;;e-VUC;Novy
61-48217590-A0001;61-48217590-A0001;;Ambulancia zubného lekárstva, Bratislava-Ružinov;SK Dental s.r.o.;Zubné lekárstvo;Jarabinková 18878/10;Bratislava-Ružinov;82109;Okres Bratislava II;Bratislavský samosprávny kraj;;;;e-VUC;Novy
61-56689187-A0001;61-56689187-A0001;;Ambulancia dentálnej hygieny, Bratislava-Ružinov;Bc. Kamila Benková;Dentálna hygiena;Krížna 4921/44;Bratislava-Ružinov;82108;Okres Bratislava II;Bratislavský samosprávny kraj;;;;e-VUC;Novy
61-36610763-A0004;61-36610763-A0004;;Ambulancia zubného lekárstva, Bratislava-Ružinov;MANADENT s.r.o.;Zubné lekárstvo;Apollo Business Center II, Prievozská 16633/4;Bratislava-Ružinov;82109;Okres Bratislava II;Bratislavský samosprávny kraj;;;;e-VUC;Novy
61-36610763-A0005;61-36610763-A0005;;Ambulancia zubného lekárstva, Bratislava-Ružinov;MANADENT s.r.o.;Zubné lekárstvo;Apollo Business Center II, Prievozská 16633/4;Bratislava-Ružinov;82109;Okres Bratislava II;Bratislavský samosprávny kraj;;;;e-VUC;Novy
61-36610763-A0006;61-36610763-A0006;;Ambulancia zubného lekárstva, Bratislava-Ružinov;MANADENT s.r.o.;Zubné lekárstvo;Apollo Business Center II, Prievozská 16633/4;Bratislava-Ružinov;82109;Okres Bratislava II;Bratislavský samosprávny kraj;;;;e-VUC;Novy
61-45869243-A0002;61-45869243-A0002;;Ambulancia zubného lekárstva, Bratislava-Nové Mesto;AK Dental, s.r.o.;Zubné lekárstvo, Dentoalveolárna chirurgia, Implantológia;Bajkalská 12985/9A;Bratislava-Nové Mesto;83104;Okres Bratislava III;Bratislavský samosprávny kraj;;;;e-VUC;Novy
61-45869243-A0003;61-45869243-A0003;;Ambulancia zubného lekárstva, Bratislava-Nové Mesto;AK Dental, s.r.o.;Zubné lekárstvo, Dentoalveolárna chirurgia, Implantológia;Bajkalská 12985/9A;Bratislava-Nové Mesto;83104;Okres Bratislava III;Bratislavský samosprávny kraj;;;;e-VUC;Novy
51-00607231-A0170;51-00607231-A0170;;Ambulancia zubného lekárstva, Bratislava-Nové Mesto;Národný ústav detských chorôb;Zubné lekárstvo, Dentoalveolárna chirurgia;Národný ústav detských chorôb, Limbová 2643/1;Bratislava-Nové Mesto;83101;Okres Bratislava III;Bratislavský samosprávny kraj;;;;e-VUC;Novy
61-56344431-A0001;61-56344431-A0001;;Madaras Dental - MDDr. Michal Madaras, Bratislava-Nové Mesto;madarasdental s. r. o.;Zubné lekárstvo;Bella Vita Residence , Tupého 14282/38;Bratislava-Nové Mesto;83101;Okres Bratislava III;Bratislavský samosprávny kraj;;;;e-VUC;Novy
61-57220328-A0001;61-57220328-A0001;;TORMA dental clinic, Bratislava-Nové Mesto;Tormova Dental s. r. o.;Zubné lekárstvo;Na varte 13200/2A;Bratislava-Nové Mesto;83101;Okres Bratislava III;Bratislavský samosprávny kraj;;;;e-VUC;Novy
61-32065442-A0001;61-32065442-A0001;;Ambulancia dentálnej hygieny, Bratislava-Nové Mesto;Bc. Miroslava Fukasová;Dentálna hygiena;Riazanská 681/62/B;Bratislava-Nové Mesto;83103;Okres Bratislava III;Bratislavský samosprávny kraj;;;;e-VUC;Novy
61-56182945-A0001;61-56182945-A0001;;Ambulancia zubného lekárstva, Bratislava-Rača;iodent s. r. o.;Zubné lekárstvo, Dentoalveolárna chirurgia;Slovenská Grafia ,a.s., zdravotné stredisko, Pekná cesta 2463/6;Bratislava-Rača;83152;Okres Bratislava III;Bratislavský samosprávny kraj;;;;e-VUC;Novy
61-53168852-A0001;61-53168852-A0001;;Ambulancia zubného lekárstva, Bratislava-Rača;Dental Centrum Paracelsi s.r.o.;Zubné lekárstvo, Dentoalveolárna chirurgia, Implantológia;Rustaveliho 10072/4B;Bratislava-Rača;83106;Okres Bratislava III;Bratislavský samosprávny kraj;;;;e-VUC;Novy
61-55888909-A0003;61-55888909-A0003;;Ambulancia zubného lekárstva, Bratislava-Nové Mesto;Open Dental Clinic s. r. o.;Zubné lekárstvo, Dentoalveolárna chirurgia;bytový komplex AHOJ PARK, Sliačska 13902/1A;Bratislava-Nové Mesto;83102;Okres Bratislava III;Bratislavský samosprávny kraj;;;;e-VUC;Novy
61-55888909-A0001;61-55888909-A0001;;Ambulancia zubného lekárstva, Bratislava-Nové Mesto;Open Dental Clinic s. r. o.;Zubné lekárstvo, Dentoalveolárna chirurgia;bytový komplex AHOJ PARK, Sliačska 13902/1A;Bratislava-Nové Mesto;83102;Okres Bratislava III;Bratislavský samosprávny kraj;;;;e-VUC;Novy
61-55888909-A0002;61-55888909-A0002;;Ambulancia zubného lekárstva, Bratislava-Nové Mesto;Open Dental Clinic s. r. o.;Zubné lekárstvo, Dentoalveolárna chirurgia;bytový komplex AHOJ PARK, Sliačska 13902/1A;Bratislava-Nové Mesto;83102;Okres Bratislava III;Bratislavský samosprávny kraj;;;;e-VUC;Novy
61-52220630-A0001;61-52220630-A0001;;Ambulancia zubného lekárstva, Bratislava-Nové Mesto;DentHal s.r.o.;Zubné lekárstvo, Dentoalveolárna chirurgia;Ďumbierska 11884/3G;Bratislava-Nové Mesto;83101;Okres Bratislava III;Bratislavský samosprávny kraj;;;;e-VUC;Novy
51-51487683-A0007;51-51487683-A0007;;Ambulancia zubného lekárstva, Bratislava-Nové Mesto;Family Dental Care - Ortho s. r. o.;Zubné lekárstvo;Stromová 2668/7;Bratislava-Nové Mesto;83101;Okres Bratislava III;Bratislavský samosprávny kraj;;;;e-VUC;Novy
51-51487683-A0008;51-51487683-A0008;;Ambulancia dentálnej hygieny, Bratislava-Nové Mesto;Family Dental Care - Ortho s. r. o.;Dentálna hygiena;Stromová 2668/7;Bratislava-Nové Mesto;83101;Okres Bratislava III;Bratislavský samosprávny kraj;;;;e-VUC;Novy
61-51487683-A0007;61-51487683-A0007;;Ambulancia zubného lekárstva, Bratislava-Nové Mesto;Family Dental Care - Ortho s. r. o.;Zubné lekárstvo;Stromová 2668/7;Bratislava-Nové Mesto;83101;Okres Bratislava III;Bratislavský samosprávny kraj;;;;e-VUC;Novy
61-51487683-A0008;61-51487683-A0008;;Ambulancia dentálnej hygieny, Bratislava-Nové Mesto;Family Dental Care - Ortho s. r. o.;Dentálna hygiena;Stromová 2668/7;Bratislava-Nové Mesto;83101;Okres Bratislava III;Bratislavský samosprávny kraj;;;;e-VUC;Novy
61-43769055-A0004;61-43769055-A0004;;Ambulancia zubného lekárstva, MDDr.Bc. Adam Halás, Bratislava-Nové Mesto;Adam-Dent s.r.o.;Zubné lekárstvo;Sibírska 1604/65;Bratislava-Nové Mesto;83102;Okres Bratislava III;Bratislavský samosprávny kraj;;;;e-VUC;Novy
61-43769055-A0005;61-43769055-A0005;;Ambulancia zubného lekárstva MDDr. Natália Rydzi, Bratislava-Nové Mesto;Adam-Dent s.r.o.;Zubné lekárstvo;Sibírska 1604/65;Bratislava-Nové Mesto;83102;Okres Bratislava III;Bratislavský samosprávny kraj;;;;e-VUC;Novy
61-52744329-A0003;61-52744329-A0003;;Ambulancia zubného lekárstva, Bratislava-Nové Mesto;Smile4life s.r.o.;Zubné lekárstvo;Kalinčiakova 10349/31;Bratislava-Nové Mesto;83103;Okres Bratislava III;Bratislavský samosprávny kraj;;;;e-VUC;Novy
61-55377998-A0001;61-55377998-A0001;;Ambulancia zubného lekárstva, Bratislava-Nové Mesto;Ortho IK s.r.o.;Zubné lekárstvo;Poliklinika Tehelná, Tehelná 3120/26;Bratislava-Nové Mesto;83103;Okres Bratislava III;Bratislavský samosprávny kraj;;;;e-VUC;Novy
61-57239827-A0001;61-57239827-A0001;;Ambulancia zubného lekárstva, Bratislava-Dúbravka;JECH TRADE s. r. o.;Zubné lekárstvo;Drobného 1902/10;Bratislava-Dúbravka;84101;Okres Bratislava IV;Bratislavský samosprávny kraj;;;;e-VUC;Novy
61-44807660-A0001;61-44807660-A0001;;Ambulancia dentálnej hygieny, Bratislava-Dev.Nová Ves;Mgr. Dagmar Kováčová;Dentálna hygiena;Pavla Horova 6147/14;Bratislava-Dev.Nová Ves;84108;Okres Bratislava IV;Bratislavský samosprávny kraj;;;;e-VUC;Novy
61-56104308-A0001;61-56104308-A0001;;Ambulancia zubného lekárstva, Bratislava-Karlova Ves;Kuceradent s. r. o.;Zubné lekárstvo, Dentoalveolárna chirurgia, Implantológia;Karloveské rameno 3498/8;Bratislava-Karlova Ves;84104;Okres Bratislava IV;Bratislavský samosprávny kraj;;;;e-VUC;Novy
51-53665546-A0003;51-53665546-A0003;;Ambulancia dentálnej hygieny, Bratislava-Lamač;Dr. Martin Lehnice s.r.o.;Dentálna hygiena;BORY MALL, Bratislava-Lamač 6780;Bratislava-Lamač;84103;Okres Bratislava IV;Bratislavský samosprávny kraj;;;;e-VUC;Novy
51-53665546-A0004;51-53665546-A0004;;Ambulancia dentálnej hygieny, Bratislava-Lamač;Dr. Martin Lehnice s.r.o.;Dentálna hygiena;BORY MALL, Bratislava-Lamač 6780;Bratislava-Lamač;84103;Okres Bratislava IV;Bratislavský samosprávny kraj;;;;e-VUC;Novy
51-53665546-A0002;51-53665546-A0002;;Ambulancia zubného lekárstva, Bratislava-Lamač;Dr. Martin Lehnice s.r.o.;Zubné lekárstvo, Dentálna hygiena;BORY MALL, Bratislava-Lamač 6780;Bratislava-Lamač;84103;Okres Bratislava IV;Bratislavský samosprávny kraj;;;;e-VUC;Novy
61-47059991-A0017;61-47059991-A0017;;Ambulancia zubného lekárstva, Bratislava-Lamač;Martin Dental Center s. r. o.;Zubné lekárstvo;nákupné centrum BORY MALL, Bratislava-Lamač 6780;Bratislava-Lamač;84103;Okres Bratislava IV;Bratislavský samosprávny kraj;;;;e-VUC;Novy
61-47059991-A0018;61-47059991-A0018;;Ambulancia dentálnej hygieny, Bratislava-Lamač;Martin Dental Center s. r. o.;Dentálna hygiena;nákupné centrum BORY MALL, Bratislava-Lamač 6780;Bratislava-Lamač;84103;Okres Bratislava IV;Bratislavský samosprávny kraj;;;;e-VUC;Novy
61-47059991-A0019;61-47059991-A0019;;Ambulancia dentálnej hygieny, Bratislava-Lamač;Martin Dental Center s. r. o.;Dentálna hygiena;nákupné centrum BORY MALL, Bratislava-Lamač 6780;Bratislava-Lamač;84103;Okres Bratislava IV;Bratislavský samosprávny kraj;;;;e-VUC;Novy
51-35875704-A0004;51-35875704-A0004;;Ambulancia zubného lekárstva, MUDr. Martin Košťál, Bratislava-Lamač;PRO SANUS, a.s.;Zubné lekárstvo;Obchodné centrum Bory Mall, Bratislava-Lamač 6780;Bratislava-Lamač;84103;Okres Bratislava IV;Bratislavský samosprávny kraj;;;;e-VUC;Novy
61-46252355-A0023;61-46252355-A0023;;Ambulancia zubného lekárstva, Bratislava-Dev.Nová Ves;Family Dental Care s. r. o.;Zubné lekárstvo, Dentálna hygiena;objekt Základnej školy, Pavla Horova 6148/16;Bratislava-Dev.Nová Ves;84108;Okres Bratislava IV;Bratislavský samosprávny kraj;;;;e-VUC;Novy
61-55252818-A0001;61-55252818-A0001;;Ambulancia zubného lekárstva, Bratislava-Dúbravka;dr. monn s. r. o.;Zubné lekárstvo;Bazovského 1806/2;Bratislava-Dúbravka;84101;Okres Bratislava IV;Bratislavský samosprávny kraj;;;;e-VUC;Novy
61-56116951-A0001;61-56116951-A0001;;Ambulancia dentálnej hygieny, Bratislava-Dúbravka;Bc. Lenka Radačovská;Dentálna hygiena;Zdravotné stredisko Paracelsus s.r.o., M. Schneidra Trnavského 1825/8;Bratislava-Dúbravka;84101;Okres Bratislava IV;Bratislavský samosprávny kraj;;;;e-VUC;Novy
61-47876981-A0002;61-47876981-A0002;;Ambulancia zubného lekárstva, Bratislava-Karlova Ves;U - Dent s. r. o.;Zubné lekárstvo;Poliklinika Karlova Ves, Líščie údolie 98/57;Bratislava-Karlova Ves;84104;Okres Bratislava IV;Bratislavský samosprávny kraj;;;;e-VUC;Novy
61-47876981-A0003;61-47876981-A0003;;Ambulancia zubného lekárstva, Bc. Natália Janočková, Bratislava-Karlova Ves;U - Dent s. r. o.;Zubné lekárstvo;Poliklinika Karlova Ves, Líščie údolie 98/57;Bratislava-Karlova Ves;84104;Okres Bratislava IV;Bratislavský samosprávny kraj;;;;e-VUC;Novy
61-36860948-A0002;61-36860948-A0002;;Ambulancia zubného lekárstva, Bratislava-Dúbravka;AMI-DENT s. r. o.;Zubné lekárstvo;Zdravotné stredisko Asklepios, Saratovská 223/24;Bratislava-Dúbravka;84102;Okres Bratislava IV;Bratislavský samosprávny kraj;;;;e-VUC;Novy
61-35957492-A0016;61-35957492-A0016;;Ambulancia zubného lekárstva, MDDr. Tomáš Kučera, Bratislava-Karlova Ves;Schill Dental Clinic s. r. o.;Zubné lekárstvo, Dentoalveolárna chirurgia, Implantológia;Karloveské rameno 3498/8;Bratislava-Karlova Ves;84104;Okres Bratislava IV;Bratislavský samosprávny kraj;;;;e-VUC;Novy
61-35957492-A0017;61-35957492-A0017;;Ambulancia zubného lekárstva, Bratislava-Karlova Ves;Schill Dental Clinic s. r. o.;Zubné lekárstvo, Dentoalveolárna chirurgia, Implantológia;Karloveské rameno 3498/8;Bratislava-Karlova Ves;84104;Okres Bratislava IV;Bratislavský samosprávny kraj;;;;e-VUC;Novy
61-35957492-A0018;61-35957492-A0018;;Ambulancia zubného lekárstva, Bratislava-Karlova Ves;Schill Dental Clinic s. r. o.;Zubné lekárstvo, Dentoalveolárna chirurgia, Implantológia;Karloveské rameno 3498/8;Bratislava-Karlova Ves;84104;Okres Bratislava IV;Bratislavský samosprávny kraj;;;;e-VUC;Novy
61-54425433-A0001;61-54425433-A0001;;SDM stomatologické centrum s.r.o., Bratislava-Karlova Ves;SDM stomatologické centrum s. r. o.;Zubné lekárstvo, Dentoalveolárna chirurgia, Choroby slizníc ústnej dutiny a paradontu;Ľudovíta Fullu 3416/11A;Bratislava-Karlova Ves;84105;Okres Bratislava IV;Bratislavský samosprávny kraj;;;;e-VUC;Novy
61-36669423-A0002;61-36669423-A0002;;Ambulancia zubného lekárstva, Bratislava-Karlova Ves;DentiClinic s. r. o.;Zubné lekárstvo, Implantológia;WESTEND QUADRANT, Dúbravská cesta 6313/14;Bratislava-Karlova Ves;84104;Okres Bratislava IV;Bratislavský samosprávny kraj;;;;e-VUC;Novy
61-53110901-A0002;61-53110901-A0002;;Ambulancia zubného lekárstva, Bratislava-Záhor.Bystr.;ELITE DENTAL CLINIC s. r. o.;Zubné lekárstvo;Kunovská 9099/1;Bratislava-Záhor.Bystr.;84106;Okres Bratislava IV;Bratislavský samosprávny kraj;;;;e-VUC;Novy
61-53110901-A0003;61-53110901-A0003;;Zubná ambulancia ELITE DENTAL CLINIC s.r.o., Bratislava-Záhor.Bystr.;ELITE DENTAL CLINIC s. r. o.;Zubné lekárstvo, Dentoalveolárna chirurgia;, V dňa 14.8. 2026. MDDr. Renata Kišová neordinuje z dôvodu dovolenky. V prípade akútnych ťažkostí je zabezpečený zástup v SK Dental Clinic na Jarabinkovej 10 v Bratislave, tel.č.: 0911566056;;;Okres Bratislava IV;Bratislavský samosprávny kraj;;;;e-VUC;Novy
61-53110901-A0001;61-53110901-A0001;;ELITE DENTAL CLINIC, Bratislava-Záhor.Bystr.;ELITE DENTAL CLINIC s. r. o.;Zubné lekárstvo, Dentoalveolárna chirurgia;, Dňa 14.8. 2026. MDDr. Renata Kišová neordinuje z dôvodu dovolenky. V prípade akútnych ťažkostí je zabezpečený zástup v SK Dental Clinic na Jarabinkovej 10 v Bratislave, tel.č.: 0911566056;;;Okres Bratislava IV;Bratislavský samosprávny kraj;;;;e-VUC;Novy
61-57403465-A0001;61-57403465-A0001;;Rádiodiagnostické pracovisko DENTBODY X-RAY, Bratislava-Petržalka;DENTBODY X – RAY s. r. o.;Rádiológia;Fedinova 3289/9;Bratislava-Petržalka;85101;Okres Bratislava V;Bratislavský samosprávny kraj;;;;e-VUC;Novy
61-35805471-A0003;61-35805471-A0003;;Zubná ambulancia Zuzany Chalupovej 13/A, 85107 Bratislava, Bratislava-Petržalka;ALFA Global, s. r. o.;Zubné lekárstvo;Zuzany Chalupovej 4033/13A;Bratislava-Petržalka;85107;Okres Bratislava V;Bratislavský samosprávny kraj;;;;e-VUC;Novy
61-35805471-A0004;61-35805471-A0004;;Zubná ambulancia Zuzany Chalupovej 13/A, 85107 Bratislava, Bratislava-Petržalka;ALFA Global, s. r. o.;Zubné lekárstvo;Zuzany Chalupovej 4033/13A;Bratislava-Petržalka;85107;Okres Bratislava V;Bratislavský samosprávny kraj;;;;e-VUC;Novy
61-35805471-A0005;61-35805471-A0005;;Zubná ambulancia Zuzany Chalupovej 13/A, 85107 Bratislava, Bratislava-Petržalka;ALFA Global, s. r. o.;Zubné lekárstvo;Zuzany Chalupovej 4033/13A;Bratislava-Petržalka;85107;Okres Bratislava V;Bratislavský samosprávny kraj;;;;e-VUC;Novy
61-53078527-A0002;61-53078527-A0002;;Ambulancia zubného lekárstva, Bratislava-Petržalka;Dr. DENT, s. r. o.;Zubné lekárstvo;bytový dom Starý háj, Lužná 4010/21;Bratislava-Petržalka;85104;Okres Bratislava V;Bratislavský samosprávny kraj;;;;e-VUC;Novy
61-57276374-A0001;61-57276374-A0001;;Ambulancia zubného lekárstva, Vladimír Fiamčik, Bratislava-Petržalka;Smile Solutions s. r. o.;Zubné lekárstvo;Pajštúnska 3821/3;Bratislava-Petržalka;85102;Okres Bratislava V;Bratislavský samosprávny kraj;;;;e-VUC;Novy
61-57200378-A0001;61-57200378-A0001;;Ambulancia zubného lekárstva, Bratislava-Petržalka;AveDent s. r. o.;Zubné lekárstvo;Nám. Hraničiarov 3728/31;Bratislava-Petržalka;85103;Okres Bratislava V;Bratislavský samosprávny kraj;;;;e-VUC;Novy
61-56225105-A0001;61-56225105-A0001;;Ambulancia zubného lekárstva, Bratislava-Rusovce;Dental pohotovosť s. r. o.;Zubné lekárstvo;Balkánska 273/65;Bratislava-Rusovce;85110;Okres Bratislava V;Bratislavský samosprávny kraj;;;;e-VUC;Novy
61-56578938-A0001;61-56578938-A0001;;Ambulancia zubného lekárstva, Bratislava-Petržalka;Váš rodinný úsmev, s. r. o.;Zubné lekárstvo;zdravotné stredisko, Rovniankova 1656/1;Bratislava-Petržalka;85102;Okres Bratislava V;Bratislavský samosprávny kraj;;;;e-VUC;Novy
51-53665546-A0007;51-53665546-A0007;;Ambulancia dentálnej hygieny, Bratislava-Petržalka;Dr. Martin Lehnice s.r.o.;Dentálna hygiena;AUPARK Shopping Center Bratislava, Einsteinova 3541/18;Bratislava-Petržalka;85101;Okres Bratislava V;Bratislavský samosprávny kraj;;;;e-VUC;Novy
51-53665546-A0005;51-53665546-A0005;;Ambulancia zubného lekárstva, Bratislava-Petržalka;Dr. Martin Lehnice s.r.o.;Zubné lekárstvo, Dentálna hygiena;AUPARK Shopping Center Bratislava, Einsteinova 3541/18;Bratislava-Petržalka;85101;Okres Bratislava V;Bratislavský samosprávny kraj;;;;e-VUC;Novy
61-56946015-A0001;61-56946015-A0001;;Ambulancia zubného lekárstva, Bratislava-Petržalka;Mojzubar s. r. o.;Zubné lekárstvo;polyfunkčný objekt, Antolská 3721/4;Bratislava-Petržalka;85107;Okres Bratislava V;Bratislavský samosprávny kraj;;;;e-VUC;Novy
61-54520444-A0002;61-54520444-A0002;;Ambulancia zubného lekárstva, Bratislava-Petržalka;Pohotovost 24/7 s. r. o.;Zubné lekárstvo;bytový komplex Topoľčianska so samostatným vstupom zvonka, Topoľčianska 4083/24, 26;Bratislava-Petržalka;85105;Okres Bratislava V;Bratislavský samosprávny kraj;;;;e-VUC;Novy
61-54520444-A0003;61-54520444-A0003;;Ambulancia zubného lekárstva, Bratislava-Petržalka;Pohotovost 24/7 s. r. o.;Zubné lekárstvo;bytový komplex Topoľčianska so samostatným vstupom zvonka, Topoľčianska 4083/24, 26;Bratislava-Petržalka;85105;Okres Bratislava V;Bratislavský samosprávny kraj;;;;e-VUC;Novy
61-47826886-A0001;61-47826886-A0001;;Ambulancia zubného lekárstva, MUDr. Martin Vančo, Bratislava-Petržalka;SWISS DENTAL CLINIC s. r. o.;Zubné lekárstvo;Nám. Hraničiarov 3728/35;Bratislava-Petržalka;85103;Okres Bratislava V;Bratislavský samosprávny kraj;;;;e-VUC;Novy
61-47826886-A0002;61-47826886-A0002;;Ambulancia zubného lekárstva, Bratislava-Petržalka;SWISS DENTAL CLINIC s. r. o.;Zubné lekárstvo;Nám. Hraničiarov 3728/35;Bratislava-Petržalka;85103;Okres Bratislava V;Bratislavský samosprávny kraj;;;;e-VUC;Novy
61-47826886-A0003;61-47826886-A0003;;Ambulancia zubného lekárstva, MDDr. Eva Šubová, Bratislava-Petržalka;SWISS DENTAL CLINIC s. r. o.;Zubné lekárstvo;Nám. Hraničiarov 3728/35;Bratislava-Petržalka;85103;Okres Bratislava V;Bratislavský samosprávny kraj;;;;e-VUC;Novy
61-47826886-A0004;61-47826886-A0004;;Ambulancia zubného lekárstva, Bratislava-Petržalka;SWISS DENTAL CLINIC s. r. o.;Zubné lekárstvo;Nám. Hraničiarov 3728/35;Bratislava-Petržalka;85103;Okres Bratislava V;Bratislavský samosprávny kraj;;;;e-VUC;Novy
61-47826886-A0005;61-47826886-A0005;;Ambulancia zubného lekárstva, Bc. Fábián Bohoň, Bratislava-Petržalka;SWISS DENTAL CLINIC s. r. o.;Zubné lekárstvo;Nám. Hraničiarov 3728/35;Bratislava-Petržalka;85103;Okres Bratislava V;Bratislavský samosprávny kraj;;;;e-VUC;Novy
61-47454130-A0001;61-47454130-A0001;;Ambulancia zubného lekárstva, Bratislava-Petržalka;J.H.D. s. r. o.;Zubné lekárstvo;Strečnianska 3058/1;Bratislava-Petržalka;85105;Okres Bratislava V;Bratislavský samosprávny kraj;;;;e-VUC;Novy
61-47216051-A0001;61-47216051-A0001;;Ambulancia zubného lekárstva, Bratislava-Petržalka;Peppermint Dental, s. r. o.;Zubné lekárstvo;Pečnianska 1211/9;Bratislava-Petržalka;85101;Okres Bratislava V;Bratislavský samosprávny kraj;;;;e-VUC;Novy
61-56960824-A0001;61-56960824-A0001;;Ambulancia zubného lekárstva, Bratislava-Rusovce;Stomatológia BA.sk s. r. o.;Zubné lekárstvo;Starorímska 1371/4-6;Bratislava-Rusovce;85110;Okres Bratislava V;Bratislavský samosprávny kraj;;;;e-VUC;Novy
61-56962053-A0001;61-56962053-A0001;;Ambulancia zubného lekárstva, Bratislava-Petržalka;Starý háj, s. r. o.;Zubné lekárstvo;bytový dom Starý háj, Lužná 4010/21;Bratislava-Petržalka;85104;Okres Bratislava V;Bratislavský samosprávny kraj;;;;e-VUC;Novy
61-56554648-A0001;61-56554648-A0001;;Ambulancia zubného lekárstva, Bratislava-Petržalka;Ericdent s. r. o.;Zubné lekárstvo;Antolská 3721/4;Bratislava-Petržalka;85107;Okres Bratislava V;Bratislavský samosprávny kraj;;;;e-VUC;Novy
61-47059991-A0020;61-47059991-A0020;;Ambulancia dentálnej hygieny, Bratislava-Petržalka;Martin Dental Center s. r. o.;Dentálna hygiena;AUPARK Shopping Center, Einsteinova 3541/18 a 22;Bratislava-Petržalka;85101;Okres Bratislava V;Bratislavský samosprávny kraj;;;;e-VUC;Novy
61-47059991-A0021;61-47059991-A0021;;Ambulancia dentálnej hygieny, Bratislava-Petržalka;Martin Dental Center s. r. o.;Dentálna hygiena;AUPARK Shopping Center, Einsteinova 3541/18 a 22;Bratislava-Petržalka;85101;Okres Bratislava V;Bratislavský samosprávny kraj;;;;e-VUC;Novy
61-55101950-A0002;61-55101950-A0002;;Zubná ambulancia Puzzle Dent, Bratislava-Petržalka;Puzzle Dent s.r.o.;Zubné lekárstvo, Rádiológia;Vyšehradská 3713/6;Bratislava-Petržalka;85106;Okres Bratislava V;Bratislavský samosprávny kraj;;;;e-VUC;Novy
61-52346986-A0013;61-52346986-A0013;;Ambulancia dentálnej hygieny, Bratislava-Petržalka;Smart Dental Clinic s.r.o.;Dentálna hygiena;Údernícka 3277/7;Bratislava-Petržalka;85101;Okres Bratislava V;Bratislavský samosprávny kraj;;;;e-VUC;Novy
61-52346986-A0008;61-52346986-A0008;;Ambulancia zubného lekárstva, Bratislava-Petržalka;Smart Dental Clinic s.r.o.;Zubné lekárstvo, Rádiológia;Údernícka 3277/7;Bratislava-Petržalka;85101;Okres Bratislava V;Bratislavský samosprávny kraj;;;;e-VUC;Novy
61-52346986-A0009;61-52346986-A0009;;Ambulancia zubného lekárstva, Bratislava-Petržalka;Smart Dental Clinic s.r.o.;Zubné lekárstvo;Údernícka 3277/7;Bratislava-Petržalka;85101;Okres Bratislava V;Bratislavský samosprávny kraj;;;;e-VUC;Novy
61-52346986-A0010;61-52346986-A0010;;Ambulancia zubného lekárstva, Bratislava-Petržalka;Smart Dental Clinic s.r.o.;Zubné lekárstvo;Údernícka 3277/7;Bratislava-Petržalka;85101;Okres Bratislava V;Bratislavský samosprávny kraj;;;;e-VUC;Novy
61-52346986-A0011;61-52346986-A0011;;Ambulancia zubného lekárstva, Bratislava-Petržalka;Smart Dental Clinic s.r.o.;Zubné lekárstvo;Údernícka 3277/7;Bratislava-Petržalka;85101;Okres Bratislava V;Bratislavský samosprávny kraj;;;;e-VUC;Novy
61-52346986-A0012;61-52346986-A0012;;Ambulancia zubného lekárstva, Bratislava-Petržalka;Smart Dental Clinic s.r.o.;Zubné lekárstvo;Údernícka 3277/7;Bratislava-Petržalka;85101;Okres Bratislava V;Bratislavský samosprávny kraj;;;;e-VUC;Novy
61-56123868-A0001;61-56123868-A0001;;Ambulancia zubného lekárstva, Bratislava-Jarovce;art DENT s.r.o.;Zubné lekárstvo;polyfunkčný bytový dom SO 01, Smaragdová 579/7;Bratislava-Jarovce;85110;Okres Bratislava V;Bratislavský samosprávny kraj;;;;e-VUC;Novy
61-55854907-A0001;61-55854907-A0001;;La Denta s.r.o, Bratislava-Petržalka;LUXURY Dent s.r.o.;Zubné lekárstvo;Poliklinika Šustekova, Šustekova 2422/2;Bratislava-Petržalka;85104;Okres Bratislava V;Bratislavský samosprávny kraj;;;;e-VUC;Novy
61-55811957-A0001;61-55811957-A0001;;Ambulancia zubného lekárstva, Dr. Vasyl Havryso, Bratislava-Petržalka;DOLOR DENT s.r.o.;Zubné lekárstvo;zdravotné stredisko, Fedinova 3289/9;Bratislava-Petržalka;85101;Okres Bratislava V;Bratislavský samosprávny kraj;;;;e-VUC;Novy
61-57259046-A0001;61-57259046-A0001;;Ambulancia zubného lekárstva, Stupava;TomiD s. r. o.;Zubné lekárstvo;Pri Polankach 3823/1;Stupava;90031;Okres Malacky;Bratislavský samosprávny kraj;;;;e-VUC;Novy
61-56206976-A0004;61-56206976-A0004;;Ambulancia zubného lekárstva, Vysoká pri Morave;SM DENTAL GROUP s. r. o.;Zubné lekárstvo;od 26.08.2026 do 26.08.2026;;;Okres Malacky;Bratislavský samosprávny kraj;;;;e-VUC;Novy
61-56206976-A0002;61-56206976-A0002;;Ambulancia zubného lekárstva, Stupava;SM DENTAL GROUP s. r. o.;Zubné lekárstvo;Hlavná 3688/71;Stupava;90031;Okres Malacky;Bratislavský samosprávny kraj;;;;e-VUC;Novy
61-56206976-A0003;61-56206976-A0003;;Ambulancia zubného lekárstva, Stupava;SM DENTAL GROUP s. r. o.;Zubné lekárstvo;Hlavná 3688/71;Stupava;90031;Okres Malacky;Bratislavský samosprávny kraj;;;;e-VUC;Novy
61-56206976-A0001;61-56206976-A0001;;Ambulancia zubného lekárstva, Veľké Leváre;SM DENTAL GROUP s. r. o.;Zubné lekárstvo;od 17.08.2026 do 17.08.2026;;;Okres Malacky;Bratislavský samosprávny kraj;;;;e-VUC;Novy
61-56914989-A0001;61-56914989-A0001;;Ambulancia zubného lekárstva, Stupava;3M dent s. r. o.;Zubné lekárstvo;Pri Polankach 3823/1;Stupava;90031;Okres Malacky;Bratislavský samosprávny kraj;;;;e-VUC;Novy
61-56582200-A0001;61-56582200-A0001;;Dental Špitál - ambulancia zubného lekárstva, Malacky;DentalŠpital s.r.o.;Zubné lekárstvo, Dentoalveolárna chirurgia;Brnianska 2099/1;Malacky;90101;Okres Malacky;Bratislavský samosprávny kraj;;;;e-VUC;Novy
61-56582200-A0002;61-56582200-A0002;;Dental Špitál - ambulancia zubného lekárstva, Malacky;DentalŠpital s.r.o.;Zubné lekárstvo, Dentoalveolárna chirurgia;Brnianska 2099/1;Malacky;90101;Okres Malacky;Bratislavský samosprávny kraj;;;;e-VUC;Novy
51-36367745-A0002;51-36367745-A0002;;Ambulancia zubného lekárstva, Malacky;STOMAT, s.r.o.;Zubné lekárstvo, Dentoalveolárna chirurgia;Malé námestie 2873/24;Malacky;90101;Okres Malacky;Bratislavský samosprávny kraj;;;;e-VUC;Novy
61-52797350-A0001;61-52797350-A0001;;Ambulancia zubného lekárstva, Stupava;Dr. Martin Stupava s.r.o.;Zubné lekárstvo;Pri Polankach 3823/1;Stupava;90031;Okres Malacky;Bratislavský samosprávny kraj;;;;e-VUC;Novy
61-52797350-A0002;61-52797350-A0002;;Ambulancia zubného lekárstva, Stupava;Dr. Martin Stupava s.r.o.;Zubné lekárstvo;Pri Polankach 3823/1;Stupava;90031;Okres Malacky;Bratislavský samosprávny kraj;;;;e-VUC;Novy
61-52797350-A0003;61-52797350-A0003;;Ambulancia zubného lekárstva, Stupava;Dr. Martin Stupava s.r.o.;Zubné lekárstvo;Pri Polankach 3823/1;Stupava;90031;Okres Malacky;Bratislavský samosprávny kraj;;;;e-VUC;Novy
61-52797350-A0004;61-52797350-A0004;;Ambulancia zubného lekárstva, Stupava;Dr. Martin Stupava s.r.o.;Zubné lekárstvo;Pri Polankach 3823/1;Stupava;90031;Okres Malacky;Bratislavský samosprávny kraj;;;;e-VUC;Novy
61-52797350-A0005;61-52797350-A0005;;Ambulancia zubného lekárstva, Stupava;Dr. Martin Stupava s.r.o.;Zubné lekárstvo;Pri Polankach 3823/1;Stupava;90031;Okres Malacky;Bratislavský samosprávny kraj;;;;e-VUC;Novy
61-56172044-A0001;61-56172044-A0001;;Ambulancia zubného lekárstva, Dr. Kateryna Rybkina, Plavecký Štvrtok;REDENTA s. r. o.;Zubné lekárstvo;zdravotné stredisko, Plavecký Štvrtok 600;Plavecký Štvrtok;90068;Okres Malacky;Bratislavský samosprávny kraj;;;;e-VUC;Novy
61-51102315-A0003;61-51102315-A0003;;Ambulancia zubného lekárstva, Malacky;Dentlife Malacky s. r. o.;Zubné lekárstvo;Polyfunkčný dom Pezinská, Pezinská 6220/11E;Malacky;90101;Okres Malacky;Bratislavský samosprávny kraj;;;;e-VUC;Novy
61-50922041-A0002;61-50922041-A0002;;Ambulancia zubného lekárstva, Malacky;DENTLOVE s.r.o.;Zubné lekárstvo;Sasinkova 72/5;Malacky;90101;Okres Malacky;Bratislavský samosprávny kraj;;;;e-VUC;Novy
51-51487683-A0005;51-51487683-A0005;;Ambulancia zubného lekárstva, Malacky;Family Dental Care - Ortho s. r. o.;Zubné lekárstvo;Duklianskych hrdinov 2998;Malacky;90101;Okres Malacky;Bratislavský samosprávny kraj;;;;e-VUC;Novy
61-54615496-A0001;61-54615496-A0001;;Ambulancia zubného lekárstva, Záhorská Ves;K Dent & Trade s. r. o.;Zubné lekárstvo;zdravotné stredisko, Hlavná 29/184;Záhorská Ves;90065;Okres Malacky;Bratislavský samosprávny kraj;;;;e-VUC;Novy
61-54807735-A0003;61-54807735-A0003;;Ambulancia zubného lekárstva, Malacky;Centrum dentálneho zdravia s.r.o.;Zubné lekárstvo;City Residence Malacky, Javorová 6160/2;Malacky;90101;Okres Malacky;Bratislavský samosprávny kraj;;;;e-VUC;Novy
61-54807735-A0004;61-54807735-A0004;;Ambulancia zubného lekárstva, Malacky;Centrum dentálneho zdravia s.r.o.;Zubné lekárstvo, Dentoalveolárna chirurgia;City Residence Malacky, Javorová 6160/2;Malacky;90101;Okres Malacky;Bratislavský samosprávny kraj;;;;e-VUC;Novy
61-54807735-A0001;61-54807735-A0001;;Ambulancia zubného lekárstva, Malacky;Centrum dentálneho zdravia s.r.o.;Zubné lekárstvo;City Residence Malacky, Javorová 6160/2;Malacky;90101;Okres Malacky;Bratislavský samosprávny kraj;;;;e-VUC;Novy
61-54807735-A0002;61-54807735-A0002;;Ambulancia zubného lekárstva, Malacky;Centrum dentálneho zdravia s.r.o.;Zubné lekárstvo;City Residence Malacky, Javorová 6160/2;Malacky;90101;Okres Malacky;Bratislavský samosprávny kraj;;;;e-VUC;Novy
61-55067913-A0001;61-55067913-A0001;;Ambulancia zubného lekárstva, Malacky;DoliDent, s. r. o.;Zubné lekárstvo;, Materská dovolenka;;;Okres Malacky;Bratislavský samosprávny kraj;;;;e-VUC;Novy
61-46252355-A0017;61-46252355-A0017;;Ambulancia zubného lekárstva, Malacky;Family Dental Care s. r. o.;Zubné lekárstvo;Duklianskych hrdinov 2998;Malacky;90101;Okres Malacky;Bratislavský samosprávny kraj;;;;e-VUC;Novy
61-46252355-A0018;61-46252355-A0018;;Ambulancia zubného lekárstva, Malacky;Family Dental Care s. r. o.;Zubné lekárstvo;Duklianskych hrdinov 2998;Malacky;90101;Okres Malacky;Bratislavský samosprávny kraj;;;;e-VUC;Novy
61-46252355-A0020;61-46252355-A0020;;Ambulancia dentálnej hygieny, Malacky;Family Dental Care s. r. o.;Dentálna hygiena;Duklianskych hrdinov 2998;Malacky;90101;Okres Malacky;Bratislavský samosprávny kraj;;;;e-VUC;Novy
61-46252355-A0019;61-46252355-A0019;;Ambulancia dentálnej hygieny, Malacky;Family Dental Care s. r. o.;Dentálna hygiena;Duklianskych hrdinov 2998;Malacky;90101;Okres Malacky;Bratislavský samosprávny kraj;;;;e-VUC;Novy
61-54669782-A0001;61-54669782-A0001;;Ambulancia zubného lekárstva, MDDr. Katarína Čarná, Kuchyňa;Pankiki s.r.o.;Zubné lekárstvo, Dentoalveolárna chirurgia;zdravotné stredisko, Kuchyňa 203;Kuchyňa;90052;Okres Malacky;Bratislavský samosprávny kraj;;;;e-VUC;Novy
61-45908982-A0001;61-45908982-A0001;;Ambulancia zubného lekárstva, Malacky;RubyD s.r.o.;Zubné lekárstvo;Na brehu 5311/3;Malacky;90101;Okres Malacky;Bratislavský samosprávny kraj;;;;e-VUC;Novy
61-54131570-A0001;61-54131570-A0001;;Ambulancia zubného lekárstva, Plavecký Mikuláš;Zubná ambulancia Plavecký Mikuláš s.r.o.;Zubné lekárstvo;Plavecký Mikuláš 294;Plavecký Mikuláš;90635;Okres Malacky;Bratislavský samosprávny kraj;;;;e-VUC;Novy
61-46252355-A0012;61-46252355-A0012;;Ambulancia zubného lekárstva, Stupava;Family Dental Care s. r. o.;Zubné lekárstvo;Mlynská 1850/1;Stupava;90031;Okres Malacky;Bratislavský samosprávny kraj;;;;e-VUC;Novy
61-46252355-A0013;61-46252355-A0013;;Ambulancia zubného lekárstva, Stupava;Family Dental Care s. r. o.;Zubné lekárstvo;Mlynská 1850/1;Stupava;90031;Okres Malacky;Bratislavský samosprávny kraj;;;;e-VUC;Novy
61-46252355-A0010;61-46252355-A0010;;Ambulancia zubného lekárstva, Stupava;Family Dental Care s. r. o.;Zubné lekárstvo;Mlynská 1850/1;Stupava;90031;Okres Malacky;Bratislavský samosprávny kraj;;;;e-VUC;Novy
61-46252355-A0011;61-46252355-A0011;;Ambulancia zubného lekárstva, Stupava;Family Dental Care s. r. o.;Zubné lekárstvo;Mlynská 1850/1;Stupava;90031;Okres Malacky;Bratislavský samosprávny kraj;;;;e-VUC;Novy
61-51487683-A0005;61-51487683-A0005;;Ambulancia zubného lekárstva, Malacky;Family Dental Care - Ortho s. r. o.;Zubné lekárstvo;Duklianskych hrdinov 2998;Malacky;90101;Okres Malacky;Bratislavský samosprávny kraj;;;;e-VUC;Novy
61-51469073-A0002;61-51469073-A0002;;Ambulancia zubného lekárstva, Malacky;HQ Dental, s.r.o.;Zubné lekárstvo;Stupavská 1352/86;Malacky;90101;Okres Malacky;Bratislavský samosprávny kraj;;;;e-VUC;Novy
61-53660161-A0002;61-53660161-A0002;;Dr. Olha Tsyhyka, zubný asistent, Stupava;KV DENT s.r.o.;Zubné lekárstvo;Hlavná 3688/71;Stupava;90031;Okres Malacky;Bratislavský samosprávny kraj;;;;e-VUC;Novy
61-53660161-A0001;61-53660161-A0001;;Ambulancia zubného lekárstva , Dr.Katarzyna Karolina Zielonka , zubný lekár, Stupava;KV DENT s.r.o.;Zubné lekárstvo;Hlavná 3688/71;Stupava;90031;Okres Malacky;Bratislavský samosprávny kraj;;;;e-VUC;Novy
61-53208251-A0001;61-53208251-A0001;;Ambulancia zubného lekárstva, Zohor;Denteum s. r. o.;Zubné lekárstvo, Dentoalveolárna chirurgia;Zdravotné stredisko, Kvetná ulica 565/34;Zohor;90051;Okres Malacky;Bratislavský samosprávny kraj;;;;e-VUC;Novy
61-50162144-A0002;61-50162144-A0002;;Ambulancia dentálnej hygieny, Stupava;Bc. Michaela Klímová;Dentálna hygiena;Jána Ondruša 3403/65;Stupava;90031;Okres Malacky;Bratislavský samosprávny kraj;;;;e-VUC;Novy
61-46252355-A0007;61-46252355-A0007;;Ambulancia zubného lekárstva, Malacky;Family Dental Care s. r. o.;Zubné lekárstvo, Dentoalveolárna chirurgia;Duklianskych hrdinov 2998;Malacky;90101;Okres Malacky;Bratislavský samosprávny kraj;;;;e-VUC;Novy
61-46252355-A0008;61-46252355-A0008;;Ambulancia zubného lekárstva, Malacky;Family Dental Care s. r. o.;Zubné lekárstvo, Dentoalveolárna chirurgia;Duklianskych hrdinov 2998;Malacky;90101;Okres Malacky;Bratislavský samosprávny kraj;;;;e-VUC;Novy
61-46252355-A0009;61-46252355-A0009;;Ambulancia zubného lekárstva, Malacky;Family Dental Care s. r. o.;Zubné lekárstvo, Dentoalveolárna chirurgia;Duklianskych hrdinov 2998;Malacky;90101;Okres Malacky;Bratislavský samosprávny kraj;;;;e-VUC;Novy
61-46695133-A0001;61-46695133-A0001;;SKMV DENT s.r.o., Vysoká pri Morave;SKMV DENT s.r.o.;Zubné lekárstvo;Krátka 548/2;Vysoká pri Morave;90066;Okres Malacky;Bratislavský samosprávny kraj;;;;e-VUC;Novy
61-52509818-A0001;61-52509818-A0001;;Ambulancia zubného lekárstva, Lozorno;VAŠE ZUBNÉ CENTRUM s.r.o.;Zubné lekárstvo, Dentoalveolárna chirurgia, Implantológia;zdravotné stredisko, Krátka 654/1;Lozorno;90055;Okres Malacky;Bratislavský samosprávny kraj;;;;e-VUC;Novy
61-51695804-A0001;61-51695804-A0001;;Ambulancia zubného lekárstva MUDr. Jana Kanasová s.r.o., Gajary;ARYDENT s. r. o.;Zubné lekárstvo;zdravotné stredisko, Skuteckého 486/62;Gajary;90061;Okres Malacky;Bratislavský samosprávny kraj;;;;e-VUC;Novy
61-51469073-A0001;61-51469073-A0001;;Ambulancia zubného lekárstva, Malacky;HQ Dental, s.r.o.;Zubné lekárstvo;Stupavská 1352/86;Malacky;90101;Okres Malacky;Bratislavský samosprávny kraj;;;;e-VUC;Novy
61-57138923-A0001;61-57138923-A0001;;Ambulancia zubného lekárstva, Pezinok;IN dental s. r. o.;Zubné lekárstvo;Sama Chalupku 5992/1A;Pezinok;90201;Okres Pezinok;Bratislavský samosprávny kraj;;;;e-VUC;Novy
61-57120951-A0001;61-57120951-A0001;;Ambulancia zubného lekárstva, Pezinok;MDDr. Viera Benková;Zubné lekárstvo;Psychiatrická nemocnica Philippa Pinela Pezinok, Malacká cesta 2192/63;Pezinok;90201;Okres Pezinok;Bratislavský samosprávny kraj;;;;e-VUC;Novy
61-47869551-A0002;61-47869551-A0002;;Ambulancia zubného lekárstva, Modra;K-DENT s.r.o.;Zubné lekárstvo;Kalinčiakova 569/2;Modra;90001;Okres Pezinok;Bratislavský samosprávny kraj;;;;e-VUC;Novy
61-47869551-A0003;61-47869551-A0003;;Ambulancia zubného lekárstva, Modra;K-DENT s.r.o.;Zubné lekárstvo;Kalinčiakova 569/2;Modra;90001;Okres Pezinok;Bratislavský samosprávny kraj;;;;e-VUC;Novy
61-47869551-A0004;61-47869551-A0004;;Ambulancia zubného lekárstva, Modra;K-DENT s.r.o.;Zubné lekárstvo;Kalinčiakova 569/2;Modra;90001;Okres Pezinok;Bratislavský samosprávny kraj;;;;e-VUC;Novy
61-47869551-A0005;61-47869551-A0005;;Ambulancia zubného lekárstva, Modra;K-DENT s.r.o.;Zubné lekárstvo;Kalinčiakova 569/2;Modra;90001;Okres Pezinok;Bratislavský samosprávny kraj;;;;e-VUC;Novy
61-47869551-A0006;61-47869551-A0006;;Ambulancia zubného lekárstva, Modra;K-DENT s.r.o.;Zubné lekárstvo;Kalinčiakova 569/2;Modra;90001;Okres Pezinok;Bratislavský samosprávny kraj;;;;e-VUC;Novy
51-37841327-A0001;51-37841327-A0001;;Ambulancia dentálnej hygieny-LillDent, Slovenský Grob;Bc. Erika Uhrincová;Dentálna hygiena;Dúhová 965/5;Slovenský Grob;90026;Okres Pezinok;Bratislavský samosprávny kraj;;;;e-VUC;Novy
61-57138991-A0001;61-57138991-A0001;;Ambulancia zubného lekárstva, Pezinok;Švarc kids dental s. r. o.;Zubné lekárstvo;polyfunkčný objekt, Sama Chalupku 5992/1A;Pezinok;90201;Okres Pezinok;Bratislavský samosprávny kraj;;;;e-VUC;Novy
61-52131238-A0002;61-52131238-A0002;;Ambulancia zubného lekárstva, Mgr.Bc. Michaela Džoganíková, Pezinok;EFDent s.r.o.;Zubné lekárstvo;Šancová 5815/6;Pezinok;90201;Okres Pezinok;Bratislavský samosprávny kraj;;;;e-VUC;Novy
61-52131238-A0003;61-52131238-A0003;;Ambulancia zubného lekárstva, MDDr. Dominika Macková, Pezinok;EFDent s.r.o.;Zubné lekárstvo;Šancová 5815/6;Pezinok;90201;Okres Pezinok;Bratislavský samosprávny kraj;;;;e-VUC;Novy
61-52131238-A0004;61-52131238-A0004;;Ambulancia zubného lekárstva, MDDr Filip Kočiš, Pezinok;EFDent s.r.o.;Zubné lekárstvo, Dentoalveolárna chirurgia;Šancová 5815/6;Pezinok;90201;Okres Pezinok;Bratislavský samosprávny kraj;;;;e-VUC;Novy
61-52913503-A0001;61-52913503-A0001;;Ambulancia zubného lekárstva, Šenkvice;Fun Dent s. r. o.;Zubné lekárstvo;Vinohradská 610/57;Šenkvice;90081;Okres Pezinok;Bratislavský samosprávny kraj;;;;e-VUC;Novy
61-55890261-A0001;61-55890261-A0001;;Ambulancia zubného lekárstva, MDDr. Zuzana Andrisová, Modra;ZanDental Care, s. r. o.;Zubné lekárstvo;Vajanského 886/1;Modra;90001;Okres Pezinok;Bratislavský samosprávny kraj;;;;e-VUC;Novy
61-46252355-A0021;61-46252355-A0021;;Ambulancia zubného lekárstva, Pezinok;Family Dental Care s. r. o.;Zubné lekárstvo;Hollého 5292/4;Pezinok;90201;Okres Pezinok;Bratislavský samosprávny kraj;;;;e-VUC;Novy
61-46252355-A0022;61-46252355-A0022;;Ambulancia zubného lekárstva, Pezinok;Family Dental Care s. r. o.;Zubné lekárstvo;Hollého 5292/4;Pezinok;90201;Okres Pezinok;Bratislavský samosprávny kraj;;;;e-VUC;Novy
61-55771131-A0001;61-55771131-A0001;;Ambulancia zubného lekárstva, doc. MUDr. Mgr. Ján Kováč, PhD., MPH, Modra;Dentaville, s. r. o.;Zubné lekárstvo, Dentoalveolárna chirurgia, Rádiológia;Dolná 44/46;Modra;90001;Okres Pezinok;Bratislavský samosprávny kraj;;;;e-VUC;Novy
61-47175923-A0001;61-47175923-A0001;;Ambulancia zubného lekárstva, MUDr. Stanislav Ďuriš, Budmerice;DURISstomat s. r. o.;Zubné lekárstvo;Budmerice 43;Budmerice;90086;Okres Pezinok;Bratislavský samosprávny kraj;;;;e-VUC;Novy
61-55546391-A0001;61-55546391-A0001;;Ambulancia zubného lekárstva, Maryana Kit, Svätý Jur;Dentville s. r. o.;Zubné lekárstvo, Dentoalveolárna chirurgia, Implantológia;zdravotné stredisko, Hergottova 848/2;Svätý Jur;90021;Okres Pezinok;Bratislavský samosprávny kraj;;;;e-VUC;Novy
61-55250084-A0001;61-55250084-A0001;;Ambulancia zubného lekárstva, Pezinok;MDDr. Daniela Nosková;Zubné lekárstvo;Sama Chalupku 5992/1A;Pezinok;90201;Okres Pezinok;Bratislavský samosprávny kraj;;;;e-VUC;Novy
61-53471237-A0001;61-53471237-A0001;;Ambulancia zubného lekárstva, Svätý Jur;Maryana Kit;Zubné lekárstvo, Dentoalveolárna chirurgia, Implantológia;zdravotné stredisko, Hergottova 848/2;Svätý Jur;90021;Okres Pezinok;Bratislavský samosprávny kraj;;;;e-VUC;Novy
61-46252355-A0005;61-46252355-A0005;;Ambulancia zubného lekárstva, Pezinok;Family Dental Care s. r. o.;Zubné lekárstvo, Dentoalveolárna chirurgia;Mestská poliklinika Pezinok, Hollého 1078/2;Pezinok;90201;Okres Pezinok;Bratislavský samosprávny kraj;;;;e-VUC;Novy
61-53178092-A0001;61-53178092-A0001;;Ambulancia zubného lekárstva, Báhoň;ZUB A ZÚBOK s.r.o.;Zubné lekárstvo;Zdravotné stredisko Báhoň, 1. mája 139/11;Báhoň;90084;Okres Pezinok;Bratislavský samosprávny kraj;;;;e-VUC;Novy
61-52131238-A0001;61-52131238-A0001;;Ambulancia zubného lekárstva, Pezinok;EFDent s.r.o.;Zubné lekárstvo;Mestská poliklinika Pezinok, Hollého 1078/2;Pezinok;90201;Okres Pezinok;Bratislavský samosprávny kraj;;;;e-VUC;Novy
61-51802571-A0001;61-51802571-A0001;;Ambulancia zubného lekárstva, MDDr. Michaela Ondovcikova, Šenkvice;AmazonDent, s.r.o.;Zubné lekárstvo, Dentoalveolárna chirurgia;zdravotné stredisko, Vinohradská 610/57;Šenkvice;90081;Okres Pezinok;Bratislavský samosprávny kraj;;;;e-VUC;Novy
61-51025094-A0001;61-51025094-A0001;;Ambulancia zubného lekárstva, Daria Pryiemska, Modra;YELLOW DENTAL s.r.o.;Zubné lekárstvo;Nemocnica Modra, Vajanského 886/1;Modra;90001;Okres Pezinok;Bratislavský samosprávny kraj;;;;e-VUC;Novy
61-51120771-A0001;61-51120771-A0001;;Ambulancia dentálnej hygieny, Modra;Ľudmila Galášová;Dentálna hygiena;Kellenbergerova 1471/15;Modra;90001;Okres Pezinok;Bratislavský samosprávny kraj;;;;e-VUC;Novy
51-45333319-A0003;51-45333319-A0003;;Ambulancia zubného lekárstva, Pezinok;3Z ZdravéZubyZáhora, s. r. o.;Zubné lekárstvo;E. Suchoňa 16;Pezinok;90201;Okres Pezinok;Bratislavský samosprávny kraj;;;;e-VUC;Novy
61-37841327-A0001;61-37841327-A0001;;Ambulancia dentálnej hygieny-LillDent, Slovenský Grob;Bc. Erika Uhrincová;Dentálna hygiena;Dúhová 965/5;Slovenský Grob;90026;Okres Pezinok;Bratislavský samosprávny kraj;;;;e-VUC;Novy
61-44687656-A0002;61-44687656-A0002;;Ambulancia zubného lekárstva, MUDr. Radomír Tarek, Pezinok;TAREK DENTAL, s.r.o.;Zubné lekárstvo;od 10.08.2026 do 14.08.2026;;;Okres Pezinok;Bratislavský samosprávny kraj;;;;e-VUC;Novy
61-48153010-A0003;61-48153010-A0003;;Ambulancia zubného lekárstva, Modra;Centrum ústneho zdravia s. r. o.;Zubné lekárstvo, Dentoalveolárna chirurgia;Dolná 44/46;Modra;90001;Okres Pezinok;Bratislavský samosprávny kraj;;;;e-VUC;Novy
61-48153010-A0001;61-48153010-A0001;;Ambulancia zubného lekárstva, Modra;Centrum ústneho zdravia s. r. o.;Zubné lekárstvo, Dentoalveolárna chirurgia;Dolná 44/46;Modra;90001;Okres Pezinok;Bratislavský samosprávny kraj;;;;e-VUC;Novy
61-57022666-A0001;61-57022666-A0001;;TRI VODY ZUBNÁ KLINIKA, Malinovo;Stomatológia SK s. r. o.;Zubné lekárstvo;Hviezdna 1235/1;Malinovo;90045;Okres Senec;Bratislavský samosprávny kraj;;;;e-VUC;Novy
61-56813147-A0001;61-56813147-A0001;;Ambulancia dentálnej hygieny, Senec;Dentalna Hygiena Erika Nagyova s. r. o.;Dentálna hygiena;ELV PRODUKT, Nitrianska 888/3;Senec;90301;Okres Senec;Bratislavský samosprávny kraj;;;;e-VUC;Novy
61-56306202-A0001;61-56306202-A0001;;Ambulancia zubného lekárstva, Chorvátsky Grob;HappyDent PRO s. r. o.;Zubné lekárstvo;obchodné centrum MONAR, Rubínová ulica 3134/1;Chorvátsky Grob;90025;Okres Senec;Bratislavský samosprávny kraj;;;;e-VUC;Novy
61-56354754-A0001;61-56354754-A0001;;Ambulancia zubného lekárstva, Kráľová pri Senci;Lucy dental s. r. o.;Zubné lekárstvo;Zdravotné stredisko, Kráľová pri Senci 327;Kráľová pri Senci;90050;Okres Senec;Bratislavský samosprávny kraj;;;;e-VUC;Novy
61-54977363-A0001;61-54977363-A0001;;Ambulancia zubného lekárstva, Rovinka;MK & dent s.r.o.;Zubné lekárstvo;zdravotné stredisko , Hlavná 209;Rovinka;90041;Okres Senec;Bratislavský samosprávny kraj;;;;e-VUC;Novy
61-55968571-A0001;61-55968571-A0001;;Ambulancia zubného lekárstva, Senec;Zubs dental, s. r. o.;Zubné lekárstvo;Poliklinika Senec, Nám. 1. mája 54/6;Senec;90301;Okres Senec;Bratislavský samosprávny kraj;;;;e-VUC;Novy
61-55339280-A0001;61-55339280-A0001;;Stomatologické centrum Ladento, Hurbanova Ves;Ladento s. r. o.;Zubné lekárstvo, Dentoalveolárna chirurgia;Senecká ulica 122;Hurbanova Ves;90301;Okres Senec;Bratislavský samosprávny kraj;;;;e-VUC;Novy
61-55339280-A0002;61-55339280-A0002;;Stomatologické centrum Ladento, Hurbanova Ves;Ladento s. r. o.;Zubné lekárstvo, Dentoalveolárna chirurgia;Senecká ulica 122;Hurbanova Ves;90301;Okres Senec;Bratislavský samosprávny kraj;;;;e-VUC;Novy
51-36601594-A0002;51-36601594-A0002;;Ambulancia zubného lekárstva, Chorvátsky Grob;HAPPYDENT, s.r.o.;Zubné lekárstvo, Dentoalveolárna chirurgia, Implantológia;Obchodné centrum MONAR, Rubínová 3134/1;Chorvátsky Grob;90025;Okres Senec;Bratislavský samosprávny kraj;;;;e-VUC;Novy
61-55074758-A0001;61-55074758-A0001;;Ambulancia dentálnej hygieny, Miloslavov;ZK dent s.r.o.;Dentálna hygiena;HRON 37 PLUS, Jaseňová ulica 2360/3;Miloslavov;90042;Okres Senec;Bratislavský samosprávny kraj;;;;e-VUC;Novy
61-50565851-A0005;61-50565851-A0005;;Ambulancia zubného lekárstva, Bernolákovo;Family Dental Care - Bernolákovo s.r.o.;Zubné lekárstvo, Dentoalveolárna chirurgia, Dentálna hygiena;Viničná 1540/5;Bernolákovo;90027;Okres Senec;Bratislavský samosprávny kraj;;;;e-VUC;Novy
61-50565851-A0006;61-50565851-A0006;;Ambulancia zubného lekárstva, Bernolákovo;Family Dental Care - Bernolákovo s.r.o.;Zubné lekárstvo, Dentálna hygiena;Viničná 1540/5;Bernolákovo;90027;Okres Senec;Bratislavský samosprávny kraj;;;;e-VUC;Novy
61-50565851-A0007;61-50565851-A0007;;Ambulancia zubného lekárstva, Bernolákovo;Family Dental Care - Bernolákovo s.r.o.;Zubné lekárstvo, Dentálna hygiena;Viničná 1540/5;Bernolákovo;90027;Okres Senec;Bratislavský samosprávny kraj;;;;e-VUC;Novy
61-55056679-A0002;61-55056679-A0002;;Ambulancia zubného lekárstva, Bernolákovo;MK3Dent, s.r.o.;Zubné lekárstvo;Hlavná 6043/105A;Bernolákovo;90027;Okres Senec;Bratislavský samosprávny kraj;;;;e-VUC;Novy
61-55056679-A0003;61-55056679-A0003;;Ambulancia zubného lekárstva, Bernolákovo;MK3Dent, s.r.o.;Zubné lekárstvo;Hlavná 6043/105A;Bernolákovo;90027;Okres Senec;Bratislavský samosprávny kraj;;;;e-VUC;Novy
61-55056679-A0004;61-55056679-A0004;;Ambulancia dentálnej hygieny, Bernolákovo;MK3Dent, s.r.o.;Dentálna hygiena;Hlavná 6043/105A;Bernolákovo;90027;Okres Senec;Bratislavský samosprávny kraj;;;;e-VUC;Novy
61-55056679-A0001;61-55056679-A0001;;Ambulancia zubného lekárstva, Bernolákovo;MK3Dent, s.r.o.;Zubné lekárstvo;Hlavná 6043/105A;Bernolákovo;90027;Okres Senec;Bratislavský samosprávny kraj;;;;e-VUC;Novy
61-53592140-A0001;61-53592140-A0001;;Life Dent, Senec;Life dental s.r.o.;Zubné lekárstvo;Nám. 1. mája 9A;Senec;90301;Okres Senec;Bratislavský samosprávny kraj;;;;e-VUC;Novy
61-51430029-A0002;61-51430029-A0002;;Dr.Belan Dental Clinic, Rovinka;Magdent s.r.o.;Zubné lekárstvo, Dentoalveolárna chirurgia, Implantológia;Benalex Investment, Rovinka 475;Rovinka;90041;Okres Senec;Bratislavský samosprávny kraj;;;;e-VUC;Novy
61-51430029-A0003;61-51430029-A0003;;Dr.Belan Dental Clinic, Rovinka;Magdent s.r.o.;Dentálna hygiena;Benalex Investment, Rovinka 475;Rovinka;90041;Okres Senec;Bratislavský samosprávny kraj;;;;e-VUC;Novy
61-53389603-A0001;61-53389603-A0001;;Ambulancia zubného lekárstva, Senec;Mea Stoma s.r.o.;Zubné lekárstvo;Nám. 1. mája 474/10;Senec;90301;Okres Senec;Bratislavský samosprávny kraj;;;;e-VUC;Novy
61-46213643-A0002;61-46213643-A0002;;CAMBRIDGE DENTAL GROUP, Tomášov;CAMBRIDGE CLINIC s.r.o.;Zubné lekárstvo;zdravotné stredisko, Malinovská 267/3;Tomášov;90044;Okres Senec;Bratislavský samosprávny kraj;;;;e-VUC;Novy
61-46252355-A0004;61-46252355-A0004;;Ambulancia zubného lekárstva, Dunajská Lužná;Family Dental Care s. r. o.;Zubné lekárstvo, Dentoalveolárna chirurgia;Lipnická 3153/2A;Dunajská Lužná;90042;Okres Senec;Bratislavský samosprávny kraj;;;;e-VUC;Novy
61-50565851-A0002;61-50565851-A0002;;Ambulancia zubného lekárstva, Bernolákovo;Family Dental Care - Bernolákovo s.r.o.;Zubné lekárstvo;Viničná 1540/5;Bernolákovo;90027;Okres Senec;Bratislavský samosprávny kraj;;;;e-VUC;Novy
61-50565851-A0003;61-50565851-A0003;;Ambulancia zubného lekárstva, Bernolákovo;Family Dental Care - Bernolákovo s.r.o.;Zubné lekárstvo;Viničná 1540/5;Bernolákovo;90027;Okres Senec;Bratislavský samosprávny kraj;;;;e-VUC;Novy
61-50565851-A0004;61-50565851-A0004;;Ambulancia zubného lekárstva, Bernolákovo;Family Dental Care - Bernolákovo s.r.o.;Zubné lekárstvo;Viničná 1540/5;Bernolákovo;90027;Okres Senec;Bratislavský samosprávny kraj;;;;e-VUC;Novy
61-46364820-A0001;61-46364820-A0001;;Ambulancia dentálnej hygieny, Senec;Michaela Hatalová;Dentálna hygiena;Poliklinika Senec, Nám. 1. mája 54/6;Senec;90301;Okres Senec;Bratislavský samosprávny kraj;;;;e-VUC;Novy
61-52356744-A0001;61-52356744-A0001;;Ambulancia zubného lekárstva, Senec;KAVI - DENT s. r. o.;Zubné lekárstvo;Gymnázium Antona Bernoláka, Lichnerova 112/69;Senec;90301;Okres Senec;Bratislavský samosprávny kraj;;;;e-VUC;Novy
61-52706923-A0001;61-52706923-A0001;;Ambulancia dentálnej hygieny, Senec;Erika Nagyová;Dentálna hygiena;ELV PRODUKT, Nitrianska 888/3;Senec;90301;Okres Senec;Bratislavský samosprávny kraj;;;;e-VUC;Novy
61-52497917-A0001;61-52497917-A0001;;Zubná ambulancia Veľký Biel, s.r.o., Veľký Biel;M - clinic, s. r. o.;Zubné lekárstvo;zdravotné stredisko, Poľovnícka 291/14;Veľký Biel;90024;Okres Senec;Bratislavský samosprávny kraj;;;;e-VUC;Novy
51-51161036-A0001;51-51161036-A0001;;Ambulancia zubného lekárstva, Senec;Smile SV s. r. o.;Zubné lekárstvo;Mierové nám. 6/11;Senec;90301;Okres Senec;Bratislavský samosprávny kraj;;;;e-VUC;Novy
61-47367946-A0005;61-47367946-A0005;;Ambulancia dentálnej hygieny, Dunajská Lužná;Dental Point s. r. o.;Dentálna hygiena;Jarná;Dunajská Lužná;90042;Okres Senec;Bratislavský samosprávny kraj;;;;e-VUC;Novy
61-42135273-A0004;61-42135273-A0004;;Ambulancia dentálnej hygieny, Bernolákovo;MUDr. Eva Macajová;Dentálna hygiena;Hlavná 6043/105A;Bernolákovo;90027;Okres Senec;Bratislavský samosprávny kraj;;;;e-VUC;Novy
61-42135273-A0002;61-42135273-A0002;;Ambulancia zubného lekárstva, Bernolákovo;MUDr. Eva Macajová;Zubné lekárstvo;Hlavná 6043/105A;Bernolákovo;90027;Okres Senec;Bratislavský samosprávny kraj;;;;e-VUC;Novy
61-42135273-A0003;61-42135273-A0003;;Ambulancia zubného lekárstva, Bernolákovo;MUDr. Eva Macajová;Zubné lekárstvo;Hlavná 6043/105A;Bernolákovo;90027;Okres Senec;Bratislavský samosprávny kraj;;;;e-VUC;Novy
61-51940213-A0001;61-51940213-A0001;;Zubná ambulancia,Dr. Harbuz Ghenadie, Senec;B-DENTA s.r.o.;Zubné lekárstvo;Moyzesova 5745/1;Senec;90301;Okres Senec;Bratislavský samosprávny kraj;;;;e-VUC;Novy
68-56096208-A0001;68-56096208-A0001;;Ambulancia zubného lekárstva, Ihor Sorokopud, Gelnica;Gelnica Dent s. r. o.;Zubné lekárstvo;Hlavná 118/29;Gelnica;05601;Okres Gelnica;Košický samosprávny kraj;;;;e-VUC;Novy
68-56099401-A0001;68-56099401-A0001;;Ambulancia zubného lekárstva, MDDr. Ivana Sárossyová, Gelnica;IVA DENTAL s. r. o.;Zubné lekárstvo;Hlavná 155/121;Gelnica;05601;Okres Gelnica;Košický samosprávny kraj;;;;e-VUC;Novy
68-53569491-A0001;68-53569491-A0001;;Ambulancia zubného lekárstva, MUDr. Silvia Varadzinová, Švedlár;Romadent, s.r.o.;Zubné lekárstvo;Švedlár 87;Švedlár;05334;Okres Gelnica;Košický samosprávny kraj;;;;e-VUC;Novy
68-44371063-A0001;68-44371063-A0001;;Ambulancia dentálnej hygieny, Gelnica;Mgr. Michaela Eližerová;Dentálna hygiena;Slovenská 77/42;Gelnica;05601;Okres Gelnica;Košický samosprávny kraj;;;;e-VUC;Novy
68-50408682-A0007;68-50408682-A0007;;Ambulancia zubného lekárstva, Margecany;Orto Sport Centrum s.r.o.;Zubné lekárstvo;Železničná 92/21;Margecany;05501;Okres Gelnica;Košický samosprávny kraj;;;;e-VUC;Novy
68-50682881-A0002;68-50682881-A0002;;Ambulancia zubného lekárstva, MDDr. Barbora Kocáková, Margecany;Stomatológia Margecany, s.r.o.;Zubné lekárstvo;Obchodná 126/5;Margecany;05501;Okres Gelnica;Košický samosprávny kraj;;;;e-VUC;Novy
68-31984932-A0001;68-31984932-A0001;;Ambulancia zubného lekárstva, MUDr. Milan Šoltýs, Kluknava;MUDr. Milan Šoltýs;Zubné lekárstvo;Kluknava 190;Kluknava !;05351;Okres Gelnica;Košický samosprávny kraj;;;;e-VUC;Novy
68-36600016-A0001;68-36600016-A0001;;Ambulancia zubného lekárstva, MUDr. Karol Svitek, Gelnica;SVIDENT, s. r. o.;Zubné lekárstvo;Športová 1840/43;Gelnica;05601;Okres Gelnica;Košický samosprávny kraj;;;;e-VUC;Novy
68-47402733-A0002;68-47402733-A0002;;Ambulancia zubného lekárstva, MUDr. Adriana Grančičová, Gelnica;STOMATEL, s.r.o.;Zubné lekárstvo;Hlavná 155/121;Gelnica;05601;Okres Gelnica;Košický samosprávny kraj;;;;e-VUC;Novy
68-31983901-A0001;68-31983901-A0001;;Ambulancia zubného lekárstva, MUDr. Mária Kaľavská, Prakovce;MUDr. Mária Kaľavská;Zubné lekárstvo;Prakovce 13;Prakovce;05562;Okres Gelnica;Košický samosprávny kraj;;;;e-VUC;Novy
68-44910142-A0001;68-44910142-A0001;;Ambulancia zubného lekárstva, Smolník;Helident s.r.o.;Zubné lekárstvo;Smolník 1;Smolník;05566;Okres Gelnica;Košický samosprávny kraj;;;;e-VUC;Novy
68-35513489-A0001;68-35513489-A0001;;Ambulancia zubného lekárstva, MUDr. Mária Danielová, Nálepkovo;MUDr. Mária Danielová;Zubné lekárstvo;Cintorínska 591/4;Nálepkovo;05333;Okres Gelnica;Košický samosprávny kraj;;;;e-VUC;Novy
68-42239591-A0001;68-42239591-A0001;;Ambulancia zubného lekárstva, MUDr. Adrián Daniel, Nálepkovo;MUDr. Adrián Daniel;Zubné lekárstvo, Dentoalveolárna chirurgia;od 14.08.2026 do 14.08.2026;;;Okres Gelnica;Košický samosprávny kraj;;;;e-VUC;Novy
68-57349819-A0001;68-57349819-A0001;;Ambulancia zubného lekárstva, MUDr. Dana Čambálová, Rozhanovce;RozDent s. r. o.;Zubné lekárstvo;Kostolná 449/1;Rozhanovce;04442;Okres Košice - okolie;Košický samosprávny kraj;;;;e-VUC;Novy
68-57325685-A0001;68-57325685-A0001;;Ambulancia zubného lekárstva, MDDr. Tatiana Trembecká, Turňa nad Bodvou;Zdravý zúbok s. r. o.;Zubné lekárstvo;Hájska cesta 366/1;Turňa nad Bodvou;04402;Okres Košice - okolie;Košický samosprávny kraj;;;;e-VUC;Novy
68-53070054-A0001;68-53070054-A0001;;Ambulancia zubného lekárstva, MDDr. Tímea Ongyiková, Moldava nad Bodvou;Zúbky Moldava, s. r. o.;Zubné lekárstvo;Československej armády 1088/35;Moldava nad Bodvou;04501;Okres Košice - okolie;Košický samosprávny kraj;;;;e-VUC;Novy
68-52722937-A0001;68-52722937-A0001;;Ambulancia zubného lekárstva, MUDr. Zdenka Bodrucká, Čaňa;BO-dent, s.r.o.;Zubné lekárstvo;Pionierska 1145/33;Čaňa;04414;Okres Košice - okolie;Košický samosprávny kraj;;;;e-VUC;Novy
68-55755721-A0001;68-55755721-A0001;;Ambulancia zubného lekárstva, MUDr. Anna Póšová, Buzica;Zubná ambulancia Buzica s. r. o.;Zubné lekárstvo;Buzica 117;Buzica;04473;Okres Košice - okolie;Košický samosprávny kraj;;;;e-VUC;Novy
68-54471656-A0001;68-54471656-A0001;;Ambulancia zubného lekárstva, MUDr. Edita Weiserová, Moldava nad Bodvou;WEISDENT s. r. o.;Zubné lekárstvo;Československej armády 1088/35;Moldava nad Bodvou;04501;Okres Košice - okolie;Košický samosprávny kraj;;;;e-VUC;Novy
68-53100697-A0001;68-53100697-A0001;;Ambulancia zubného lekárstva, MDDr. Barbora Bodenlosová, Vyšný Medzev;denti belli s.r.o.;Zubné lekárstvo;Hrdinov SNP 152/112;Vyšný Medzev;04425;Okres Košice - okolie;Košický samosprávny kraj;;;;e-VUC;Novy
68-53275802-A0001;68-53275802-A0001;;Ambulancia zubného lekárstva, MUDr. Zuzana Vincová, Poproč;VIDENTAL s.r.o.;Zubné lekárstvo, Dentoalveolárna chirurgia;Východná 323/23;Poproč;04424;Okres Košice - okolie;Košický samosprávny kraj;;;;e-VUC;Novy
68-52576931-A0001;68-52576931-A0001;;Ambulancia zubného lekárstva, Dr. Vladimír Tornyos, Seňa;DenTintin s.r.o.;Zubné lekárstvo;Seňa 341;Seňa;04458;Okres Košice - okolie;Košický samosprávny kraj;;;;e-VUC;Novy
68-52357261-A0001;68-52357261-A0001;;Ambulancia zubného lekárstva, Miklós Volujko, Moldava nad Bodvou;Stoma-SM s.r.o.;Zubné lekárstvo;Rožňavská 605/15;Moldava nad Bodvou;04501;Okres Košice - okolie;Košický samosprávny kraj;;;;e-VUC;Novy
68-50301012-A0001;68-50301012-A0001;;Ambulancia zubného lekárstva, Bidovce;RepairDent s.r.o.;Zubné lekárstvo;Bidovce 56;Bidovce;04445;Okres Košice - okolie;Košický samosprávny kraj;;;;e-VUC;Novy
68-46361219-A0003;68-46361219-A0003;;Ambulancia zubného lekárstva, MUDr. Ľubica Onufráková, Haniska;Dr. PROKI, s.r.o.;Zubné lekárstvo, Choroby slizníc ústnej dutiny a paradontu;Haniska 102;Haniska;04457;Okres Košice - okolie;Košický samosprávny kraj;;;;e-VUC;Novy
68-46615113-A0003;68-46615113-A0003;;Ambulancia zubného lekárstva, MUDr. Marek Prokopovič, Čaňa;Kapadent, s.r.o.;Zubné lekárstvo;Sídlisková 11;Čaňa;04414;Okres Košice - okolie;Košický samosprávny kraj;;;;e-VUC;Novy
68-48199508-A0002;68-48199508-A0002;;Ambulancia zubného lekárstva, Turňa nad Bodvou;VMV dent s.r.o.;Zubné lekárstvo;Turňa nad Bodvou 366;Turňa nad Bodvou;04402;Okres Košice - okolie;Košický samosprávny kraj;;;;e-VUC;Novy
68-50394738-A0001;68-50394738-A0001;;Ambulancia zubného lekárstva, MDDR. Eva Dobranská, Bidovce;DENT-BID s.r.o.;Zubné lekárstvo;Bidovce 56;Bidovce;04445;Okres Košice - okolie;Košický samosprávny kraj;;;;e-VUC;Novy
68-31703615-A0003;68-31703615-A0003;;Ambulancia zubného lekárstva, MUDr. Emilián Gramata, Kecerovce;GRADENT, s. r. o.;Zubné lekárstvo;Kecerovce 61;Kecerovce;04447;Okres Košice - okolie;Košický samosprávny kraj;;;;e-VUC;Novy
68-36605484-A0002;68-36605484-A0002;;Ambulancia zubného lekárstva, MDDr.Lea Jevčáková, Sady nad Torysou;Dentinea s. r. o.;Zubné lekárstvo;Sady nad Torysou;Sady nad Torysou;04441;Okres Košice - okolie;Košický samosprávny kraj;;;;e-VUC;Novy
68-42095107-A0001;68-42095107-A0001;;Ambulancia zubného lekárstva, MUDr. Mohňanská Tunde, Perín-Chym;MUDr. Tünde Mohňanská;Zubné lekárstvo;Perín-Chym 180;Perín-Chym;04474;Okres Košice - okolie;Košický samosprávny kraj;;;;e-VUC;Novy
68-36731463-A0001;68-36731463-A0001;;Ambulancia zubného lekárstva, MUDr. Mária Chvojková, Jasov;Z+K Dent s.r.o.;Zubné lekárstvo;Jasov 177;Jasov;04423;Okres Košice - okolie;Košický samosprávny kraj;;;;e-VUC;Novy
68-36658014-A0001;68-36658014-A0001;;Ambulancia zubného lekárstva, Ruskov;ANDA DENT s.r.o.;Zubné lekárstvo;Ruskov 97;Ruskov;04419;Okres Košice - okolie;Košický samosprávny kraj;;;;e-VUC;Novy
68-46590871-A0002;68-46590871-A0002;;Ambulancia zubného lekárstva, MUDr. Jozef Minčík, Phd., Šemša;ZITADENT, s.r.o.;Zubné lekárstvo;Hlavná 139;Šemša;04421;Okres Košice - okolie;Košický samosprávny kraj;;;;e-VUC;Novy
68-36609536-A0001;68-36609536-A0001;;Ambulancia zubného lekárstva, MUDr. Jozef Tokár, Moldava nad Bodvou;STOMATOK s.r.o.;Zubné lekárstvo;Československej armády 1088/35;Moldava nad Bodvou;04501;Okres Košice - okolie;Košický samosprávny kraj;;;;e-VUC;Novy
68-35510889-A0001;68-35510889-A0001;;ObZS , Ambulancia zubného lekárstva, Turňa nad Bodvou;MUDr. Terézia Orosová;Zubné lekárstvo;Hlavná ulica 620/48;Turňa nad Bodvou;04402;Okres Košice - okolie;Košický samosprávny kraj;;;;e-VUC;Novy
68-36604658-A0001;68-36604658-A0001;;Ambulancia zubného lekárstva, MUDr. Ladislav Eštok, Kráľovce;NEODENT s.r.o.;Zubné lekárstvo, Dentoalveolárna chirurgia;Zdravotné stredisko, Kráľovce 128;Kráľovce;04444;Okres Košice - okolie;Košický samosprávny kraj;;;;e-VUC;Novy
68-46590871-A0001;68-46590871-A0001;;Ambulancia zubného lekárstva, MDDr. Aneta Rebičová, Kysak;ZITADENT, s.r.o.;Zubné lekárstvo;Kysak 327;Kysak;04481;Okres Košice - okolie;Košický samosprávny kraj;;;;e-VUC;Novy
68-35517450-A0001;68-35517450-A0001;;Ambulancia zubného lekárstva, MUDr. Edita Weiserová, Moldava nad Bodvou;MUDr. Edita Weiserová;Zubné lekárstvo;Československej armády 1088/35;Moldava nad Bodvou;04501;Okres Košice - okolie;Košický samosprávny kraj;;;;e-VUC;Novy
68-47009802-A0001;68-47009802-A0001;;Ambulancia zubného lekárstva, MUDr. Gabriela Wohlfahrtová, Kostoľany nad Hornádom;WWDENT, s.r.o.;Zubné lekárstvo;Staničná 19/15;Kostoľany nad Hornádom;04431;Okres Košice - okolie;Košický samosprávny kraj;;;;e-VUC;Novy
68-36605484-A0001;68-36605484-A0001;;Ambulancia zubného lekárstva, MUDr. Jana Tomková, Košická Belá;Dentinea s. r. o.;Zubné lekárstvo;Košická Belá 256;Košická Belá;04465;Okres Košice - okolie;Košický samosprávny kraj;;;;e-VUC;Novy
68-36591092-A0001;68-36591092-A0001;;Ambulancia zubného lekárstva, MUDr. Peter Rajczi, Moldava nad Bodvou;STOMA - BELLA s.r.o.;Zubné lekárstvo;Československej armády 1088/35;Moldava nad Bodvou;04501;Okres Košice - okolie;Košický samosprávny kraj;;;;e-VUC;Novy
68-56418329-A0001;68-56418329-A0001;;Ambulancia zubného lekárstva, MDDr. Svetlana Krescanko, PhD., Košice-Sever;Clinic Star s. r. o.;Zubné lekárstvo, Dentoalveolárna chirurgia;Letná 11/45;Košice-Sever;04001;Okres Košice I;Košický samosprávny kraj;;;;e-VUC;Novy
68-36617008-A0002;68-36617008-A0002;;Ambulancia zubného lekárstva, MDDr. Simona Svatková, Košice-Staré Mesto;SenseDent s. r. o.;Zubné lekárstvo;Pri Jazdiarni 1010/1;Košice-Staré Mesto;04001;Okres Košice I;Košický samosprávny kraj;;;;e-VUC;Novy
68-56240058-A0001;68-56240058-A0001;;Ambulancia zubného lekárstva, Košice-Staré Mesto;Strečko Services s. r. o.;Zubné lekárstvo;Protifašistických Bojovníkov 11;Košice-Staré Mesto;04001;Okres Košice I;Košický samosprávny kraj;;;;e-VUC;Novy
68-54197376-A0002;68-54197376-A0002;;Ambulancia zubného lekárstva, Košice-Staré Mesto;VIKTORIA DENT s.r.o.;Zubné lekárstvo;Protifašistických bojovníkov 832/3;Košice-Staré Mesto;04001;Okres Košice I;Košický samosprávny kraj;;;;e-VUC;Novy
68-54197376-A0001;68-54197376-A0001;;Ambulancia zubného lekárstva, Košice-Staré Mesto;VIKTORIA DENT s.r.o.;Zubné lekárstvo;Moyzesova 1035/32;Košice-Staré Mesto;04001;Okres Košice I;Košický samosprávny kraj;;;;e-VUC;Novy
68-57050601-A0001;68-57050601-A0001;;Ambulancia zubného lekárstva, MDDr. Nikola Imrichová, Košice-Staré Mesto;VitaSmile s. r. o.;Zubné lekárstvo;Pajorova 1161/8;Košice-Staré Mesto;04001;Okres Košice I;Košický samosprávny kraj;;;;e-VUC;Novy
68-56139900-A0001;68-56139900-A0001;;Ambulancia zubného lekárstva, MUDr. Nikola Mitrová, PhD., Košice-Staré Mesto;M - Dent s.r.o;Zubné lekárstvo;Dominikánske námestie 3458/6;Košice-Staré Mesto;04001;Okres Košice I;Košický samosprávny kraj;;;;e-VUC;Novy
68-56522568-A0001;68-56522568-A0001;;Ambulancia zubného lekárstva, MDDr. Lenka Mandičáková, Košice-Staré Mesto;Dr. Mandičáková, s. r. o.;Zubné lekárstvo;Tatranská 1232/25;Košice-Staré Mesto;04001;Okres Košice I;Košický samosprávny kraj;;;;e-VUC;Novy
68-54402786-A0001;68-54402786-A0001;;Ambulancia zubného lekárstva, MDDr. Amália Antolík Bujňáková, Košice-Staré Mesto;Casa Dental, s. r. o.;Zubné lekárstvo, Dentoalveolárna chirurgia, Implantológia;Hlavná 121/5;Košice-Staré Mesto;04001;Okres Košice I;Košický samosprávny kraj;;;;e-VUC;Novy
51-54406625-A0002;51-54406625-A0002;;Ambulancia dentálnej hygieny, Košice-Staré Mesto;L-Dent s.r.o.;Dentálna hygiena;Moyzesova 1026/46;Košice-Staré Mesto;04001;Okres Košice I;Košický samosprávny kraj;;;;e-VUC;Novy
68-46866256-A0001;68-46866256-A0001;;Ambulancia zubného lekárstva, MUDr. Renáta Kaiser Rehová, Košice-Sever;REDENT s.r.o.;Zubné lekárstvo;Hlinkova 619/1;Košice-Sever;04001;Okres Košice I;Košický samosprávny kraj;;;;e-VUC;Novy
68-55349609-A0001;68-55349609-A0001;;Ambulancia zubného lekárstva, MDDr. Miroslava Hadbavná , Košice-Staré Mesto;MIMI dent s.r.o.;Zubné lekárstvo;Strojárenská 9;Košice-Staré Mesto;04001;Okres Košice I;Košický samosprávny kraj;;;;e-VUC;Novy
68-36598895-A0002;68-36598895-A0002;;Ambulancia zubného lekárstva, MUDr. Edita Jordánová, Košice-Staré Mesto;DENTE s.r.o.;Zubné lekárstvo, Dentoalveolárna chirurgia;Mojmírova 6/8;Košice-Staré Mesto;04001;Okres Košice I;Košický samosprávny kraj;;;;e-VUC;Novy
51-36601594-A0001;51-36601594-A0001;;Ambulancia zubného lekárstva, Košice-Staré Mesto;HAPPYDENT, s.r.o.;Zubné lekárstvo, Dentoalveolárna chirurgia, Implantológia;Protifašistických bojovníkov 11;Košice-Staré Mesto;04001;Okres Košice I;Košický samosprávny kraj;;;;e-VUC;Novy
68-55079903-A0001;68-55079903-A0001;;Ambulancia zubného lekárstva, MUDr. Andre Vinnaiová, Košice-Staré Mesto;Dentaduo s. r. o.;Zubné lekárstvo, Detské zubné lekárstvo;Alžbetina 665/30;Košice-Staré Mesto;04001;Okres Košice I;Košický samosprávny kraj;;;;e-VUC;Novy
68-53642741-A0002;68-53642741-A0002;;Ambulancia zubného lekárstva, Košice-Staré Mesto;LV DENT s.r.o.;Zubné lekárstvo;Strojárenská 3426/11;Košice-Staré Mesto;04001;Okres Košice I;Košický samosprávny kraj;;;;e-VUC;Novy
68-54436851-A0002;68-54436851-A0002;;Ambulancia zubného lekárstva, MDDr. Deana Rozprávková, Košice-Staré Mesto;Alžbetinum s.r.o.;Zubné lekárstvo;Alžbetina 653/55;Košice-Staré Mesto;04001;Okres Košice I;Košický samosprávny kraj;;;;e-VUC;Novy
68-52186466-A0002;68-52186466-A0002;;Ambulancia zubného lekárstva, Košice-Staré Mesto;DentaTec s.r.o.;Zubné lekárstvo;Stará baštová 967/3;Košice-Staré Mesto;04001;Okres Košice I;Košický samosprávny kraj;;;;e-VUC;Novy
68-54515513-A0001;68-54515513-A0001;;Ambulancia zubného lekárstva, MUDr. Katarína Lukáčová, Košice-Staré Mesto;LKDdent s.r.o.;Zubné lekárstvo;Rooseveltova 806/18;Košice-Staré Mesto;04001;Okres Košice I;Košický samosprávny kraj;;;;e-VUC;Novy
68-54436851-A0001;68-54436851-A0001;;Ambulancia zubného lekárstva, MDDr. Deana Rozprávková, Košice-Staré Mesto;Alžbetinum s.r.o.;Zubné lekárstvo;Alžbetina 653/55;Košice-Staré Mesto;04001;Okres Košice I;Košický samosprávny kraj;;;;e-VUC;Novy
68-53820509-A0001;68-53820509-A0001;;Ambulancia zubného lekárstva, MUDr. Lucia Blanárová, Košice-Staré Mesto;Amadent s.r.o.;Zubné lekárstvo;Hlavná 61/116;Košice-Staré Mesto;04001;Okres Košice I;Košický samosprávny kraj;;;;e-VUC;Novy
68-52186466-A0001;68-52186466-A0001;;Ambulancia zubného lekárstva, Košice-Staré Mesto;DentaTec s.r.o.;Zubné lekárstvo;Stará baštová 967/3;Košice-Staré Mesto;04001;Okres Košice I;Košický samosprávny kraj;;;;e-VUC;Novy
68-53544404-A0001;68-53544404-A0001;;Ambulancia zubného lekárstva, MDDr. Soňa Svobodová, Košice-Staré Mesto;SOS Dent s.r.o.;Zubné lekárstvo;Strojárenská 1099/13;Košice-Staré Mesto;04001;Okres Košice I;Košický samosprávny kraj;;;;e-VUC;Novy
68-36595284-A0002;68-36595284-A0002;;Ambulancia zubného lekárstva, MDDr. Lenka Budziňáková, Košice-Staré Mesto;QUALIDENT, s.r.o.;Zubné lekárstvo;, Zástup na našom pracovisku Trieda SNP 61/A.;;;Okres Košice I;Košický samosprávny kraj;;;;e-VUC;Novy
68-50933507-A0001;68-50933507-A0001;;Ambulancia zubného lekárstva, MUDr. Katarína Mižáková, Košice-Sever;Family DENTAL POINT s. r. o.;Zubné lekárstvo;Urbánkova 1559/2;Košice-Sever;04001;Okres Košice I;Košický samosprávny kraj;;;;e-VUC;Novy
68-52543510-A0001;68-52543510-A0001;;Ambulancia zubného lekárstva, MDDr. Lucia Kurjanová, Košice-Staré Mesto;LUK Dent s.r.o.;Zubné lekárstvo;Biela 262/2;Košice-Staré Mesto;04001;Okres Košice I;Košický samosprávny kraj;;;;e-VUC;Novy
68-57219591-A0001;68-57219591-A0001;;Ambulancia zubného lekárstva, MDDr. Zuzana Křemenová, Košice-Sídlisko KVP;Zentea s. r. o.;Zubné lekárstvo;Cottbuská 1581/13;Košice-Sídlisko KVP;04023;Okres Košice II;Košický samosprávny kraj;;;;e-VUC;Novy
68-36595284-A0003;68-36595284-A0003;;Ambulancia zubného lekárstva, Košice-Západ;QUALIDENT, s.r.o.;Zubné lekárstvo;Trieda SNP 407/61;Košice-Západ;04011;Okres Košice II;Košický samosprávny kraj;;;;e-VUC;Novy
68-48035491-A0002;68-48035491-A0002;;Ambulancia zubného lekárstva, Košice-Západ;Dental One, s.r.o.;Zubné lekárstvo;Zuzkin Park 472/6;Košice-Západ;04011;Okres Košice II;Košický samosprávny kraj;;;;e-VUC;Novy
68-55523927-A0001;68-55523927-A0001;;Ambulancia zubného lekárstva, Angelina Lendiel, Košice-Západ;LeGaDent s. r. o.;Zubné lekárstvo;Inovecká 602/3;Košice-Západ;04011;Okres Košice II;Košický samosprávny kraj;;;;e-VUC;Novy
68-56129271-A0001;68-56129271-A0001;;Ambulancia dentálnej hygieny, Bc. Lenka Cupráková , Košice-Západ;Bc. Lenka Cupráková;Dentálna hygiena;Moldavská 2415/49;Košice-Západ;04011;Okres Košice II;Košický samosprávny kraj;;;;e-VUC;Novy
68-46614648-A0002;68-46614648-A0002;;Ambulancia dentálnej hygieny, Košice-Západ;DENTSTAR, s.r.o.;Dentálna hygiena;, Dovolenka;;;Okres Košice II;Košický samosprávny kraj;;;;e-VUC;Novy
51-53292421-A0001;51-53292421-A0001;;Ambulancia zubného lekárstva, Košice-Západ;DENTALORTHO s.r.o.;Zubné lekárstvo;Moldavská 47;Košice-Západ;04011;Okres Košice II;Košický samosprávny kraj;;;;e-VUC;Novy
68-55014488-A0001;68-55014488-A0001;;Ambulancia zubného lekárstva, Košice-Sídlisko KVP;stomatologke s.r.o.;Zubné lekárstvo;Jána Pavla II. 3100/1;Košice-Sídlisko KVP;04023;Okres Košice II;Košický samosprávny kraj;;;;e-VUC;Novy
68-47238542-A0002;68-47238542-A0002;;Ambulancia zubného lekárstva, MDDr. Ján Kolesár, Košice-Západ;S - Denta s.r.o.;Zubné lekárstvo;Moldavská 2415/49;Košice-Západ;04011;Okres Košice II;Košický samosprávny kraj;;;;e-VUC;Novy
68-36603449-A0002;68-36603449-A0002;;Ambulancia zubného lekárstva, MUDr. Dagmar Ledecká, Košice-Západ;ZUBKY s. r. o.;Zubné lekárstvo;Inovecká 601/1;Košice-Západ;04011;Okres Košice II;Košický samosprávny kraj;;;;e-VUC;Novy
68-51921871-A0001;68-51921871-A0001;;Ambulancia zubného lekárstva, MDDr. Andrea Stašková, Košice-Západ;KEROdent s.r.o.;Zubné lekárstvo;Považská 1969/40A;Košice-Západ;04011;Okres Košice II;Košický samosprávny kraj;;;;e-VUC;Novy
68-36751103-A0041;68-36751103-A0041;;Ambulancia zubného lekárstva, Košice-Západ;Ergomed Poliklinika, s.r.o.;Zubné lekárstvo;Moldavská 1360/21;Košice-Západ;04011;Okres Košice II;Košický samosprávny kraj;;;;e-VUC;Novy
68-54436761-A0001;68-54436761-A0001;;Ambulancia zubného lekárstva, MUDr. Marek Prokopovič, Košice-Západ;Sigma Dent, s.r.o.;Zubné lekárstvo;Stropkovská 1431/55;Košice-Západ;04011;Okres Košice II;Košický samosprávny kraj;;;;e-VUC;Novy
51-00606707-A0276;51-00606707-A0276;;SVaLZ, stomatologická rádiológia, Košice-Západ;Univerzitná nemocnica L. Pasteura Košice;Rádiológia;Trieda SNP 457/1;Košice-Západ;04011;Okres Košice II;Košický samosprávny kraj;;;;e-VUC;Novy
68-57311013-A0001;68-57311013-A0001;;Ambulancia dentálnej hygieny, Bc. Erik Vencel, Košice-Dargov.hrdinov;ERVEN s. r. o.;Dentálna hygiena;Trieda arm. gen. Svobodu 1520/1;Košice-Dargov.hrdinov;04022;Okres Košice III;Košický samosprávny kraj;;;;e-VUC;Novy
68-56693362-A0001;68-56693362-A0001;;Ambulancia zubného lekárstva, MDDr. Katarína Illés Vernarecová, Košice-Dargov.hrdinov;InoDent s.r.o.;Zubné lekárstvo;Maršala Koneva 985/1;Košice-Dargov.hrdinov;04022;Okres Košice III;Košický samosprávny kraj;;;;e-VUC;Novy
68-56416474-A0001;68-56416474-A0001;;Ambulancia zubného lekárstva, MUDr. Andrea Vödrösová, Košice-Dargov.hrdinov;STOMATELIÉR, s. r. o.;Zubné lekárstvo;Maršala Koneva 985/1;Košice-Dargov.hrdinov;04022;Okres Košice III;Košický samosprávny kraj;;;;e-VUC;Novy
68-53583035-A0001;68-53583035-A0001;;Ambulancia zubného lekárstva, MDDr. Ivana Angelovičová, Košice-Dargov.hrdinov;FABRYDENT s.r.o.;Zubné lekárstvo;Fábryho 961/44;Košice-Dargov.hrdinov;04022;Okres Košice III;Košický samosprávny kraj;;;;e-VUC;Novy
68-53642741-A0001;68-53642741-A0001;;Ambulancia zubného lekárstva, MUDr. Lívia Vargová, Košice-Dargov.hrdinov;LV DENT s.r.o.;Zubné lekárstvo;Maršala Koneva 985/1;Košice-Dargov.hrdinov;04022;Okres Košice III;Košický samosprávny kraj;;;;e-VUC;Novy
68-53292421-A0001;68-53292421-A0001;;Ambulancia zubného lekárstva, MUDr. Silvia Nedbáleková, Košice-Dargov.hrdinov;DENTALORTHO s.r.o.;Zubné lekárstvo;Maršala Koneva 985/1;Košice-Dargov.hrdinov;04022;Okres Košice III;Košický samosprávny kraj;;;;e-VUC;Novy
68-52046940-A0001;68-52046940-A0001;;Ambulancia zubného lekárstva, MUDr. Milko Rusinko, Košice-Dargov.hrdinov;MUDr. Milko Rusinko s.r.o.;Zubné lekárstvo;Maurerova 895/21;Košice-Dargov.hrdinov;04022;Okres Košice III;Košický samosprávny kraj;;;;e-VUC;Novy
68-50881418-A0001;68-50881418-A0001;;Ambulancia zubného lekárstva, Košice-Dargov.hrdinov;MDDr. Katarína Illés Vernarecová;Zubné lekárstvo;Maršala Koneva 985/1;Košice-Dargov.hrdinov;04022;Okres Košice III;Košický samosprávny kraj;;;;e-VUC;Novy
68-46568964-A0002;68-46568964-A0002;;Ambulancia zubného lekárstva, MUDr. Alexander Medzihradský, Košice-Dargov.hrdinov;Alexia creative, s.r.o.;Zubné lekárstvo;Trieda arm. gen. Svobodu 1520/1;Košice-Dargov.hrdinov;04022;Okres Košice III;Košický samosprávny kraj;;;;e-VUC;Novy
68-48199508-A0001;68-48199508-A0001;;Ambulancia zubného lekárstva, MUDr. Vlasta Zajacová, Košice-Dargov.hrdinov;VMV dent s.r.o.;Zubné lekárstvo;Maršala Koneva 985/1;Košice-Dargov.hrdinov;04022;Okres Košice III;Košický samosprávny kraj;;;;e-VUC;Novy
68-35523077-A0001;68-35523077-A0001;;Ambulancia zubného lekárstva, MUDr. Lívia Vargová, Košice-Dargov.hrdinov;MUDr. Lívia Vargová;Zubné lekárstvo;Maršala Koneva 985/1;Košice-Dargov.hrdinov;04022;Okres Košice III;Košický samosprávny kraj;;;;e-VUC;Novy
68-47875976-A0001;68-47875976-A0001;;Ambulancia zubného lekárstva, MUDr. Miloš Melicher, Košice-Dargov.hrdinov;MMM dent, s.r.o.;Zubné lekárstvo;Maršala Koneva 985/1;Košice-Dargov.hrdinov;04022;Okres Košice III;Košický samosprávny kraj;;;;e-VUC;Novy
68-35577797-A0001;68-35577797-A0001;;Ambulancia zubného lekárstva, MUDr. Nikola MItrová PhD., Košice-Dargov.hrdinov;MUDr. Nikola Mitrová, PhD.;Zubné lekárstvo;Lidické Námestie 898/16;Košice-Dargov.hrdinov;04022;Okres Košice III;Košický samosprávny kraj;;;;e-VUC;Novy
68-47616326-A0001;68-47616326-A0001;;Ambulancia zubného lekárstva, MDDr. Marta Kyjovská Čičváková, Košice-Dargov.hrdinov;MartiDent s.r.o.;Zubné lekárstvo, Dentoalveolárna chirurgia;Maršala Koneva 985/1;Košice-Dargov.hrdinov;04022;Okres Košice III;Košický samosprávny kraj;;;;e-VUC;Novy
68-46568964-A0001;68-46568964-A0001;;Ambulancia zubného lekárstva, MUDr. Alexander Medzihradský, Košice-Dargov.hrdinov;Alexia creative, s.r.o.;Zubné lekárstvo;Trieda arm. gen. Svobodu 1520/1;Košice-Dargov.hrdinov;04022;Okres Košice III;Košický samosprávny kraj;;;;e-VUC;Novy
68-31262538-A0001;68-31262538-A0001;;Ambulancia zubného lekárstva, MUDr. Jolana Hrušovská, Košice-Dargov.hrdinov;MUDr. Jolana Hrušovská;Zubné lekárstvo;Základná škola, Fábryho 961/44;Košice-Dargov.hrdinov;04022;Okres Košice III;Košický samosprávny kraj;;;;e-VUC;Novy
68-35570245-A0001;68-35570245-A0001;;Ambulancia zubného lekárstva, MUDr.Božena Badlíková, Košice-Dargov.hrdinov;MUDr. Božena Badlíková;Zubné lekárstvo;Postupimská 945/37;Košice-Dargov.hrdinov;04022;Okres Košice III;Košický samosprávny kraj;;;;e-VUC;Novy
51-52095657-A0001;51-52095657-A0001;;Ambulancia zubného lekárstva, Košice-Juh;Scarlett Clinic s.r.o.;Zubné lekárstvo;Gemerská 2068/3;Košice-Juh;04011;Okres Košice IV;Košický samosprávny kraj;;;;e-VUC;Novy
51-36443859-A0002;51-36443859-A0002;;Ambulancia zubného lekárstva, Košice-Juh;AESCULAP, s.r.o. Tatranská Lomnica;Zubné lekárstvo;Gemerská 2068/3;Košice-Juh;04011;Okres Košice IV;Košický samosprávny kraj;;;;e-VUC;Novy
68-55755721-A0002;68-55755721-A0002;;Ambulancia zubného lekárstva, Košice-Juh;Zubná ambulancia Buzica s. r. o.;Zubné lekárstvo;Hollého 1523/3;Košice-Juh;04001;Okres Košice IV;Košický samosprávny kraj;;;;e-VUC;Novy
68-51025442-A0003;68-51025442-A0003;;Ambulancia zubného lekárstva, MDDr. Marcel Riznič, PhD., Košice-Juh;DENTAL CENTER KOŠICE s. r. o.;Zubné lekárstvo;Hollého 1523/3;Košice-Juh;04001;Okres Košice IV;Košický samosprávny kraj;;;;e-VUC;Novy
68-54997747-A0001;68-54997747-A0001;;Ambulancia zubného lekárstva, MUDr. Ukropec Jaroslav, Košice-Juh;UK Dent s.r.o.;Zubné lekárstvo;Rastislavova 786/45;Košice-Juh;04001;Okres Košice IV;Košický samosprávny kraj;;;;e-VUC;Novy
68-54496411-A0001;68-54496411-A0001;;Ambulancia dentálnej hygieny, Bc. Miriama Hajčiová, Košice-Juh;SORRIA DENT s. r. o.;Dentálna hygiena;Mlynárska 2285/3;Košice-Juh;04001;Okres Košice IV;Košický samosprávny kraj;;;;e-VUC;Novy
68-52095657-A0005;68-52095657-A0005;;Ambulancia zubného lekárstva, Košice-Juh;Scarlett Clinic s.r.o.;Zubné lekárstvo;Gemerská 2068/3;Košice-Juh;04011;Okres Košice IV;Košický samosprávny kraj;;;;e-VUC;Novy
51-00606707-A0243;51-00606707-A0243;;SVaLZ, stomatologická rádiológia, Košice-Juh;Univerzitná nemocnica L. Pasteura Košice;Rádiológia;Rastislavova 785/43;Košice-Juh;04001;Okres Košice IV;Košický samosprávny kraj;;;;e-VUC;Novy
68-52050122-A0001;68-52050122-A0001;;Ambulancia zubného lekárstva, MUDr. Róbert Opalka, Strážske;OPAL DENT s.r.o.;Zubné lekárstvo;Mierová 84;Strážske;07222;Okres Michalovce;Košický samosprávny kraj;;;;e-VUC;Novy
68-52050122-A0002;68-52050122-A0002;;Ambulancia zubného lekárstva, MUDr. Róbert Opalka, Michalovce;OPAL DENT s.r.o.;Zubné lekárstvo;L. N. Tolstého 2282/19;Michalovce;07101;Okres Michalovce;Košický samosprávny kraj;;;;e-VUC;Novy
68-46703900-A0002;68-46703900-A0002;;Ambulancia zubného lekárstva, Michalovce;RRdent s. r. o.;Zubné lekárstvo;Slovenská 6229/8;Michalovce;07101;Okres Michalovce;Košický samosprávny kraj;;;;e-VUC;Novy
68-48221899-A0002;68-48221899-A0002;;Ambulancia zubného lekárstva, MDDr. Valentína Skvašik Semanová, Michalovce;VSdent s.r.o.;Zubné lekárstvo;Nám. osloboditeľov 916/25;Michalovce;07101;Okres Michalovce;Košický samosprávny kraj;;;;e-VUC;Novy
68-56093608-A0001;68-56093608-A0001;;Ambulancia zubného lekárstva a zubnej chirurgie, Michalovce;TAUDENT s. r. o.;Zubné lekárstvo, Dentoalveolárna chirurgia, Implantológia;Nad Laborcom 1774/20;Michalovce;07101;Okres Michalovce;Košický samosprávny kraj;;;;e-VUC;Novy
68-56390131-A0001;68-56390131-A0001;;Ambulancia dentálnej hygieny, Bc.Monika Kicová, Michalovce;Bc. Monika Kicová;Dentálna hygiena;Nám. osloboditeľov 916/25;Michalovce;07101;Okres Michalovce;Košický samosprávny kraj;;;;e-VUC;Novy
68-54949530-A0001;68-54949530-A0001;;Ambulancia zubného lekárstva, MUDr. Peter Dziak, Michalovce;Bonadent s.r.o.;Zubné lekárstvo;Martina Rázusa 1849/1;Michalovce;07101;Okres Michalovce;Košický samosprávny kraj;;;;e-VUC;Novy
68-54770041-A0001;68-54770041-A0001;;Ambulancia zubného lekárstva, MDDr. Nikola Belázová, Trhovište;C-STOM s.r.o.;Zubné lekárstvo;Trhovište 50;Trhovište;07204;Okres Michalovce;Košický samosprávny kraj;;;;e-VUC;Novy
68-35518901-A0002;68-35518901-A0002;;Ambulancia zubného lekárstva, Michalovce;MUDr. Miroslava Višňanská;Zubné lekárstvo;Andreja Hrehovčíka 185/1;Michalovce;07101;Okres Michalovce;Košický samosprávny kraj;;;;e-VUC;Novy
68-54493595-A0001;68-54493595-A0001;;Ambulancia zubného lekárstva, MUDr. Oto Krásenský, Michalovce;Krasdent s.r.o.;Zubné lekárstvo;Masarykova 1341/88;Michalovce;07101;Okres Michalovce;Košický samosprávny kraj;;;;e-VUC;Novy
68-54387531-A0001;68-54387531-A0001;;Ambulancia dentálnej hygieny, Mgr. Vlasta Vojnová, dipl.d.h., Michalovce;Mgr. Vlasta Vojnová;Dentálna hygiena;Slovenská 6229/8;Michalovce;07101;Okres Michalovce;Košický samosprávny kraj;;;;e-VUC;Novy
68-54217865-A0001;68-54217865-A0001;;Ambulancia zubného lekárstva, MDDr. Pavol Slosarčik, Michalovce;PS dent s.r.o.;Zubné lekárstvo;Slovenská 6229/8;Michalovce;07101;Okres Michalovce;Košický samosprávny kraj;;;;e-VUC;Novy
68-54207673-A0001;68-54207673-A0001;;Ambulancia zubného lekárstva, MDDr. Vladimír Sivý, Michalovce;SiVDent s. r. o.;Zubné lekárstvo;Slovenská 6229/8;Michalovce;07101;Okres Michalovce;Košický samosprávny kraj;;;;e-VUC;Novy
68-52707717-A0002;68-52707717-A0002;;Ambulancia zubného lekárstva, Michalovce;I.K.Dent s.r.o.;Zubné lekárstvo;Maxima Gorkého 2958/7;Michalovce !;07101;Okres Michalovce;Košický samosprávny kraj;;;;e-VUC;Novy
68-53605080-A0001;68-53605080-A0001;;Ambulancia zubného lekárstva, MDDr. Lucia Slobodníková, Strážske;Zubná ambulancia svätej Rity s.r.o.;Zubné lekárstvo;Mierová 10/19;Strážske;07222;Okres Michalovce;Košický samosprávny kraj;;;;e-VUC;Novy
68-52707717-A0001;68-52707717-A0001;;Ambulancia zubného lekárstva, Michalovce;I.K.Dent s.r.o.;Zubné lekárstvo;Maxima Gorkého 2958/7;Michalovce;07101;Okres Michalovce;Košický samosprávny kraj;;;;e-VUC;Novy
68-52525473-A0001;68-52525473-A0001;;Ambulancia zubného lekárstva, Michalovce;EDADENT 1 s.r.o.;Zubné lekárstvo;Martina Rázusa 1849/1;Michalovce;07101;Okres Michalovce;Košický samosprávny kraj;;;;e-VUC;Novy
68-51917777-A0001;68-51917777-A0001;;Ambulancia zubného lekárstva, Veľké Kapušany;Zubna proteza s.r.o.;Zubné lekárstvo;Vojanská 1934/36;Veľké Kapušany;07901;Okres Michalovce;Košický samosprávny kraj;;;;e-VUC;Novy
68-51710170-A0001;68-51710170-A0001;;Ambulancia zubného lekárstva, MUDr. Angela Čurmová, Michalovce;ACdent s.r.o.;Zubné lekárstvo;Masarykova 1340/86;Michalovce;07101;Okres Michalovce;Košický samosprávny kraj;;;;e-VUC;Novy
68-51477963-A0001;68-51477963-A0001;;Ambulancia zubného lekárstva, MDDr. Peter Tirpák, Veľké Kapušany;T - Smile Dent s.r.o.;Zubné lekárstvo;Zoltána Fábryho 106/21;Veľké Kapušany;07901;Okres Michalovce;Košický samosprávny kraj;;;;e-VUC;Novy
51-36706108-A0001;51-36706108-A0001;;Ambulancia zubného lekárstva, MUDr. Andrea Štecová Paľovčíková, Michalovce;ORTHO KEEP SMILING s.r.o.;Zubné lekárstvo;Kostolné Námestie 5/10;Michalovce;07101;Okres Michalovce;Košický samosprávny kraj;;;;e-VUC;Novy
68-50280333-A0001;68-50280333-A0001;;Ambulancia zubného lekárstva, MUDr. Ján Buša, Michalovce;ZEMPDENT s.r.o.;Zubné lekárstvo;Kapušianska 531/6;Michalovce;07101;Okres Michalovce;Košický samosprávny kraj;;;;e-VUC;Novy
68-57324697-A0001;68-57324697-A0001;;Ambulancia zubného lekárstva, MUDr. Katarína Szombathyová, Rožňava;PROMODENT s. r. o.;Zubné lekárstvo;Štítnická 200/8;Rožňava;04801;Okres Rožňava;Košický samosprávny kraj;;;;e-VUC;Novy
68-45739897-A0018;68-45739897-A0018;;Ambulancia zubného lekárstva, Štítnik;Špecializovaná nemocnica pre choroby hlavy a krku Akadémia Košice, n.o.;Zubné lekárstvo, Dentoalveolárna chirurgia;Ochtinská 447;Štítnik;04932;Okres Rožňava;Košický samosprávny kraj;;;;e-VUC;Novy
68-55878709-A0002;68-55878709-A0002;;Ambulancia zubného lekárstva, MUDr. Adalbert Robert Krump, Rožňava;ZUB RV s. r. o.;Zubné lekárstvo;Krásnohorská 4105/12;Rožňava;04801;Okres Rožňava;Košický samosprávny kraj;;;;e-VUC;Novy
68-55878709-A0001;68-55878709-A0001;;Ambulancia zubného lekárstva, MUDr. Adalbert Robert Krump, Rožňava;ZUB RV s. r. o.;Zubné lekárstvo;Krásnohorská 4105/12;Rožňava;04801;Okres Rožňava;Košický samosprávny kraj;;;;e-VUC;Novy
68-55346162-A0001;68-55346162-A0001;;Ambulancia zubného lekárstva, Rožňava;zupkodent, s. r. o.;Zubné lekárstvo;Janka Kráľa 191/12;Rožňava;04801;Okres Rožňava;Košický samosprávny kraj;;;;e-VUC;Novy
68-52718417-A0001;68-52718417-A0001;;Ambulancia zubného lekárstva, MDDr. Gabriel Müller, Rožňava;StudioDental, s.r.o.;Zubné lekárstvo, Dentoalveolárna chirurgia;Čučmianska dlhá 4279/6;Rožňava;04801;Okres Rožňava;Košický samosprávny kraj;;;;e-VUC;Novy
68-51773511-A0001;68-51773511-A0001;;Ambulancia dentálnej hygieny, Bc. Blažena Benediktyová, Rožňava;DentalBene s.r.o.;Dentálna hygiena;Šafárikova 2246/22;Rožňava;04801;Okres Rožňava;Košický samosprávny kraj;;;;e-VUC;Novy
68-51732564-A0002;68-51732564-A0002;;Ambulancia dentálnej hygieny, Bc. Júlia Tolinová, Rožňava;PROFY-MEDICUS;Dentálna hygiena;Zakarpatská 3811/19;Rožňava;04801;Okres Rožňava;Košický samosprávny kraj;;;;e-VUC;Novy
51-46946357-A0002;51-46946357-A0002;;Ambulancia dentálnej hygieny, Rožňava;Dammet s. r. o.;Dentálna hygiena;J.Kráľa 3;Rožňava;04801;Okres Rožňava;Košický samosprávny kraj;;;;e-VUC;Novy
51-46946357-A0001;51-46946357-A0001;;Ambulancia zubného lekárstva, Rožňava;Dammet s. r. o.;Zubné lekárstvo;J.Kráľa 3;Rožňava;04801;Okres Rožňava;Košický samosprávny kraj;;;;e-VUC;Novy
68-50811983-A0001;68-50811983-A0001;;Ambulancia zubného lekárstva, Ján Šimko, Rožňava;Š-DENT s.r.o.;Zubné lekárstvo;Štítnická 261/13;Rožňava;04801;Okres Rožňava;Košický samosprávny kraj;;;;e-VUC;Novy
68-31261752-A0003;68-31261752-A0003;;Ambulancia zubného lekárstva, MUDr. Eva Krivdová, Rožňava;MUDr. Eva Krivdová;Zubné lekárstvo;Pionierov 642/1;Rožňava;04801;Okres Rožňava;Košický samosprávny kraj;;;;e-VUC;Novy
68-50480995-A0001;68-50480995-A0001;;Ambulancia zubného lekárstva, MDDr. Sabína Kulcsárová, Rožňava;DENTA SK s.r.o.;Zubné lekárstvo;Zakarpatská 3811/19;Rožňava;04801;Okres Rožňava;Košický samosprávny kraj;;;;e-VUC;Novy
68-36716588-A0002;68-36716588-A0002;;Ambulancia zubného lekárstva, MUDr.Magdaléna Szabó Bodáková, Jablonov nad Turňou;Dental-Prim Plus s.r.o.;Zubné lekárstvo;Zdravotné stredisko, Jablonov nad Turňou 860;Jablonov nad Turňou;04943;Okres Rožňava;Košický samosprávny kraj;;;;e-VUC;Novy
68-47067292-A0001;68-47067292-A0001;;Ambulancia zubného lekárstva, MUDr. Katarína Čopáková, Rožňava;ČOKA-DENT s.r.o.;Zubné lekárstvo;Jovická 856/8;Rožňava;04801;Okres Rožňava;Košický samosprávny kraj;;;;e-VUC;Novy
68-46903771-A0001;68-46903771-A0001;;Ambulancia zubného lekárstva, MUDr. Elena Vargová, Rožňava;VEORTHO s.r.o.;Zubné lekárstvo;Špitálska 2198/1;Rožňava;04801;Okres Rožňava;Košický samosprávny kraj;;;;e-VUC;Novy
68-30686270-A0001;68-30686270-A0001;;Ambulancia zubného lekárstva, MUDr. Katarína Szombathyová, Rožňava;MUDr. Katarína Szombathyová;Zubné lekárstvo;Štítnická 200/8;Rožňava;04801;Okres Rožňava;Košický samosprávny kraj;;;;e-VUC;Novy
68-52950042-A0001;68-52950042-A0001;;Ambulancia zubného lekárstva, MUDr. Ingrid Micháleková, Sobrance;MI DENTAL s.r.o.;Zubné lekárstvo;Komenského 263/12;Sobrance;07301;Okres Sobrance;Košický samosprávny kraj;;;;e-VUC;Novy
51-44601662-A0003;51-44601662-A0003;;Ambulancia zubného lekárstva, MUDr. Romančák Pavol, Sobrance;PARODENT, s.r.o.;Zubné lekárstvo;Pri Parku 2;Sobrance;07301;Okres Sobrance;Košický samosprávny kraj;;;;e-VUC;Novy
68-35554126-A0001;68-35554126-A0001;;Ambulancia zubného lekárstva, MUDr. Ingrid Micháleková, Sobrance;MUDr. Ingrid Micháleková;Zubné lekárstvo;Komenského 263/12;Sobrance;07301;Okres Sobrance;Košický samosprávny kraj;;;;e-VUC;Novy
68-47523379-A0001;68-47523379-A0001;;Ambulancia zubného lekárstva, MDDr. Lukáš Kondik, Sobrance;Lookdent s.r.o.;Zubné lekárstvo;od 14.08.2026 do 17.08.2026;;;Okres Sobrance;Košický samosprávny kraj;;;;e-VUC;Novy
68-45467510-A0001;68-45467510-A0001;;Ambulancia zubného lekárstva, MUDr. Eva Leczová, Sobrance;LECDENS s. r. o.;Zubné lekárstvo;Kúpeľská 656/66;Sobrance;07301;Okres Sobrance;Košický samosprávny kraj;;;;e-VUC;Novy
68-46241477-A0001;68-46241477-A0001;;Ambulancia zubného lekárstva, MUDr. Juraj Klamo, Sobrance;KLADENT s. r. o.;Zubné lekárstvo;Tibavská 1427/31;Sobrance;07301;Okres Sobrance;Košický samosprávny kraj;;;;e-VUC;Novy
68-46055258-A0001;68-46055258-A0001;;Ambulancia zubného lekárstva, MUDr. Iveta Bučková, Sobrance;IB-Dent s.r.o.;Zubné lekárstvo, čeľustná ortopédia;Nám. Slobody 586/12;Sobrance;07301;Okres Sobrance;Košický samosprávny kraj;;;;e-VUC;Novy
68-36606758-A0001;68-36606758-A0001;;Ambulancia zubného lekárstva, MDDr. Michaela Tomašurová, Sobrance;HAKOSTOM s.r.o.;Zubné lekárstvo;Mieru 514/3;Sobrance;07301;Okres Sobrance;Košický samosprávny kraj;;;;e-VUC;Novy
68-35518421-A0001;68-35518421-A0001;;Ambulancia zubného lekárstva, MUDr. Silvia Chomičová, Veľké Revištia;MUDr. Silvia Chomičová;Zubné lekárstvo;Veľké Revištia 9;Veľké Revištia;07243;Okres Sobrance;Košický samosprávny kraj;;;;e-VUC;Novy
68-47509465-A0001;68-47509465-A0001;;Ambulancia zubného lekárstva, MUDr. Mikuláš Bežovský, Lekárovce;BEMISTOMA s.r.o.;Zubné lekárstvo;Hlavná 505;Lekárovce;07254;Okres Sobrance;Košický samosprávny kraj;;;;e-VUC;Novy
68-57275599-A0002;68-57275599-A0002;;Ambulancia zubného lekárstva, Smižany;ORTHO KM s. r. o.;Zubné lekárstvo;Brusník 1522/2;Smižany;05311;Okres Spišská Nová Ves;Košický samosprávny kraj;;;;e-VUC;Novy
68-56987293-A0002;68-56987293-A0002;;Ambulancia zubného lekárstva, MDDr. Martin Okály, Smižany;OKA-dent s. r. o.;Zubné lekárstvo;Štúrova 386/14;Smižany;05311;Okres Spišská Nová Ves;Košický samosprávny kraj;;;;e-VUC;Novy
68-56987293-A0001;68-56987293-A0001;;Ambulancia zubného lekárstva, MDDr. Kristýna Ederová, Smižany;OKA-dent s. r. o.;Zubné lekárstvo;Štúrova 386/14;Smižany;05311;Okres Spišská Nová Ves;Košický samosprávny kraj;;;;e-VUC;Novy
68-55477844-A0001;68-55477844-A0001;;Ambulancia dentálnej hygieny, Bc. Lenka Demočková, Hrabušice;LeMident s.r.o.;Dentálna hygiena;Obchodná 577;Hrabušice;05315;Okres Spišská Nová Ves;Košický samosprávny kraj;;;;e-VUC;Novy
68-55890695-A0001;68-55890695-A0001;;Ambulancia dentálnej hygieny, Bc. Hudziková Lucia, Odorín;Bc. Lucia Hudziková;Dentálna hygiena;Odorín 116;Odorín;05322;Okres Spišská Nová Ves;Košický samosprávny kraj;;;;e-VUC;Novy
68-54746582-A0001;68-54746582-A0001;;Ambulancia dentálnej hygieny, Bc. Denisa Vaľková, Spišská Nová Ves;Bc. Denisa Vaľková;Dentálna hygiena;Chrapčiakova 664/1;Spišská Nová Ves;05201;Okres Spišská Nová Ves;Košický samosprávny kraj;;;;e-VUC;Novy
68-54616832-A0001;68-54616832-A0001;;Ambulancia zubného lekárstva, MDDr. Gurčíková Katarína, Spišská Nová Ves;KMG-Dent, s. r. o.;Zubné lekárstvo;Námestie SNP 2258/2;Spišská Nová Ves;05201;Okres Spišská Nová Ves;Košický samosprávny kraj;;;;e-VUC;Novy
68-54292425-A0001;68-54292425-A0001;;Ambulancia dentálnej hygieny, Bc.Dávid Špánik, Spišská Nová Ves;Interdental s. r. o.;Dentálna hygiena;Chrapčiakova 664/1;Spišská Nová Ves;05201;Okres Spišská Nová Ves;Košický samosprávny kraj;;;;e-VUC;Novy
68-53802667-A0001;68-53802667-A0001;;Ambulancia zubného lekárstva, MDDr. Štefan Bardovič, Spišské Vlachy;Dental care - SB s. r. o.;Zubné lekárstvo;Kostolná 498/3;Spišské Vlachy;05361;Okres Spišská Nová Ves;Košický samosprávny kraj;;;;e-VUC;Novy
68-54103266-A0001;68-54103266-A0001;;Ambulancia zubného lekárstva, MDDr. Matej Čech, Spišská Nová Ves;CECHDENT s.r.o.;Zubné lekárstvo, Dentoalveolárna chirurgia;Námestie SNP 2258/2;Spišská Nová Ves;05201;Okres Spišská Nová Ves;Košický samosprávny kraj;;;;e-VUC;Novy
51-53306139-A0001;51-53306139-A0001;;Ambulancia zubného lekárstva, Spišská Nová Ves;SCHWIRIAN, s. r. o.;Zubné lekárstvo;Základná škola, Hutnícka 2716/16;Spišská Nová Ves;05201;Okres Spišská Nová Ves;Košický samosprávny kraj;;;;e-VUC;Novy
68-53390822-A0001;68-53390822-A0001;;Ambulancia zubného lekárstva, MDDr. Dávid Mihalik, Spišská Nová Ves;ORTODENTIS s. r. o.;Zubné lekárstvo;Hutnícka 3039/20;Spišská Nová Ves;05201;Okres Spišská Nová Ves;Košický samosprávny kraj;;;;e-VUC;Novy
68-50997165-A0001;68-50997165-A0001;;Ambulancia zubného lekárstva, MDDr. Dominika Jančárová, Krompachy;DENTINEX PLUS s.r.o.;Zubné lekárstvo;, Bolestivé prípady budú ošetrené do;;;Okres Spišská Nová Ves;Košický samosprávny kraj;;;;e-VUC;Novy
68-50568809-A0002;68-50568809-A0002;;Ambulancia zubného lekárstva, MDDr. Žaneta Spišáková, Spišská Nová Ves;Esmadent s.r.o.;Zubné lekárstvo;Chrapčiakova 664/1;Spišská Nová Ves;05201;Okres Spišská Nová Ves;Košický samosprávny kraj;;;;e-VUC;Novy
68-51209284-A0001;68-51209284-A0001;;Ambulancia zubného lekárstva, MDDr. Eva Hořáková, Spišská Nová Ves;Dental Fit, s. r. o.;Zubné lekárstvo;Hviezdoslavova 471/38;Spišská Nová Ves;05201;Okres Spišská Nová Ves;Košický samosprávny kraj;;;;e-VUC;Novy
68-47499800-A0001;68-47499800-A0001;;Ambulancia zubného lekárstva, MUDr. Jozef Pavlík, Spišské Vlachy;JOZU Dent s.r.o.;Zubné lekárstvo;Jarná 680/2;Spišské Vlachy;05361;Okres Spišská Nová Ves;Košický samosprávny kraj;;;;e-VUC;Novy
68-50596039-A0001;68-50596039-A0001;;Ambulancia zubného lekárstva, MDDr. Paula Pavlíková, Spišská Nová Ves;PADENTAL, s.r.o.;Zubné lekárstvo;Námestie SNP 2258/2;Spišská Nová Ves;05201;Okres Spišská Nová Ves;Košický samosprávny kraj;;;;e-VUC;Novy
68-50568809-A0001;68-50568809-A0001;;Ambulancia zubného lekárstva, MDDr. Martin Spišák, Spišská Nová Ves;Esmadent s.r.o.;Zubné lekárstvo, Dentoalveolárna chirurgia;Mlynská 1498/12;Spišská Nová Ves;05201;Okres Spišská Nová Ves;Košický samosprávny kraj;;;;e-VUC;Novy
68-45313105-A0002;68-45313105-A0002;;Ambulancia zubného lekárstva, MUDr. Ján Lucák, Spišské Vlachy;DONTI s. r. o.;Zubné lekárstvo;Komenského 776/6;Spišské Vlachy;05361;Okres Spišská Nová Ves;Košický samosprávny kraj;;;;e-VUC;Novy
51-52318354-A0001;51-52318354-A0001;;Ambulancia zubného lekárstva, Streda nad Bodrogom;2DK-Dent s.r.o.;Zubné lekárstvo;Kamenecká 613/2;Streda nad Bodrogom;07631;Okres Trebišov;Košický samosprávny kraj;;;;e-VUC;Novy
68-53796551-A0001;68-53796551-A0001;;Ambulancia zubného lekárstva, Trebišov;DENTIST AMBULANCE, s.r.o.;Zubné lekárstvo;Slov. Nár. Povstania 1049/76;Trebišov;07501;Okres Trebišov;Košický samosprávny kraj;;;;e-VUC;Novy
68-47488719-A0002;68-47488719-A0002;;Ambulancia zubného lekárstva, MDDr. Milan Čermák, Trebišov;Emanns, s.r.o.;Zubné lekárstvo;Ivana Krasku 2312/33;Trebišov;07501;Okres Trebišov;Košický samosprávny kraj;;;;e-VUC;Novy
68-52318354-A0001;68-52318354-A0001;;Ambulancia zubného lekárstva, MDDr. Juraj Dako, Streda nad Bodrogom;2DK-Dent s.r.o.;Zubné lekárstvo;Kamenecká 613/2;Streda nad Bodrogom;07631;Okres Trebišov;Košický samosprávny kraj;;;;e-VUC;Novy
68-51648989-A0001;68-51648989-A0001;;Ambulancia zubného lekárstva, MUDr. Magdaléna Szotáková, Kráľovský Chlmec;MAGDADENT, s.r.o.;Zubné lekárstvo;Nemocničná 2512/8;Kráľovský Chlmec;07701;Okres Trebišov;Košický samosprávny kraj;;;;e-VUC;Novy
68-51429624-A0001;68-51429624-A0001;;Ambulancia zubného lekárstva, Kráľovský Chlmec;VeraDent s.r.o.;Zubné lekárstvo;Nemocničná 2512/8;Kráľovský Chlmec;07701;Okres Trebišov;Košický samosprávny kraj;;;;e-VUC;Novy
68-36853488-A0002;68-36853488-A0002;;Ambulancia zubného lekárstva, MUDr. Eva Forgácsová, Kráľovský Chlmec;LIEČBA s. r. o.;Zubné lekárstvo, Dentoalveolárna chirurgia;J. Majlátha 2883/9A;Kráľovský Chlmec;07701;Okres Trebišov;Košický samosprávny kraj;;;;e-VUC;Novy
68-44961219-A0001;68-44961219-A0001;;Ambulancia zubného lekárstva, Trebišov;AlaDent s.r.o.;Zubné lekárstvo;, Len akutne stavy po telefonickom dohovore: 0910693201;;;Okres Trebišov;Košický samosprávny kraj;;;;e-VUC;Novy
68-36593541-A0003;68-36593541-A0003;;Ambulancia zubného lekárstva, MDDr Mikuláš Czokoly, Kráľovský Chlmec;BELMA, s.r.o.;Zubné lekárstvo, Dentoalveolárna chirurgia;F. Rákócziho 435/22;Kráľovský Chlmec;07701;Okres Trebišov;Košický samosprávny kraj;;;;e-VUC;Novy
68-48105031-A0001;68-48105031-A0001;;DENTA MILA s.r.o., Sečovce;DENTA MILA s.r.o.;Zubné lekárstvo;Námestie sv. Cyrila a Metoda 150/28;Sečovce;07801;Okres Trebišov;Košický samosprávny kraj;;;;e-VUC;Novy
68-36586129-A0003;68-36586129-A0003;;Ambulancia zubného lekárstva, MUDr. Milan Čermák, Cejkov;ČERMÁK - NOVOSAD s.r.o.;Zubné lekárstvo;Letná 469/8A;Cejkov;07605;Okres Trebišov;Košický samosprávny kraj;;;;e-VUC;Novy
51-35979046-A0001;51-35979046-A0001;;Ambulancia zubného lekárstva, Hurbanovo;BO-DENT s.r.o.;Zubné lekárstvo;Komárňanská 57/115;Hurbanovo;94701;Okres Komárno;Nitriansky samosprávny kraj;;;;e-VUC;Novy
64-57325006-A0001;64-57325006-A0001;;Ambulancia zubného lekárstva, Svätý Peter;VDM Dent s. r. o.;Zubné lekárstvo;Hlavná 1190/2;Svätý Peter;94657;Okres Komárno;Nitriansky samosprávny kraj;;;;e-VUC;Novy
64-57422117-A0001;64-57422117-A0001;;Ambulancia zubného lekárstva, Bátorove Kosihy;Sirius Dental Clinic s. r. o.;Zubné lekárstvo;Bátorove Kosihy 1781;Bátorove Kosihy;94634;Okres Komárno;Nitriansky samosprávny kraj;;;;e-VUC;Novy
64-56086423-A0001;64-56086423-A0001;;Ambulancia zubného lekárstva, Komárno;N-Dent s. r. o.;Zubné lekárstvo;Ul. K. Thalyho 37/2;Komárno;94501;Okres Komárno;Nitriansky samosprávny kraj;;;;e-VUC;Novy
64-56627416-A0001;64-56627416-A0001;;Ambulancia dentálnej hygieny, Komárno;Mgr. Szilvia Őszi;Dentálna hygiena;Lodná ul. 4657/2A;Komárno;94501;Okres Komárno;Nitriansky samosprávny kraj;;;;e-VUC;Novy
64-56195184-A0004;64-56195184-A0004;;Ambulancia zubného lekárstva, Dmytro Iugas, Hurbanovo;Chira Dental s. r. o.;Zubné lekárstvo, Dentoalveolárna chirurgia, Implantológia;Komárňanská 262/104;Hurbanovo;94701;Okres Komárno;Nitriansky samosprávny kraj;;;;e-VUC;Novy
64-52929345-A0004;64-52929345-A0004;;Ambulancia zubného lekárstva, Kolárovo;TM-REHAB s.r.o.;Zubné lekárstvo;Brnenské námestie 2232/4;Kolárovo;94603;Okres Komárno;Nitriansky samosprávny kraj;;;;e-VUC;Novy
64-54867550-A0001;64-54867550-A0001;;Ambulancia zubného lekárstva, Komárno;DiamonDent s.r.o.;Zubné lekárstvo;Vnútorná okružná 3600;Komárno;94501;Okres Komárno;Nitriansky samosprávny kraj;;;;e-VUC;Novy
64-54898200-A0003;64-54898200-A0003;;Ambulancia zubného lekárstva, Komárno;ZUB KN s.r.o.;Zubné lekárstvo;Záhradnícka ul. 827/3;Komárno;94501;Okres Komárno;Nitriansky samosprávny kraj;;;;e-VUC;Novy
64-54898200-A0002;64-54898200-A0002;;Ambulancia zubného lekárstva, Komárno;ZUB KN s.r.o.;Zubné lekárstvo;Záhradnícka ul. 827/3;Komárno;94501;Okres Komárno;Nitriansky samosprávny kraj;;;;e-VUC;Novy
64-52929345-A0003;64-52929345-A0003;;Ambulancia zubného lekárstva, Okoličná na Ostrove;TM-REHAB s.r.o.;Zubné lekárstvo;Okoličná na Ostrove 266;Okoličná na Ostrove;94613;Okres Komárno;Nitriansky samosprávny kraj;;;;e-VUC;Novy
64-42429129-A0002;64-42429129-A0002;;Ambulancia zubného lekárstva, Sokolce;MUDr. Katarína Orsovicsová;Zubné lekárstvo;Sokolce 24;Sokolce;94617;Okres Komárno;Nitriansky samosprávny kraj;;;;e-VUC;Novy
64-54898200-A0001;64-54898200-A0001;;Ambulancia zubného lekárstva, Komárno;ZUB KN s.r.o.;Zubné lekárstvo;Eötvösova ul. 2920/37;Komárno;94505;Okres Komárno;Nitriansky samosprávny kraj;;;;e-VUC;Novy
64-52929345-A0002;64-52929345-A0002;;Ambulancia zubného lekárstva, Búč;TM-REHAB s.r.o.;Zubné lekárstvo;Búč 88;Búč;94635;Okres Komárno;Nitriansky samosprávny kraj;;;;e-VUC;Novy
64-54142130-A0001;64-54142130-A0001;;Ambulancia zubného lekárstva, Kolárovo;K2 Dental Clinic s.r.o.;Zubné lekárstvo;Brnenské námestie 2232/4;Kolárovo;94603;Okres Komárno;Nitriansky samosprávny kraj;;;;e-VUC;Novy
64-37967967-A0002;64-37967967-A0002;;Ambulancia zubného lekárstva, Komárno;MUDr. Marta Náteková;Zubné lekárstvo;Eötvösova ul. 2920/37;Komárno;94505;Okres Komárno;Nitriansky samosprávny kraj;;;;e-VUC;Novy
64-53541367-A0001;64-53541367-A0001;;Ambulancia zubného lekárstva, Komárno;MDDr. Janka Štefániková;Zubné lekárstvo;Dunajská ul. 1121/8;Komárno;94505;Okres Komárno;Nitriansky samosprávny kraj;;;;e-VUC;Novy
64-51670861-A0001;64-51670861-A0001;;Ambulancia zubného lekárstva, Komárno;DentaLife s.r.o.;Zubné lekárstvo;Elektrárenská cesta 156/3;Komárno;94505;Okres Komárno;Nitriansky samosprávny kraj;;;;e-VUC;Novy
64-50631136-A0001;64-50631136-A0001;;Ambulancia zubného lekárstva, Komárno;NZZ Stomatologická ambulancia s.r.o.;Zubné lekárstvo;Nám. sv. Rozálie 880/4;Komárno;94501;Okres Komárno;Nitriansky samosprávny kraj;;;;e-VUC;Novy
64-36280640-A0003;64-36280640-A0003;;Ambulancia zubného lekárstva, Komárno;OLÁH - DENT s.r.o.;Zubné lekárstvo, Dentoalveolárna chirurgia;Senný trh 3124/16;Komárno;94501;Okres Komárno;Nitriansky samosprávny kraj;;;;e-VUC;Novy
64-57209596-A0001;64-57209596-A0001;;Ambulancia zubného lekárstva, Námestie Odborárov 50/7, 93521 Tlmače Info na web, Tlmače;Semper Smile s. r. o.;Zubné lekárstvo;Námestie Odborárov 50/7;Tlmače;93521;Okres Levice;Nitriansky samosprávny kraj;;;;e-VUC;Novy
64-56562811-A0001;64-56562811-A0001;;Ambulancia zubného lekárstva, MDDr. Vivien Fabianová, Plášťovce;FV-Dent s.r.o.;Zubné lekárstvo;Plášťovce 344;Plášťovce;93582;Okres Levice;Nitriansky samosprávny kraj;;;;e-VUC;Novy
64-55901484-A0002;64-55901484-A0002;;Ambulancia zubného lekárstva, Kalná nad Hronom;KA-Dent s.r.o.;Zubné lekárstvo;Nitrianska 488/6;Kalná nad Hronom;93532;Okres Levice;Nitriansky samosprávny kraj;;;;e-VUC;Novy
64-56384998-A0001;64-56384998-A0001;;Ambulancia zubného lekárstva, Veľký Ďur;Dr. Imreová s. r. o.;Zubné lekárstvo;Hlavná 330/88;Veľký Ďur;93534;Okres Levice;Nitriansky samosprávny kraj;;;;e-VUC;Novy
64-55901484-A0001;64-55901484-A0001;;Ambulancia zubného lekárstva, Yurii Kamenchuk, Kalná nad Hronom;KA-Dent s.r.o.;Zubné lekárstvo;Nitrianska 488/6;Kalná nad Hronom;93532;Okres Levice;Nitriansky samosprávny kraj;;;;e-VUC;Novy
64-54657041-A0001;64-54657041-A0001;;Ambulancia zubného lekárstva, Levice;densapi s.r.o.;Zubné lekárstvo;Ul. kpt. J. Nálepku 1625/67;Levice;93401;Okres Levice;Nitriansky samosprávny kraj;;;;e-VUC;Novy
64-55630251-A0001;64-55630251-A0001;;Ambulancia zubného lekárstva, Levice;Stomatológia Levice s. r. o.;Zubné lekárstvo;Ul. SNP 4320/17B;Levice;93401;Okres Levice;Nitriansky samosprávny kraj;;;;e-VUC;Novy
64-54877598-A0001;64-54877598-A0001;;Ambulancia zubného lekárstva, Starý Tekov;Dental Aesthetic s. r. o.;Zubné lekárstvo;Tekovská 2/3;Starý Tekov;93526;Okres Levice;Nitriansky samosprávny kraj;;;;e-VUC;Novy
64-54716977-A0001;64-54716977-A0001;;Ambulancia zubného lekárstva, Levice;Arbor Dental s. r. o.;Zubné lekárstvo;Šafárikova ul. 2210/1;Levice;93401;Okres Levice;Nitriansky samosprávny kraj;;;;e-VUC;Novy
64-51918463-A0001;64-51918463-A0001;;Ambulancia zubného lekárstva, Santovka;Only Smile s. r. o.;Zubné lekárstvo;Milí naši pacienti, od 30.07.2026 do 31.12.2026 našu ambulanciu zastupuje klinika Semper Smile SV, ktorá sa nachádza na Námestie Odborárov 50/7;Tlmače. Pacienti s akútnou bolesťou sa môžu objednať na termín na telefónnom čísle: +421907965145;93521;Okres Levice;Nitriansky samosprávny kraj;;;;e-VUC;Novy
64-51918463-A0002;64-51918463-A0002;;Ambulancia zubného lekárstva, Nová Dedina;Only Smile s. r. o.;Zubné lekárstvo;Milí naši pacienti, od 30.07.2026 do 31.12.2026 našu ambulanciu zastupuje klinika Semper Smile SV, ktorá sa nachádza na Námestie Odborárov 50/7;Tlmače. Pacienti s akútnou bolesťou sa môžu objednať na termín na telefónnom čísle: +421907965145;93521;Okres Levice;Nitriansky samosprávny kraj;;;;e-VUC;Novy
64-51918463-A0003;64-51918463-A0003;;Ambulancia zubného lekárstva, Rybník;Only Smile s. r. o.;Zubné lekárstvo;Milí naši pacienti, od 30.07.2026 do 31.12.2026 našu ambulanciu zastupuje klinika Semper Smile SV, ktorá sa nachádza na Námestie Odborárov 50/7;Tlmače. Pacienti s akútnou bolesťou sa môžu objednať na termín na telefónnom čísle: +421907965145;93521;Okres Levice;Nitriansky samosprávny kraj;;;;e-VUC;Novy
64-53513860-A0001;64-53513860-A0001;;Ambulancia zubného lekárstva, Levice;REAdent s.r.o.;Zubné lekárstvo;Ul. SNP 2103/19;Levice;93401;Okres Levice;Nitriansky samosprávny kraj;;;;e-VUC;Novy
64-52933261-A0001;64-52933261-A0001;;Ambulancia zubného lekárstva, Levice;CORONA DENTAL CARE s. r. o.;Zubné lekárstvo;, Vážení pacienti, z dôvodu dovolenky MDDr. Sarvašovej budeme od 10.8.2026 do 23.8.2026 pracovať v obmedzenom režime od;;;Okres Levice;Nitriansky samosprávny kraj;;;;e-VUC;Novy
51-51161036-A0002;51-51161036-A0002;;Ambulancia zubného lekárstva, Levice;Smile SV s. r. o.;Zubné lekárstvo;ul. Františka Hečku 508/39;Levice;93401;Okres Levice;Nitriansky samosprávny kraj;;;;e-VUC;Novy
64-48064050-A0002;64-48064050-A0002;;Ambulancia zubného lekárstva, Levice;Happy dental s.r.o.;Zubné lekárstvo, Dentoalveolárna chirurgia, Implantológia;Nábrežná ul. 3043/3;Levice;93405;Okres Levice;Nitriansky samosprávny kraj;;;;e-VUC;Novy
64-37858602-A0003;64-37858602-A0003;;Ambulancia zubného lekárstva, Levice;MUDr. Júlia Nichtová;Zubné lekárstvo;Ul. SNP 2103/19;Levice;93401;Okres Levice;Nitriansky samosprávny kraj;;;;e-VUC;Novy
64-51773261-A0001;64-51773261-A0001;;Ambulancia dentálnej hygieny, Levice;Mária Pavlíková;Dentálna hygiena;Ul. 29. augusta 4834/2;Levice;93401;Okres Levice;Nitriansky samosprávny kraj;;;;e-VUC;Novy
51-00738301-A0087;51-00738301-A0087;;Ambulancia zubného lekárstva, Želiezovce;Nemocnica pre obvinených a odsúdených a Ústav na výkon trestu odňatia slobody;Zubné lekárstvo;ÚVTOS, Veľký dvor 12;Želiezovce;93717;Okres Levice;Nitriansky samosprávny kraj;;;;e-VUC;Novy
51-36680133-A0001;51-36680133-A0001;;Ambulancia zubného lekárstva, Šahy;MUDr. Doboš s.r.o.;Zubné lekárstvo;ZŠ, Mládežnícka 24;Šahy;93601;Okres Levice;Nitriansky samosprávny kraj;;;;e-VUC;Novy
51-36680133-A0002;51-36680133-A0002;;Ambulancia zubného lekárstva, Ipeľský Sokolec;MUDr. Doboš s.r.o.;Zubné lekárstvo;OZS, Ipeľský Sokolec;Ipeľský Sokolec;93575;Okres Levice;Nitriansky samosprávny kraj;;;;e-VUC;Novy
64-50769537-A0001;64-50769537-A0001;;Ambulancia zubného lekárstva, Šahy;ZB-Dent s.r.o.;Zubné lekárstvo, Dentoalveolárna chirurgia;Hontianska cesta 996/49;Šahy;93601;Okres Levice;Nitriansky samosprávny kraj;;;;e-VUC;Novy
64-57354651-A0001;64-57354651-A0001;;Ambulancia zubného lekárstva, Ivanka pri Nitre;ZUBÁR IVANKA PRI NITRE, s. r. o.;Zubné lekárstvo;Luk 394/2;Ivanka pri Nitre;95112;Okres Nitra;Nitriansky samosprávny kraj;;;;e-VUC;Novy
64-56032501-A0001;64-56032501-A0001;;Ambulancia zubného lekárstva, Nitra;Nubedent s.r.o.;Zubné lekárstvo;Farská 1293/1;Nitra;94901;Okres Nitra;Nitriansky samosprávny kraj;;;;e-VUC;Novy
64-57385670-A0001;64-57385670-A0001;;Ambulancia zubného lekárstva, Nitra;ARDENT PRO s. r. o.;Zubné lekárstvo;Mostná 2921/60;Nitra;94901;Okres Nitra;Nitriansky samosprávny kraj;;;;e-VUC;Novy
64-47685727-A0002;64-47685727-A0002;;Ambulancia zubného lekárstva, Vráble;Škrobánek zubný lekár s.r.o.;Zubné lekárstvo;Nám. Kpt. Nálepku 612/33;Vráble;95201;Okres Nitra;Nitriansky samosprávny kraj;;;;e-VUC;Novy
64-57043507-A0002;64-57043507-A0002;;Zvonček - Rodinné zubné centrum Nitra, Nitra;Zvonček dental clinic s. r. o.;Zubné lekárstvo;Štúrova 1432/12;Nitra;94901;Okres Nitra;Nitriansky samosprávny kraj;;;;e-VUC;Novy
64-47251484-A0002;64-47251484-A0002;;Ambulancia zubného lekárstva, Veľké Zálužie;NATA-DENT s.r.o;Zubné lekárstvo;Rínok 1242/46;Veľké Zálužie;95135;Okres Nitra;Nitriansky samosprávny kraj;;;;e-VUC;Novy
64-35602406-A0007;64-35602406-A0007;;Ambulancia zubného lekárstva, Nitra;Diecézna charita Nitra;Zubné lekárstvo;Štefánikova trieda 51/12;Nitra;94901;Okres Nitra;Nitriansky samosprávny kraj;;;;e-VUC;Novy
64-57043507-A0001;64-57043507-A0001;;Zvonček - Rodinné zubné centrum Nitra, Nitra;Zvonček dental clinic s. r. o.;Zubné lekárstvo;Štúrova 1432/12;Nitra;94901;Okres Nitra;Nitriansky samosprávny kraj;;;;e-VUC;Novy
64-54471885-A0003;64-54471885-A0003;;Ambulancia zubného lekárstva, Nitra;HRICmedical s. r. o.;Zubné lekárstvo;Fatranská 1627/5A;Nitra;94901;Okres Nitra;Nitriansky samosprávny kraj;;;;e-VUC;Novy
64-35933461-A0001;64-35933461-A0001;;Ambulancia zubného lekárstva, Nitra;Privátna zubná ambulancia, s.r.o.;Zubné lekárstvo;Snežienková 1729/5;Nitra;94901;Okres Nitra;Nitriansky samosprávny kraj;;;;e-VUC;Novy
64-56092733-A0001;64-56092733-A0001;;Ambulancia zubného lekárstva, Nitra;Dentika s. r. o.;Zubné lekárstvo, Dentoalveolárna chirurgia;Coboriho 4879/11;Nitra;94901;Okres Nitra;Nitriansky samosprávny kraj;;;;e-VUC;Novy
64-56092733-A0002;64-56092733-A0002;;Ambulancia zubného lekárstva, Nitra;Dentika s. r. o.;Zubné lekárstvo, Dentoalveolárna chirurgia;Coboriho 4879/11;Nitra;94901;Okres Nitra;Nitriansky samosprávny kraj;;;;e-VUC;Novy
64-56391773-A0001;64-56391773-A0001;;Ambulancia zubného lekárstva, Nitra;Stomawell s. r. o.;Zubné lekárstvo;Schurmannova 1856/29A;Nitra;94901;Okres Nitra;Nitriansky samosprávny kraj;;;;e-VUC;Novy
64-55778429-A0002;64-55778429-A0002;;Ambulancia zubného lekárstva, Nitra;Dr. Oros s.r.o.;Zubné lekárstvo;Palárikova 2046/1;Nitra;94901;Okres Nitra;Nitriansky samosprávny kraj;;;;e-VUC;Novy
64-55778429-A0001;64-55778429-A0001;;Ambulancia zubného lekárstva, Nitra;Dr. Oros s.r.o.;Zubné lekárstvo;Palárikova 2046/1;Nitra;94901;Okres Nitra;Nitriansky samosprávny kraj;;;;e-VUC;Novy
64-56195184-A0001;64-56195184-A0001;;Ambulancia zubného lekárstva, Dmytro Iugas, Nitra;Chira Dental s. r. o.;Zubné lekárstvo, Dentoalveolárna chirurgia, Implantológia;Piaristická 1379/2;Nitra;94901;Okres Nitra;Nitriansky samosprávny kraj;;;;e-VUC;Novy
64-56195184-A0003;64-56195184-A0003;;Ambulancia zubného lekárstva, Dmytro Iugas, Rišňovce;Chira Dental s. r. o.;Zubné lekárstvo, Dentoalveolárna chirurgia, Implantológia;Rišňovce 263;Rišňovce;95121;Okres Nitra;Nitriansky samosprávny kraj;;;;e-VUC;Novy
64-54471885-A0002;64-54471885-A0002;;Ambulancia zubného lekárstva, Nitra;HRICmedical s. r. o.;Zubné lekárstvo;Fatranská 1627/5A;Nitra;94901;Okres Nitra;Nitriansky samosprávny kraj;;;;e-VUC;Novy
51-55335926-A0013;51-55335926-A0013;;Dr. Strojčeky zubné lekárstvo, Nitra;Dr. Strojčeky s.r.o.;Zubné lekárstvo;Štefánikova trieda 34/59;Nitra;94901;Okres Nitra;Nitriansky samosprávny kraj;;;;e-VUC;Novy
51-55335926-A0014;51-55335926-A0014;;Ambulancia zubného lekárstva, Nitra;Dr. Strojčeky s.r.o.;Zubné lekárstvo;Štefánikova trieda 34/59;Nitra;94901;Okres Nitra;Nitriansky samosprávny kraj;;;;e-VUC;Novy
64-54913934-A0001;64-54913934-A0001;;Ambulancia dentálnej hygieny, Nitra;DIG s. r. o.;Dentálna hygiena;Farská 1319/10;Nitra;94901;Okres Nitra;Nitriansky samosprávny kraj;;;;e-VUC;Novy
64-55200010-A0001;64-55200010-A0001;;Ambulancia zubného lekárstva, Nitra;Harmónia úsmevu s. r. o.;Zubné lekárstvo, Dentoalveolárna chirurgia, Implantológia;Fraňa Mojtu 259/19;Nitra;94901;Okres Nitra;Nitriansky samosprávny kraj;;;;e-VUC;Novy
64-55200010-A0002;64-55200010-A0002;;Ambulancia zubného lekárstva, Nitra;Harmónia úsmevu s. r. o.;Zubné lekárstvo, Dentoalveolárna chirurgia, Implantológia;Fraňa Mojtu 259/19;Nitra;94901;Okres Nitra;Nitriansky samosprávny kraj;;;;e-VUC;Novy
64-50983199-A0002;64-50983199-A0002;;Ambulancia zubného lekárstva, Nitra;Liadent, s.r.o.;Zubné lekárstvo;Koceľova 1112/6;Nitra;94901;Okres Nitra;Nitriansky samosprávny kraj;;;;e-VUC;Novy
64-55904688-A0001;64-55904688-A0001;;Ambulancia zubného lekárstva, Vráble;Dr. Solár s.r.o.;Zubné lekárstvo, Dentoalveolárna chirurgia;Nám. Kpt. Nálepku 612/33;Vráble;95201;Okres Nitra;Nitriansky samosprávny kraj;;;;e-VUC;Novy
64-56182198-A0001;64-56182198-A0001;;Ambulancia dentálnej hygieny, Nitra;NiSaMi s. r. o.;Dentálna hygiena;Mostná 2921/60;Nitra;94901;Okres Nitra;Nitriansky samosprávny kraj;;;;e-VUC;Novy
51-52594033-A0002;51-52594033-A0002;;Ambulancia zubného lekárstva, Nitra;BB Dental Clinic, s. r. o.;Zubné lekárstvo;Pramenistá 3593/5;Nitra;94901;Okres Nitra;Nitriansky samosprávny kraj;;;;e-VUC;Novy
64-54791413-A0004;64-54791413-A0004;;Ambulancia zubného lekárstva, Nitra;ZUB NR s. r. o.;Zubné lekárstvo;Štefánikova trieda 100/142;Nitra;94901;Okres Nitra;Nitriansky samosprávny kraj;;;;e-VUC;Novy
64-46286705-A0004;64-46286705-A0004;;Ambulancia dentálnej hygieny, Zbehy;STOMASUN s.r.o.;Dentálna hygiena;Zbehy 888;Zbehy;95142;Okres Nitra;Nitriansky samosprávny kraj;;;;e-VUC;Novy
64-54200300-A0001;64-54200300-A0001;;Ambulancia zubného lekárstva, Nitra;EMJAN s. r. o.;Zubné lekárstvo;Čajkovského 618/31;Nitra;94911;Okres Nitra;Nitriansky samosprávny kraj;;;;e-VUC;Novy
64-54791413-A0002;64-54791413-A0002;;Ambulancia zubného lekárstva, Nitra;ZUB NR s. r. o.;Zubné lekárstvo;Štefánikova trieda 100/142;Nitra;94901;Okres Nitra;Nitriansky samosprávny kraj;;;;e-VUC;Novy
64-55040870-A0001;64-55040870-A0001;;Ambulancia zubného lekárstva, MUDr. Zuzana Fanturová, Nitra;FADENT, s.r.o.;Zubné lekárstvo;Piaristická 1379/2;Nitra;94901;Okres Nitra;Nitriansky samosprávny kraj;;;;e-VUC;Novy
64-54791413-A0001;64-54791413-A0001;;Ambulancia zubného lekárstva, Nitra;ZUB NR s. r. o.;Zubné lekárstvo, Dentoalveolárna chirurgia;Štefánikova trieda 100/142;Nitra;94901;Okres Nitra;Nitriansky samosprávny kraj;;;;e-VUC;Novy
51-45917353-A0003;51-45917353-A0003;;Ambulancia zubného lekárstva, Rišňovce;IZ - Dent s.r.o.;Zubné lekárstvo, Dentoalveolárna chirurgia, Implantológia;Rišňovce 263;Rišňovce;95121;Okres Nitra;Nitriansky samosprávny kraj;;;;e-VUC;Novy
64-54988152-A0001;64-54988152-A0001;;Ambulancia zubného lekárstva, Nitra;MDDr. Martin Zloch;Zubné lekárstvo;Hodžova 383/21;Nitra;94901;Okres Nitra;Nitriansky samosprávny kraj;;;;e-VUC;Novy
64-44124813-A0003;64-44124813-A0003;;Ambulancia zubného lekárstva, Nové Zámky;wiwa-dent s.r.o.;Zubné lekárstvo;J. Simora 11688/4;Nové Zámky;94002;Okres Nové Zámky;Nitriansky samosprávny kraj;;;;e-VUC;Novy
64-44124813-A0004;64-44124813-A0004;;Ambulancia zubného lekárstva, Nové Zámky;wiwa-dent s.r.o.;Zubné lekárstvo;J. Simora 11688/4;Nové Zámky;94002;Okres Nové Zámky;Nitriansky samosprávny kraj;;;;e-VUC;Novy
64-35966602-A0010;64-35966602-A0010;;Ambulancia zubného lekárstva, Šurany;STARZYK s.r.o.;Zubné lekárstvo;M. R. Štefánika 206/18;Šurany;94201;Okres Nové Zámky;Nitriansky samosprávny kraj;;;;e-VUC;Novy
64-35966602-A0011;64-35966602-A0011;;Ambulancia zubného lekárstva, Šurany;STARZYK s.r.o.;Zubné lekárstvo;M. R. Štefánika 206/18;Šurany;94201;Okres Nové Zámky;Nitriansky samosprávny kraj;;;;e-VUC;Novy
64-35606347-A0044;64-35606347-A0044;;Zubná RTG, Šurany;Mestská poliklinika;Rádiológia;Mestská poliklinika, SNP 141/2;Šurany;94201;Okres Nové Zámky;Nitriansky samosprávny kraj;;;;e-VUC;Novy
64-56624875-A0001;64-56624875-A0001;;Ambulancia zubného lekárstva, Nové Zámky;Lux Dental NZ s. r. o.;Zubné lekárstvo, Dentoalveolárna chirurgia, Implantológia;Nitrianska cesta 2713/71;Nové Zámky;94002;Okres Nové Zámky;Nitriansky samosprávny kraj;;;;e-VUC;Novy
64-56195184-A0002;64-56195184-A0002;;Ambulancia zubného lekárstva, Dmytro Iugas, Dolný Ohaj;Chira Dental s. r. o.;Zubné lekárstvo, Dentoalveolárna chirurgia, Implantológia;Vrštek 746/21A;Dolný Ohaj;94143;Okres Nové Zámky;Nitriansky samosprávny kraj;;;;e-VUC;Novy
64-55909141-A0001;64-55909141-A0001;;Family Dental, Nové Zámky;Family Dental s. r. o.;Zubné lekárstvo;Komárňanská cesta 5356/11B;Nové Zámky;94002;Okres Nové Zámky;Nitriansky samosprávny kraj;;;;e-VUC;Novy
64-55909141-A0002;64-55909141-A0002;;Ambulancia zubného lekárstva, Dr.Mykhailo Pakanych, Nové Zámky;Family Dental s. r. o.;Zubné lekárstvo;Komárňanská cesta 5356/11B;Nové Zámky;94002;Okres Nové Zámky;Nitriansky samosprávny kraj;;;;e-VUC;Novy
64-55909141-A0003;64-55909141-A0003;;Ambulancia zubného lekárstva, Nové Zámky;Family Dental s. r. o.;Zubné lekárstvo;Komárňanská cesta 5356/11B;Nové Zámky;94002;Okres Nové Zámky;Nitriansky samosprávny kraj;;;;e-VUC;Novy
64-55909141-A0004;64-55909141-A0004;;Ambulancia zubného lekárstva, Dr.Mykhailo Reshko, Nové Zámky;Family Dental s. r. o.;Zubné lekárstvo;Komárňanská cesta 5356/11B;Nové Zámky;94002;Okres Nové Zámky;Nitriansky samosprávny kraj;;;;e-VUC;Novy
64-55241514-A0002;64-55241514-A0002;;Ambulancia zubného lekárstva, Nové Zámky;S-dentalcare s.r.o.;Zubné lekárstvo, Dentálna hygiena;, Zastupovanie v akútnych nevyhnutných stavoch;;;Okres Nové Zámky;Nitriansky samosprávny kraj;;;;e-VUC;Novy
64-55241514-A0001;64-55241514-A0001;;Ambulancia zubného lekárstva, Nové Zámky;S-dentalcare s.r.o.;Zubné lekárstvo;, Zastupovanie v akútnych nevyhnutných stavoch;;;Okres Nové Zámky;Nitriansky samosprávny kraj;;;;e-VUC;Novy
64-47604573-A0001;64-47604573-A0001;;Ambulancia zubného lekárstva, Štúrovo;ESKA - DENT s.r.o.;Zubné lekárstvo;Jesenského 105/85;Štúrovo;94301;Okres Nové Zámky;Nitriansky samosprávny kraj;;;;e-VUC;Novy
64-53808649-A0002;64-53808649-A0002;;Ambulancia zubného lekárstva, Nové Zámky;Maydent s.r.o.;Zubné lekárstvo;Komárňanská 8967/24;Nové Zámky;94002;Okres Nové Zámky;Nitriansky samosprávny kraj;;;;e-VUC;Novy
64-53808649-A0001;64-53808649-A0001;;Ambulancia zubného lekárstva, Palárikovo;Maydent s.r.o.;Zubné lekárstvo;Hlavná 556/4;Palárikovo;94111;Okres Nové Zámky;Nitriansky samosprávny kraj;;;;e-VUC;Novy
64-53696310-A0001;64-53696310-A0001;;PromiDent, s.r.o., Nové Zámky;PromiDent, s.r.o.;Zubné lekárstvo;L. Kassáka 9578/10;Nové Zámky;94002;Okres Nové Zámky;Nitriansky samosprávny kraj;;;;e-VUC;Novy
51-51922771-A0002;51-51922771-A0002;;Ambulancia dentálnej hygieny, Nové Zámky;M-live, s.r.o.;Dentálna hygiena;G. Czuczora 114/1;Nové Zámky;94002;Okres Nové Zámky;Nitriansky samosprávny kraj;;;;e-VUC;Novy
64-53118227-A0001;64-53118227-A0001;;Ambulancia zubného lekárstva, Nové Zámky;JD Dental s. r. o.;Zubné lekárstvo;Komárňanská 11387/19;Nové Zámky;94002;Okres Nové Zámky;Nitriansky samosprávny kraj;;;;e-VUC;Novy
64-52798399-A0001;64-52798399-A0001;;Ambulancia zubného lekárstva, Šurany;BenaDent s. r. o.;Zubné lekárstvo;Cintorínska 4191/16A;Šurany;94201;Okres Nové Zámky;Nitriansky samosprávny kraj;;;;e-VUC;Novy
64-52798399-A0002;64-52798399-A0002;;Ambulancia dentálnej hygieny, Šurany;BenaDent s. r. o.;Dentálna hygiena;Cintorínska 4191/16A;Šurany;94201;Okres Nové Zámky;Nitriansky samosprávny kraj;;;;e-VUC;Novy
64-42120993-A0001;64-42120993-A0001;;Ambulancia zubného lekárstva, Štúrovo;MUDr. Katarína Szabóová;Zubné lekárstvo;Poliklinika Štúrovo, Jesenského 105/85;Štúrovo;94301;Okres Nové Zámky;Nitriansky samosprávny kraj;;;;e-VUC;Novy
64-52340392-A0001;64-52340392-A0001;;Ambulancia zubného lekárstva, Dvory nad Žitavou;STOMMA, s.r.o.;Zubné lekárstvo;od 19.08.2026 do 26.08.2026;;;Okres Nové Zámky;Nitriansky samosprávny kraj;;;;e-VUC;Novy
64-56180314-A0001;64-56180314-A0001;;Ambulancia zubného lekárstva, Šaľa;Dr.Tooth s.r.o.;Zubné lekárstvo, Dentoalveolárna chirurgia;Nemocničná 833/1;Šaľa;92701;Okres Šaľa;Nitriansky samosprávny kraj;;;;e-VUC;Novy
64-56131941-A0001;64-56131941-A0001;;Ambulancia zubného lekárstva, Neded;KS-MED s. r. o.;Zubné lekárstvo;Neded 309;Neded;92585;Okres Šaľa;Nitriansky samosprávny kraj;;;;e-VUC;Novy
64-53993764-A0001;64-53993764-A0001;;Ambulancia zubného lekárstva, Šaľa;Zubinka s. r. o.;Zubné lekárstvo;Nemocničná 833/1;Šaľa;92701;Okres Šaľa;Nitriansky samosprávny kraj;;;;e-VUC;Novy
64-52929345-A0001;64-52929345-A0001;;Ambulancia zubného lekárstva, Vlčany;TM-REHAB s.r.o.;Zubné lekárstvo;Vlčany 814;Vlčany;92584;Okres Šaľa;Nitriansky samosprávny kraj;;;;e-VUC;Novy
64-54503434-A0001;64-54503434-A0001;;Ambulancia zubného lekárstva, Šaľa;TeRI - dent s. r. o.;Zubné lekárstvo, Dentoalveolárna chirurgia;Hollého 1854/9;Šaľa;92705;Okres Šaľa;Nitriansky samosprávny kraj;;;;e-VUC;Novy
64-54503434-A0002;64-54503434-A0002;;Ambulancia zubného lekárstva, Neded;TeRI - dent s. r. o.;Zubné lekárstvo, Dentoalveolárna chirurgia;Neded 309;Neded;92585;Okres Šaľa;Nitriansky samosprávny kraj;;;;e-VUC;Novy
64-43818706-A0003;64-43818706-A0003;;Ambulancia zubného lekárstva, Šaľa;AW-DENT, s.r.o.;Zubné lekárstvo, čeľustná ortopédia;Hollého 2515/11B;Šaľa;92705;Okres Šaľa;Nitriansky samosprávny kraj;;;;e-VUC;Novy
64-47973030-A0003;64-47973030-A0003;;Ambulancia zubného lekárstva, Šaľa;STORKDENT s.r.o.;Zubné lekárstvo;Nemocničná 833/1;Šaľa;92701;Okres Šaľa;Nitriansky samosprávny kraj;;;;e-VUC;Novy
64-47973030-A0004;64-47973030-A0004;;Ambulancia zubného lekárstva, Šaľa;STORKDENT s.r.o.;Zubné lekárstvo;Nemocničná 833/1;Šaľa;92701;Okres Šaľa;Nitriansky samosprávny kraj;;;;e-VUC;Novy
64-47973030-A0005;64-47973030-A0005;;Ambulancia zubného lekárstva, Šaľa;STORKDENT s.r.o.;Zubné lekárstvo;Nemocničná 833/1;Šaľa;92701;Okres Šaľa;Nitriansky samosprávny kraj;;;;e-VUC;Novy
64-50588532-A0001;64-50588532-A0001;;Ambulancia dentálnej hygieny, Bc. Petronela Dovalovská, Šaľa;Bc. Petronela Dovalovská;Dentálna hygiena;Nemocničná 833/1;Šaľa;92701;Okres Šaľa;Nitriansky samosprávny kraj;;;;e-VUC;Novy
64-48070327-A0002;64-48070327-A0002;;Ambulancia zubného lekárstva, Močenok;STOMMED s.r.o.;Zubné lekárstvo;Zdravotné stredisko Močenok, Sv. Gorazda 629;Močenok;95131;Okres Šaľa;Nitriansky samosprávny kraj;;;;e-VUC;Novy
64-35564105-A0001;64-35564105-A0001;;Ambulancia zubného lekárstva, Šaľa;MUDr. Zuzana Gombíková;Zubné lekárstvo;Poliklinika Nitrianskeho samosprávneho kraja Šaľa, Nemocničná 833/1;Šaľa;92701;Okres Šaľa;Nitriansky samosprávny kraj;;;;e-VUC;Novy
64-45312770-A0001;64-45312770-A0001;;Ambulancia zubného lekárstva, Šaľa;TOMA DENT, s.r.o.;Zubné lekárstvo, Rádiológia;Nemocničná 1;Šaľa;92701;Okres Šaľa;Nitriansky samosprávny kraj;;;;e-VUC;Novy
64-47973030-A0002;64-47973030-A0002;;Ambulancia zubného lekárstva, Tešedíkovo;STORKDENT s.r.o.;Zubné lekárstvo;Žiharecká 734;Tešedíkovo;92582;Okres Šaľa;Nitriansky samosprávny kraj;;;;e-VUC;Novy
64-36653357-A0001;64-36653357-A0001;;Ambulancia zubného lekárstva, Šaľa;SAVEDENT s.r.o.;Zubné lekárstvo;Hollého 1854/9;Šaľa;92705;Okres Šaľa;Nitriansky samosprávny kraj;;;;e-VUC;Novy
64-42202035-A0001;64-42202035-A0001;;Ambulancia zubného lekárstva, Šaľa;MUDr. Zoltán Tóth;Zubné lekárstvo, Dentoalveolárna chirurgia;Nemocničná 833/1;Šaľa;92701;Okres Šaľa;Nitriansky samosprávny kraj;;;;e-VUC;Novy
64-34042504-A0001;64-34042504-A0001;;Ambulancia zubného lekárstva, Šaľa;MUDr. Ľudovít Kopáčik;Zubné lekárstvo;Nemocničná 833/1;Šaľa;92701;Okres Šaľa;Nitriansky samosprávny kraj;;;;e-VUC;Novy
64-34043357-A0001;64-34043357-A0001;;Ambulancia zubného lekárstva, Šaľa;MUDr. Ladislav Czakó;Zubné lekárstvo;Hlavná 41/16;Šaľa;92701;Okres Šaľa;Nitriansky samosprávny kraj;;;;e-VUC;Novy
64-34043365-A0001;64-34043365-A0001;;Ambulancia zubného lekárstva, Tešedíkovo;MUDr. Danuška Czaková;Zubné lekárstvo;Žiharecká 734;Tešedíkovo;92582;Okres Šaľa;Nitriansky samosprávny kraj;;;;e-VUC;Novy
64-36610453-A0001;64-36610453-A0001;;Ambulancia zubného lekárstva, Šaľa;MILEASTOM, s.r.o.;Zubné lekárstvo;Nemocničná 1;Šaľa;92701;Okres Šaľa;Nitriansky samosprávny kraj;;;;e-VUC;Novy
64-36282545-A0001;64-36282545-A0001;;Ambulancia zubného lekárstva, Trnovec nad Váhom;MEDIMAX, s.r.o.;Zubné lekárstvo;Trnovec nad Váhom 79;Trnovec nad Váhom;92571;Okres Šaľa;Nitriansky samosprávny kraj;;;;e-VUC;Novy
64-36282545-A0002;64-36282545-A0002;;Ambulancia zubného lekárstva, Šaľa;MEDIMAX, s.r.o.;Zubné lekárstvo;J. Kollára 1958/15;Šaľa;92701;Okres Šaľa;Nitriansky samosprávny kraj;;;;e-VUC;Novy
64-36676144-A0001;64-36676144-A0001;;Ambulancia zubného lekárstva, Neded;MEDI dent, s.r.o. v likvidácii;Zubné lekárstvo;Neded 309;Neded;92585;Okres Šaľa;Nitriansky samosprávny kraj;;;;e-VUC;Novy
64-36725676-A0001;64-36725676-A0001;;Ambulancia zubného lekárstva, Šaľa;JT - DENT, s.r.o.;Zubné lekárstvo, Choroby slizníc ústnej dutiny a paradontu;Nemocničná 833/1;Šaľa;92701;Okres Šaľa;Nitriansky samosprávny kraj;;;;e-VUC;Novy
64-36725676-A0002;64-36725676-A0002;;Ambulancia zubného lekárstva, Šaľa;JT - DENT, s.r.o.;Zubné lekárstvo, Choroby slizníc ústnej dutiny a paradontu;ZŠ, Pionierska 346/4;Šaľa;92701;Okres Šaľa;Nitriansky samosprávny kraj;;;;e-VUC;Novy
64-36278009-A0001;64-36278009-A0001;;Ambulancia zubného lekárstva, Šaľa;FI DENT s.r.o.;Zubné lekárstvo;Nemocničná 833/1;Šaľa;92701;Okres Šaľa;Nitriansky samosprávny kraj;;;;e-VUC;Novy
64-56448082-A0001;64-56448082-A0001;;Ambulancia zubného lekárstva, Topoľčany;TOPDENT, s. r. o.;Zubné lekárstvo;Streďanská 5075/13;Topoľčany;95501;Okres Topoľčany;Nitriansky samosprávny kraj;;;;e-VUC;Novy
64-44461267-A0002;64-44461267-A0002;;Ambulancia zubného lekárstva, Jacovce;MEDO-DENT, s.r.o.;Zubné lekárstvo;Farská 296/20;Jacovce;95621;Okres Topoľčany;Nitriansky samosprávny kraj;;;;e-VUC;Novy
64-44461267-A0003;64-44461267-A0003;;Ambulancia zubného lekárstva, Topoľčany;MEDO-DENT, s.r.o.;Zubné lekárstvo;Čsl. armády 1457/2A;Topoľčany;95501;Okres Topoľčany;Nitriansky samosprávny kraj;;;;e-VUC;Novy
64-56588895-A0001;64-56588895-A0001;;Ambulancia zubného lekárstva, Alexandra Jurkovič Galbavá, Topoľčany;SapaDent s. r. o.;Zubné lekárstvo;Svätoplukova 4993/1B;Topoľčany;95501;Okres Topoľčany;Nitriansky samosprávny kraj;;;;e-VUC;Novy
64-56536755-A0001;64-56536755-A0001;;Ambulancia zubného lekárstva, Topoľčany;GJ DENT s. r. o.;Zubné lekárstvo;M. Rázusa 4864/2;Topoľčany;95501;Okres Topoľčany;Nitriansky samosprávny kraj;;;;e-VUC;Novy
64-51436345-A0004;64-51436345-A0004;;Ambulancia zubného lekárstva, Topoľčany;DENTIST - KA s. r. o.;Zubné lekárstvo, Dentoalveolárna chirurgia;17. novembra 1300/14;Topoľčany;95501;Okres Topoľčany;Nitriansky samosprávny kraj;;;;e-VUC;Novy
64-52020606-A0003;64-52020606-A0003;;Ambulancia zubného lekárstva, Kovarce;BeliDent s.r.o.;Zubné lekárstvo;Kovarce 159;Kovarce;95615;Okres Topoľčany;Nitriansky samosprávny kraj;;;;e-VUC;Novy
64-51436345-A0003;64-51436345-A0003;;Ambulancia dentálnej hygieny, Topoľčany;DENTIST - KA s. r. o.;Dentálna hygiena;17. novembra 1300/14;Topoľčany;95501;Okres Topoľčany;Nitriansky samosprávny kraj;;;;e-VUC;Novy
64-55452558-A0001;64-55452558-A0001;;Ambulancia dentálnej hygieny, Topoľčany;RB DENTAL s. r. o.;Dentálna hygiena;J. Hollého 666/1;Topoľčany;95501;Okres Topoľčany;Nitriansky samosprávny kraj;;;;e-VUC;Novy
64-55581412-A0001;64-55581412-A0001;;Ambulancia zubného lekárstva, Topoľčany;DK CLINIC s. r. o.;Zubné lekárstvo, Dentálna hygiena;M. Benku 4926/41;Topoľčany;95503;Okres Topoľčany;Nitriansky samosprávny kraj;;;;e-VUC;Novy
64-55625592-A0001;64-55625592-A0001;;Ambulancia zubného lekárstva, Krušovce;ŠVERCEL - DENT, s. r. o.;Zubné lekárstvo;Štefánikova 263/325;Krušovce;95631;Okres Topoľčany;Nitriansky samosprávny kraj;;;;e-VUC;Novy
64-51436345-A0002;64-51436345-A0002;;Ambulancia dentálnej hygieny, Topoľčany;DENTIST - KA s. r. o.;Dentálna hygiena;17. novembra 1300/14;Topoľčany;95501;Okres Topoľčany;Nitriansky samosprávny kraj;;;;e-VUC;Novy
64-52020606-A0002;64-52020606-A0002;;Ambulancia zubného lekárstva, Ludanice;BeliDent s.r.o.;Zubné lekárstvo;Ludanice 41;Ludanice;95611;Okres Topoľčany;Nitriansky samosprávny kraj;;;;e-VUC;Novy
51-44461267-A0003;51-44461267-A0003;;Tobimed, zubná klinika, Topoľčany;MEDO-DENT, s.r.o.;Zubné lekárstvo;Čsl. armády 1457/8;Topoľčany;95501;Okres Topoľčany;Nitriansky samosprávny kraj;;;;e-VUC;Novy
64-36685810-A0002;64-36685810-A0002;;Tobimed, zubná klinika, Topoľčany;TOBIÁŠDENT, s.r.o.;Zubné lekárstvo, Dentoalveolárna chirurgia;Čsl. armády 1457/1;Topoľčany;95501;Okres Topoľčany;Nitriansky samosprávny kraj;;;;e-VUC;Novy
64-52020606-A0001;64-52020606-A0001;;Ambulancia zubného lekárstva, Kovarce;BeliDent s.r.o.;Zubné lekárstvo;Kovarce 159;Kovarce;95615;Okres Topoľčany;Nitriansky samosprávny kraj;;;;e-VUC;Novy
64-35964260-A0005;64-35964260-A0005;;Ambulancia zubného lekárstva, Topoľčany;V - DENT, s.r.o.;Zubné lekárstvo;Škultétyho 4720/2A;Topoľčany;95501;Okres Topoľčany;Nitriansky samosprávny kraj;;;;e-VUC;Novy
64-51436345-A0001;64-51436345-A0001;;Ambulancia zubného lekárstva, Topoľčany;DENTIST - KA s. r. o.;Zubné lekárstvo;17. novembra 1300/14;Topoľčany;95501;Okres Topoľčany;Nitriansky samosprávny kraj;;;;e-VUC;Novy
64-46411283-A0002;64-46411283-A0002;;Ambulancia zubného lekárstva, Topoľčany;Čaradský dental, s.r.o.;Zubné lekárstvo, Dentálna hygiena;Dr. P. Adámiho 2885/22;Topoľčany;95501;Okres Topoľčany;Nitriansky samosprávny kraj;;;;e-VUC;Novy
64-51171490-A0001;64-51171490-A0001;;Ambulancia zubného lekárstva, Prašice;MIRMI Dent, s.r.o.;Zubné lekárstvo;1. mája 87/87;Prašice;95622;Okres Topoľčany;Nitriansky samosprávny kraj;;;;e-VUC;Novy
64-51146274-A0001;64-51146274-A0001;;Ambulancia zubného lekárstva, Topoľčany;B.F. - DENT, s.r.o.;Zubné lekárstvo;Pílska 1295/10;Topoľčany;95501;Okres Topoľčany;Nitriansky samosprávny kraj;;;;e-VUC;Novy
64-51072963-A0001;64-51072963-A0001;;Ambulancia zubného lekárstva, Topoľčany;Cristal Dent s.r.o.;Zubné lekárstvo;Tovarnícka 1115/24;Topoľčany;95501;Okres Topoľčany;Nitriansky samosprávny kraj;;;;e-VUC;Novy
51-44461267-A0001;51-44461267-A0001;;Ambulancia zubného lekárstva, Jacovce;MEDO-DENT, s.r.o.;Zubné lekárstvo;Farská 296;Jacovce;95621;Okres Topoľčany;Nitriansky samosprávny kraj;;;;e-VUC;Novy
64-50800264-A0001;64-50800264-A0001;;Ambulancia dentálnej hygieny, Topoľčany;Denthya, spol. s r.o.;Dentálna hygiena;Moyzesova 1333/1A;Topoľčany;95501;Okres Topoľčany;Nitriansky samosprávny kraj;;;;e-VUC;Novy
64-46617841-A0002;64-46617841-A0002;;Ambulancia zubného lekárstva, Topoľčany;VIJA - DENT s.r.o.;Zubné lekárstvo;Gogoľova 2143/7;Topoľčany;95501;Okres Topoľčany;Nitriansky samosprávny kraj;;;;e-VUC;Novy
64-46411283-A0001;64-46411283-A0001;;Ambulancia zubného lekárstva, Topoľčany;Čaradský dental, s.r.o.;Zubné lekárstvo, Dentoalveolárna chirurgia;Dr. P. Adámiho 2885/22;Topoľčany;95501;Okres Topoľčany;Nitriansky samosprávny kraj;;;;e-VUC;Novy
64-36706841-A0002;64-36706841-A0002;;Ambulancia zubného lekárstva, Topoľčany;ZAD - DENT, s.r.o.;Zubné lekárstvo;SOU Obchodné, T. Vansovej 2634/2;Topoľčany;95501;Okres Topoľčany;Nitriansky samosprávny kraj;;;;e-VUC;Novy
64-36706841-A0001;64-36706841-A0001;;Ambulancia zubného lekárstva, Topoľčany;ZAD - DENT, s.r.o.;Zubné lekárstvo, Choroby slizníc ústnej dutiny;SOU Obchodné, T. Vansovej 2634/2;Topoľčany;95501;Okres Topoľčany;Nitriansky samosprávny kraj;;;;e-VUC;Novy
64-35964260-A0004;64-35964260-A0004;;Ambulancia zubného lekárstva, Topoľčany;V - DENT, s.r.o.;Zubné lekárstvo, Dentoalveolárna chirurgia, Dentálna hygiena;Škultétyho 4720/2A;Topoľčany;95501;Okres Topoľčany;Nitriansky samosprávny kraj;;;;e-VUC;Novy
64-36685810-A0001;64-36685810-A0001;;Ambulancia zubného lekárstva, Topoľčany;TOBIÁŠDENT, s.r.o.;Zubné lekárstvo, Dentoalveolárna chirurgia, čeľustná ortopédia;Stummerova 1464/42;Topoľčany;95501;Okres Topoľčany;Nitriansky samosprávny kraj;;;;e-VUC;Novy
64-31393896-A0001;64-31393896-A0001;;Ambulancia zubného lekárstva, Topoľčany;STOMACON s.r.o.;Zubné lekárstvo;17.novembra 1300/14;Topoľčany;95501;Okres Topoľčany;Nitriansky samosprávny kraj;;;;e-VUC;Novy
64-48268135-A0001;64-48268135-A0001;;Ambulancia zubného lekárstva, Tesárske Mlyňany;AESTHETIC-DENT, s.r.o.;Zubné lekárstvo;ObZS, Hlavná 253/157;Tesárske Mlyňany;95176;Okres Zlaté Moravce;Nitriansky samosprávny kraj;;;;e-VUC;Novy
64-34772103-A0001;64-34772103-A0001;;Ambulancia dentálnej hygieny, Zlaté Moravce;Zuzana Šmondrková, dipl. d. h.;Dentálna hygiena;Bernolákova 2042/24;Zlaté Moravce;95301;Okres Zlaté Moravce;Nitriansky samosprávny kraj;;;;e-VUC;Novy
64-47034084-A0001;64-47034084-A0001;;Ambulancia zubného lekárstva, Zlaté Moravce;SM-DENT s.r.o.;Zubné lekárstvo;Hviezdoslavova 2285/62;Zlaté Moravce;95301;Okres Zlaté Moravce;Nitriansky samosprávny kraj;;;;e-VUC;Novy
64-42368456-A0001;64-42368456-A0001;;Ambulancia dentálnej hygieny, Zlaté Moravce;Renáta Baťová, dipl. d. h.;Dentálna hygiena;Bernolákova 2042/24;Zlaté Moravce;95301;Okres Zlaté Moravce;Nitriansky samosprávny kraj;;;;e-VUC;Novy
64-46573283-A0002;64-46573283-A0002;;Ambulancia zubného lekárstva, Zlaté Moravce;O - Dent s.r.o.;Zubné lekárstvo;Bernolákova 24;Zlaté Moravce;95301;Okres Zlaté Moravce;Nitriansky samosprávny kraj;;;;e-VUC;Novy
64-37864181-A0001;64-37864181-A0001;;Ambulancia zubného lekárstva, Zlaté Moravce;MUDr. Michaela Vilčeková;Zubné lekárstvo;Poliklinika, Bernolákova 2042/24;Zlaté Moravce !;95301;Okres Zlaté Moravce;Nitriansky samosprávny kraj;;;;e-VUC;Novy
64-45538786-A0001;64-45538786-A0001;;Ambulancia zubného lekárstva, Zlaté Moravce;MUDr. Rakovský V.A. s.r.o.;Zubné lekárstvo, Choroby slizníc ústnej dutiny a paradontu;OZS Žitava II, Hviezdoslavova 2285/62;Zlaté Moravce;95301;Okres Zlaté Moravce;Nitriansky samosprávny kraj;;;;e-VUC;Novy
64-34039481-A0001;64-34039481-A0001;;Ambulancia zubného lekárstva, Zlaté Moravce;MUDr. Natália Zabáková;Zubné lekárstvo;Poliklinika, Bernolákova 2042/24;Zlaté Moravce;95301;Okres Zlaté Moravce;Nitriansky samosprávny kraj;;;;e-VUC;Novy
64-34037357-A0001;64-34037357-A0001;;Ambulancia zubného lekárstva, Topoľčianky;MUDr. Ivan Belica;Zubné lekárstvo;Hlavná 1308/27A;Topoľčianky;95193;Okres Zlaté Moravce;Nitriansky samosprávny kraj;;;;e-VUC;Novy
64-47742348-A0001;64-47742348-A0001;;Ambulancia zubného lekárstva, Zlaté Moravce;LEVIOSAART s.r.o.;Zubné lekárstvo, čeľustná ortopédia;Bernolákova 24;Zlaté Moravce;95301;Okres Zlaté Moravce;Nitriansky samosprávny kraj;;;;e-VUC;Novy
64-44995971-A0002;64-44995971-A0002;;Ambulancia zubného lekárstva, MUDr. Beáta Gašparíková, Zlaté Moravce;GG-dent, s.r.o.;Zubné lekárstvo;Bernolákova 2042/24;Zlaté Moravce;95301;Okres Zlaté Moravce;Nitriansky samosprávny kraj;;;;e-VUC;Novy
64-46457399-A0001;64-46457399-A0001;;Ambulancia zubného lekárstva, MUDr. Erika Tenkelová, Zlaté Moravce;ERIDENT, s.r.o.;Zubné lekárstvo;Poliklinika, Bernolákova 2042/24;Zlaté Moravce;95301;Okres Zlaté Moravce;Nitriansky samosprávny kraj;;;;e-VUC;Novy
64-47357665-A0001;64-47357665-A0001;;Ambulancia zubného lekárstva, Zlaté Moravce;DENTMARK, s.r.o.;Zubné lekárstvo;Továrenská 3036/49;Zlaté Moravce;95301;Okres Zlaté Moravce;Nitriansky samosprávny kraj;;;;e-VUC;Novy
64-35975792-A0001;64-35975792-A0001;;Ambulancia zubného lekárstva, Zlaté Moravce;DENTAMAX s r.o.;Zubné lekárstvo, Rádiológia, čeľustná ortopédia;Janka Kráľa 3469/16;Zlaté Moravce;95301;Okres Zlaté Moravce;Nitriansky samosprávny kraj;;;;e-VUC;Novy
64-35927992-A0001;64-35927992-A0001;;Ambulancia zubného lekárstva, Zlaté Moravce;DENT - EX, s.r.o.;Zubné lekárstvo;Bernolákova 679/25;Zlaté Moravce;95301;Okres Zlaté Moravce;Nitriansky samosprávny kraj;;;;e-VUC;Novy
64-35927992-A0002;64-35927992-A0002;;Ambulancia zubného lekárstva, Zlaté Moravce;DENT - EX, s.r.o.;Zubné lekárstvo, Dentoalveolárna chirurgia;Bernolákova 679/25;Zlaté Moravce;95301;Okres Zlaté Moravce;Nitriansky samosprávny kraj;;;;e-VUC;Novy
64-35927992-A0003;64-35927992-A0003;;Ambulancia zubného lekárstva, Zlaté Moravce;DENT - EX, s.r.o.;Zubné lekárstvo, Dentoalveolárna chirurgia;Bernolákova 679/25;Zlaté Moravce;95301;Okres Zlaté Moravce;Nitriansky samosprávny kraj;;;;e-VUC;Novy
67-43833942-A0002;67-43833942-A0002;;Ambulancia zubného lekárstva, Bardejov;KMstom s.r.o.;Zubné lekárstvo;Polyfunkčný objekt Hurbanova, Hurbanova 4610/10A;Bardejov;08501;Okres Bardejov;Prešovský samosprávny kraj;;;;e-VUC;Novy
67-52978401-A0002;67-52978401-A0002;;Ambulancia zubného lekárstva, MDDr. Stanislava Dorinová, Bardejov;Smile Care, s. r. o.;Zubné lekárstvo;Ťačevská 3463/43;Bardejov;08501;Okres Bardejov;Prešovský samosprávny kraj;;;;e-VUC;Novy
67-56140533-A0001;67-56140533-A0001;;Ambulancia zubného lekárstva, Bardejov;Ali-dental s. r. o.;Zubné lekárstvo;Sv.Jakuba 3544/7;Bardejov;08501;Okres Bardejov;Prešovský samosprávny kraj;;;;e-VUC;Novy
67-56466200-A0001;67-56466200-A0001;;Ambulancia dentálnej hygieny, Bardejov;Bc. Danka Pavelová;Dentálna hygiena;Radničné námestie 43/43;Bardejov;08501;Okres Bardejov;Prešovský samosprávny kraj;;;;e-VUC;Novy
67-54761212-A0004;67-54761212-A0004;;Ambulancia zubného lekárstva, Bardejov;Bardejov DENT s. r. o.;Zubné lekárstvo;Pod papierňou 1625/16F;Bardejov;08501;Okres Bardejov;Prešovský samosprávny kraj;;;;e-VUC;Novy
67-54761212-A0001;67-54761212-A0001;;Ambulancia zubného lekárstva, Bardejov;Bardejov DENT s. r. o.;Zubné lekárstvo;Pod papierňou 1625/16C;Bardejov;08501;Okres Bardejov;Prešovský samosprávny kraj;;;;e-VUC;Novy
67-54761212-A0002;67-54761212-A0002;;Ambulancia zubného lekárstva, Bardejov;Bardejov DENT s. r. o.;Zubné lekárstvo;Pod papierňou 1625/16F;Bardejov;08501;Okres Bardejov;Prešovský samosprávny kraj;;;;e-VUC;Novy
67-54761212-A0003;67-54761212-A0003;;Ambulancia zubného lekárstva, Bardejov;Bardejov DENT s. r. o.;Zubné lekárstvo;Pod papierňou 1625/16F;Bardejov;08501;Okres Bardejov;Prešovský samosprávny kraj;;;;e-VUC;Novy
67-54747538-A0001;67-54747538-A0001;;Ambulancia zubného lekárstva, Bardejov;LEAN Dent Care, s.r.o.;Zubné lekárstvo;J.Grešáka 12/4098;Bardejov;08501;Okres Bardejov;Prešovský samosprávny kraj;;;;e-VUC;Novy
67-55108938-A0001;67-55108938-A0001;;Ambulancia zubného lekárstva, Bardejov;DENTAL ZONE s.r.o.;Zubné lekárstvo;Kláštorská 132/9;Bardejov;08501;Okres Bardejov;Prešovský samosprávny kraj;;;;e-VUC;Novy
67-52770605-A0002;67-52770605-A0002;;Ambulancia zubného lekárstva, Bardejov;Apolonia s.r.o.;Zubné lekárstvo;Fraňa Kráľa 203/2;Bardejov;08501;Okres Bardejov;Prešovský samosprávny kraj;;;;e-VUC;Novy
67-53610121-A0001;67-53610121-A0001;;Ambulancia zubného lekárstva, Bardejov;DENTYX s.r.o.;Zubné lekárstvo;Partizánska 1248/4;Bardejov;08501;Okres Bardejov;Prešovský samosprávny kraj;;;;e-VUC;Novy
67-52770605-A0001;67-52770605-A0001;;Ambulancia zubného lekárstva, Gavryleshko Kateryna, Bardejov;Apolonia s.r.o.;Zubné lekárstvo;Fraňa Kráľa 203/2;Bardejov;08501;Okres Bardejov;Prešovský samosprávny kraj;;;;e-VUC;Novy
67-53010515-A0001;67-53010515-A0001;;Ambulancia dentálnej hygieny, Bardejov;Bc. Henrieta Marcineková;Dentálna hygiena;Partizánska 1248/4;Bardejov;08501;Okres Bardejov;Prešovský samosprávny kraj;;;;e-VUC;Novy
67-45995796-A0002;67-45995796-A0002;;Ambulancia zubného lekárstva, Bardejov;JANAJ s.r.o.;Zubné lekárstvo;, bolesti do 9.00 hod.;;;Okres Bardejov;Prešovský samosprávny kraj;;;;e-VUC;Novy
67-36513776-A0001;67-36513776-A0001;;Ambulancia zubného lekárstva, Bardejov;SpaDental, s.r.o.,;Zubné lekárstvo, Stomatológia;Stredisko obchodu a služieb, Bardejovské Kúpele 2781;Bardejov;08631;Okres Bardejov;Prešovský samosprávny kraj;;;;e-VUC;Novy
67-36513610-A0001;67-36513610-A0001;;Ambulancia zubného lekárstva, MUDr. Janka Ďurčáková, Bardejov;JANKDent s.r.o.,;Zubné lekárstvo;Partizánska 3405;Bardejov;08501;Okres Bardejov;Prešovský samosprávny kraj;;;;e-VUC;Novy
67-48063266-A0002;67-48063266-A0002;;Ambulancia zubného lekárstva, Bardejov;IgoDent, s.r.o.;Zubné lekárstvo;Hurbanova 657/8;Bardejov;08501;Okres Bardejov;Prešovský samosprávny kraj;;;;e-VUC;Novy
67-45994111-A0001;67-45994111-A0001;;Ambulancia zubného lekárstva, Zborov;VORIS, s.r.o.;Zubné lekárstvo;od 14.08.2026 do 14.08.2026;;;Okres Bardejov;Prešovský samosprávny kraj;;;;e-VUC;Novy
67-36514560-A0002;67-36514560-A0002;;Ambulancia zubného lekárstva, Bardejov;VANDENT s.r.o.;čeľustná ortopédia;Rhodyho 3692/7;Bardejov;08501;Okres Bardejov;Prešovský samosprávny kraj;;;;e-VUC;Novy
67-36514560-A0001;67-36514560-A0001;;Ambulancia zubného lekárstva, Bardejov;VANDENT s.r.o.;Zubné lekárstvo;Rhodyho 3692/7;Bardejov;08501;Okres Bardejov;Prešovský samosprávny kraj;;;;e-VUC;Novy
67-36501778-A0001;67-36501778-A0001;;Ambulancia zubného lekárstva, Bardejov;STOMADENT s.r.o.;Zubné lekárstvo;Radničné námestie 43/43;Bardejov;08501;Okres Bardejov;Prešovský samosprávny kraj;;;;e-VUC;Novy
67-36609901-A0001;67-36609901-A0001;;Ambulancia zubného lekárstva, Bardejov;SIGNUM DENS, s.r.o.;Zubné lekárstvo;Štefánikova 699/20;Bardejov;08501;Okres Bardejov;Prešovský samosprávny kraj;;;;e-VUC;Novy
67-56557841-A0002;67-56557841-A0002;;Ambulancia zubného lekárstva, Humenné;BRAND Ortho Dentistry s. r. o.;Zubné lekárstvo, Dentoalveolárna chirurgia;Mierová 6363/105;Humenné;06601;Okres Humenné;Prešovský samosprávny kraj;;;;e-VUC;Novy
67-56918828-A0001;67-56918828-A0001;;Ambulancia zubného lekárstva, Humenné;ASDENS s. r. o.;Zubné lekárstvo, Dentoalveolárna chirurgia;Gaštanová 5674/1;Humenné;06601;Okres Humenné;Prešovský samosprávny kraj;;;;e-VUC;Novy
67-54207673-A0001;67-54207673-A0001;;Ambulancia zubného lekárstva, MDDr. Vladimír Sivý, Humenné;SiVDent s. r. o.;Zubné lekárstvo, Dentoalveolárna chirurgia, Implantológia;od 17.08.2026 do 21.08.2026;;;Okres Humenné;Prešovský samosprávny kraj;;;;e-VUC;Novy
67-52470385-A0001;67-52470385-A0001;;Ambulancia zubného lekárstva, MDDr. Ihor Krasitskyi, Humenné;UNIVERZITNÁ DENTÁLNA KLINIKA PROFESORA KOSTENKA, s. r. o.;Zubné lekárstvo;Ul. 1.mája 2045/21;Humenné;06601;Okres Humenné;Prešovský samosprávny kraj;;;;e-VUC;Novy
67-52470385-A0002;67-52470385-A0002;;Ambulancia zubného lekárstva, doc. MUDr. Svitlana Kostenko , Humenné;UNIVERZITNÁ DENTÁLNA KLINIKA PROFESORA KOSTENKA, s. r. o.;Zubné lekárstvo;Ul. 1.mája 2045/21;Humenné;06601;Okres Humenné;Prešovský samosprávny kraj;;;;e-VUC;Novy
67-52470385-A0003;67-52470385-A0003;;Ambulancia zubného lekárstva, Humenné;UNIVERZITNÁ DENTÁLNA KLINIKA PROFESORA KOSTENKA, s. r. o.;Zubné lekárstvo;Ul. 1.mája 2045/21;Humenné;06601;Okres Humenné;Prešovský samosprávny kraj;;;;e-VUC;Novy
67-54276250-A0001;67-54276250-A0001;;Ambulancia zubného lekárstva, Humenné;ZUZADENT s. r. o.;Zubné lekárstvo;, Odborné vyšetrenie;;;Okres Humenné;Prešovský samosprávny kraj;;;;e-VUC;Novy
67-51827140-A0001;67-51827140-A0001;;Ambulancia zubného lekárstva, MDDr. Viktor Macko, MPH, MBA, MHA, Humenné;Avident s.r.o.;Zubné lekárstvo, Dentoalveolárna chirurgia;Ul. 1. mája 2045/21;Humenné;06601;Okres Humenné;Prešovský samosprávny kraj;;;;e-VUC;Novy
67-50401661-A0002;67-50401661-A0002;;Ambulancia zubného lekárstva, Humenné;EeveDent s.r.o.;Zubné lekárstvo, Choroby slizníc ústnej dutiny a paradontu;Ul. 1.mája 2045/21;Humenné;06601;Okres Humenné;Prešovský samosprávny kraj;;;;e-VUC;Novy
67-50401661-A0001;67-50401661-A0001;;EeveDent s.r.o., Humenné;EeveDent s.r.o.;Zubné lekárstvo, Choroby slizníc ústnej dutiny a paradontu;Ul. 1.mája 2045/21;Humenné;06601;Okres Humenné;Prešovský samosprávny kraj;;;;e-VUC;Novy
67-48282057-A0001;67-48282057-A0001;;Ambulancia zubného lekárstva, Humenné;M DENTAL s.r.o.;Zubné lekárstvo;Ul. 1.mája 2045/21;Humenné;06601;Okres Humenné;Prešovský samosprávny kraj;;;;e-VUC;Novy
67-37939114-A0001;67-37939114-A0001;;Ambulancia zubného lekárstva, Humenné;MUDr. Ján Stretavský;Zubné lekárstvo;Čapajevova 2552/6;Humenné;06601;Okres Humenné;Prešovský samosprávny kraj;;;;e-VUC;Novy
67-48260860-A0001;67-48260860-A0001;;Ambulancia zubného lekárstva, Humenné;KAMI - dent, s.r.o.,;Zubné lekárstvo;od 14.08.2026 do 14.08.2026;;;Okres Humenné;Prešovský samosprávny kraj;;;;e-VUC;Novy
67-31719261-A0002;67-31719261-A0002;;Ambulancia zubného lekárstva, Humenné;RECENS, s.r.o.;Zubné lekárstvo;Kukorelliho 1503/42;Humenné;06601;Okres Humenné;Prešovský samosprávny kraj;;;;e-VUC;Novy
67-50028421-A0001;67-50028421-A0001;;Ambulancia zubného lekárstva, MDDr. Štefánia Szekérová, Humenné;KS - Stom s.r.o.;Zubné lekárstvo;Ul. 1. mája 21;Humenné;06601;Okres Humenné;Prešovský samosprávny kraj;;;;e-VUC;Novy
67-57520127-A0001;67-57520127-A0001;;Ambulancia dentálnej hygieny, Kežmarok;Bc. Nora Gregúrková;Dentálna hygiena;Sihoť 1066/5;Kežmarok;06001;Okres Kežmarok;Prešovský samosprávny kraj;;;;e-VUC;Novy
67-56825048-A0001;67-56825048-A0001;;Ambulancia zubného lekárstva, Kežmarok;TSI dental s. r. o.;Zubné lekárstvo;Sihoť 1066/5;Kežmarok;06001;Okres Kežmarok;Prešovský samosprávny kraj;;;;e-VUC;Novy
67-56771690-A0001;67-56771690-A0001;;Ambulancia zubného lekárstva, Spišská Stará Ves;PuoDent s. r. o.;Zubné lekárstvo;Slov. nár. povstania 1/1;Spišská Stará Ves;06101;Okres Kežmarok;Prešovský samosprávny kraj;;;;e-VUC;Novy
67-55625959-A0001;67-55625959-A0001;;Ambulancia zubného lekárstva, Kežmarok;SMILEY s. r. o.;Zubné lekárstvo;Huncovská 2636/40;Kežmarok;06001;Okres Kežmarok;Prešovský samosprávny kraj;;;;e-VUC;Novy
67-56440855-A0001;67-56440855-A0001;;HollDent, Spišská Belá;Bc. František Holluj;Dentálna hygiena;Letná 2580/18B;Spišská Belá;05901;Okres Kežmarok;Prešovský samosprávny kraj;;;;e-VUC;Novy
67-52060080-A0001;67-52060080-A0001;;Ambulancia zubného lekárstva, Spišská Belá;DENTALIVE,s.r.o.;Zubné lekárstvo;, DENTÁLNA HYGIENA PLATI PODĽA OBJEDNÁVKY.;;;Okres Kežmarok;Prešovský samosprávny kraj;;;;e-VUC;Novy
67-45659460-A0002;67-45659460-A0002;;Ambulancia zubného lekárstva, Kežmarok;Paudent, s. r. o.;Zubné lekárstvo, Dentoalveolárna chirurgia;Hlavné námestie 12/36;Kežmarok;06001;Okres Kežmarok;Prešovský samosprávny kraj;;;;e-VUC;Novy
67-50981757-A0001;67-50981757-A0001;;Ambulancia zubného lekárstva, Kežmarok;ZUBČEKOVO, s.r.o.;Zubné lekárstvo;Hlavné námestie 72;Kežmarok;06001;Okres Kežmarok;Prešovský samosprávny kraj;;;;e-VUC;Novy
67-51488213-A0001;67-51488213-A0001;;Ambulancia zubného lekárstva, Lendak;Dentema s.r.o.;Zubné lekárstvo;Školská 796/17;Lendak;05907;Okres Kežmarok;Prešovský samosprávny kraj;;;;e-VUC;Novy
67-50796453-A0001;67-50796453-A0001;;Ambulancia zubného lekárstva, MDDr. Alexandra Nediľko, Kežmarok;Dens KK, s. r. o.;Zubné lekárstvo;Hradská cesta 1198/2;Kežmarok;06001;Okres Kežmarok;Prešovský samosprávny kraj;;;;e-VUC;Novy
67-50778641-A0001;67-50778641-A0001;;Ambulancia zubného lekárstva, Kežmarok;SMART SMILE s.r.o.;Zubné lekárstvo, Dentoalveolárna chirurgia;Jakuba Kraya 20;Kežmarok;06001;Okres Kežmarok;Prešovský samosprávny kraj;;;;e-VUC;Novy
67-31968392-A0001;67-31968392-A0001;;Ambulancia zubného lekárstva, Slovenská Ves;MUDr. Cyril Václav;Zubné lekárstvo;ObZS, Slovenská Ves 45;Slovenská Ves;05902;Okres Kežmarok;Prešovský samosprávny kraj;;;;e-VUC;Novy
67-46959173-A0001;67-46959173-A0001;;Ambulancia zubného lekárstva, Kežmarok;Stomatologická ambulanica Sident, s.r.o.;Zubné lekárstvo;Starý trh 57;Kežmarok;06001;Okres Kežmarok;Prešovský samosprávny kraj;;;;e-VUC;Novy
67-36517178-A0001;67-36517178-A0001;;Ambulancia zubného lekárstva, Veľká Lomnica;STOMA-HYGIENA, spol. s r.o.;Zubné lekárstvo;Tatranská 1542/24A;Veľká Lomnica;05952;Okres Kežmarok;Prešovský samosprávny kraj;;;;e-VUC;Novy
67-46657185-A0001;67-46657185-A0001;;Ambulancia zubného lekárstva, Spišská Belá;BELÁ SMILE s. r. o.;Zubné lekárstvo;Štefánikova 42;Spišská Belá;05901;Okres Kežmarok;Prešovský samosprávny kraj;;;;e-VUC;Novy
67-46656766-A0001;67-46656766-A0001;;Ambulancia zubného lekárstva, Spišská Belá;SLAVDENT II., s.r.o.;Zubné lekárstvo;Mierová 2699/16;Spišská Belá;05901;Okres Kežmarok;Prešovský samosprávny kraj;;;;e-VUC;Novy
67-31981631-A0001;67-31981631-A0001;;Ambulancia zubného lekárstva, Spišská Stará Ves;MUDr. Magdaléna Puobišová;Zubné lekárstvo;Slov. nár. povstania 1/1;Spišská Stará Ves;06101;Okres Kežmarok;Prešovský samosprávny kraj;;;;e-VUC;Novy
67-31969585-A0001;67-31969585-A0001;;Ambulancia zubného lekárstva, Kežmarok;MUDr. Erika Sperková;Zubné lekárstvo;Garbiarska 1613/19;Kežmarok;06001;Okres Kežmarok;Prešovský samosprávny kraj;;;;e-VUC;Novy
67-48234966-A0002;67-48234966-A0002;;Ambulancia zubného lekárstva, Spišské Podhradie;Tatry Dental Clinic, s. r. o.;Zubné lekárstvo;Školská 175/2;Spišské Podhradie;05304;Okres Levoča;Prešovský samosprávny kraj;;;;e-VUC;Novy
67-56599935-A0001;67-56599935-A0001;;Ambulancia zubného lekárstva, Spišské Podhradie;Dentazet s. r. o.;Zubné lekárstvo;od 03.08.2026 do 15.08.2026;;;Okres Levoča;Prešovský samosprávny kraj;;;;e-VUC;Novy
67-55108211-A0002;67-55108211-A0002;;Ambulancia zubného lekárstva, Levoča;MARMOX, s. r. o.;Zubné lekárstvo;Pri podkove 880/2;Levoča;05401;Okres Levoča;Prešovský samosprávny kraj;;;;e-VUC;Novy
51-53306139-A0002;51-53306139-A0002;;Ambulancia zubného lekárstva, Levoča;SCHWIRIAN, s. r. o.;Zubné lekárstvo;Ulica Michala Hlaváčka 176/24;Levoča;05401;Okres Levoča;Prešovský samosprávny kraj;;;;e-VUC;Novy
51-00738301-A0071;51-00738301-A0071;;Ambulancia zubného lekárstva, Levoča;Nemocnica pre obvinených a odsúdených a Ústav na výkon trestu odňatia slobody;Zubné lekárstvo;ÚVTOS, Námestie Štefana Kluberta 1590/7;Levoča;05401;Okres Levoča;Prešovský samosprávny kraj;;;;e-VUC;Novy
67-51015951-A0001;67-51015951-A0001;;Ambulancia zubného lekárstva, MDDr. Peter Pitorák, Levoča;Levodental s.r.o.;Zubné lekárstvo;Špitálska 319/9;Levoča;05401;Okres Levoča;Prešovský samosprávny kraj;;;;e-VUC;Novy
67-42323983-A0002;67-42323983-A0002;;Ambulancia zubného lekárstva, Spišské Podhradie;MDDr. Zuzana Dronzeková;Zubné lekárstvo;Školská 175/2;Spišské Podhradie;05304;Okres Levoča;Prešovský samosprávny kraj;;;;e-VUC;Novy
67-36651338-A0001;67-36651338-A0001;;Ambulancia zubného lekárstva, MDDr. Eva Ondušková, Spišský Štvrtok;PODENT, s.r.o.;Zubné lekárstvo;Námestie slobody 261/3;Spišský Štvrtok;05314;Okres Levoča;Prešovský samosprávny kraj;;;;e-VUC;Novy
67-37790056-A0001;67-37790056-A0001;;Ambulancia zubného lekárstva, Levoča;MUDr. Rastislav Bičanovský;Zubné lekárstvo;Vysoká ulica 432/78;Levoča;05401;Okres Levoča;Prešovský samosprávny kraj;;;;e-VUC;Novy
67-31993281-A0001;67-31993281-A0001;;Zubna ambulancia, Levoča;MUDr. Dagmar Papcunová;Zubné lekárstvo;, MUDR Dagmar Papcunová v dňoch 31.07.2026 do 17.08.2026 neordinuje z dôvodu čerpania dovolenky.;;;Okres Levoča;Prešovský samosprávny kraj;;;;e-VUC;Novy
67-36845639-A0001;67-36845639-A0001;;Ambulancia zubného lekárstva, Levoča;M&M Smile Dent, s.r.o.;Zubné lekárstvo;Vysoká 78;Levoča;05401;Okres Levoča;Prešovský samosprávny kraj;;;;e-VUC;Novy
67-47603178-A0001;67-47603178-A0001;;Ambulancia zubného lekárstva, Levoča;LivDent, s.r.o.;Zubné lekárstvo;Pod Kamenným vrchom 1;Levoča;05401;Okres Levoča;Prešovský samosprávny kraj;;;;e-VUC;Novy
67-44920342-A0002;67-44920342-A0002;;Ambulancia zubného lekárstva, Spišské Podhradie;HP ortodent, s.r.o.;čeľustná ortopédia;Školská 175/2;Spišské Podhradie;05304;Okres Levoča;Prešovský samosprávny kraj;;;;e-VUC;Novy
67-44920342-A0001;67-44920342-A0001;;Ambulancia zubného lekárstva, Spišské Podhradie;HP ortodent, s.r.o.;Zubné lekárstvo;Školská 175/2;Spišské Podhradie;05304;Okres Levoča;Prešovský samosprávny kraj;;;;e-VUC;Novy
67-43806082-A0001;67-43806082-A0001;;Ambulancia zubného lekárstva, Levoča;DENT-in, s.r.o.;Zubné lekárstvo;Špitálska 9;Levoča;05401;Okres Levoča;Prešovský samosprávny kraj;;;;e-VUC;Novy
67-54842107-A0001;67-54842107-A0001;;Ambulancia zubného lekárstva, MDDr. Marianna Labišák Lazorová, Radvaň nad Laborcom;LaDentist s.r.o.;Zubné lekárstvo;Obvodné zdravotné stredisko, Radvaň nad Laborcom 297;Radvaň nad Laborcom;06701;Okres Medzilaborce;Prešovský samosprávny kraj;;;;e-VUC;Novy
67-52530078-A0001;67-52530078-A0001;;Ambulancia zubného lekárstva, Medzilaborce;Dental ML s. r. o.;Zubné lekárstvo, Zubné lekárstvo;Komenského 152/20;Medzilaborce;06801;Okres Medzilaborce;Prešovský samosprávny kraj;;;;e-VUC;Novy
67-31972608-A0002;67-31972608-A0002;;Ambulancia zubného lekárstva, Oľka;MUDr. Mária Semancová;Zubné lekárstvo;ObZS, Oľka 1;Oľka;06704;Okres Medzilaborce;Prešovský samosprávny kraj;;;;e-VUC;Novy
67-31972608-A0001;67-31972608-A0001;;Ambulancia zubného lekárstva, Radvaň nad Laborcom;MUDr. Mária Semancová;Zubné lekárstvo;ObZS, Radvaň nad Laborcom 297;Radvaň nad Laborcom;06701;Okres Medzilaborce;Prešovský samosprávny kraj;;;;e-VUC;Novy
67-31972616-A0001;67-31972616-A0001;;Ambulancia zubného lekárstva, MUDr. Ivan Semanco, Medzilaborce;MUDr. Ivan Semanco;Zubné lekárstvo;Mierová 297;Medzilaborce;06801;Okres Medzilaborce;Prešovský samosprávny kraj;;;;e-VUC;Novy
67-35520736-A0002;67-35520736-A0002;;Ambulancia zubného lekárstva, Medzilaborce;MUDr. Andrej Blicha;Zubné lekárstvo;Komenského 134/4;Medzilaborce;06801;Okres Medzilaborce;Prešovský samosprávny kraj;;;;e-VUC;Novy
67-45650691-A0001;67-45650691-A0001;;Ambulancia zubného lekárstva, Medzilaborce;MIGAMA, s.r.o.;Zubné lekárstvo;Komenského 134;Medzilaborce;06801;Okres Medzilaborce;Prešovský samosprávny kraj;;;;e-VUC;Novy
67-57544671-A0001;67-57544671-A0001;;Ambulancia zubného lekárstva, Svit;Zdenta s. r. o.;Zubné lekárstvo;Fraňa Kráľa 273/14;Svit;05921;Okres Poprad;Prešovský samosprávny kraj;;;;e-VUC;Novy
67-36677884-A0003;67-36677884-A0003;;Ambulancia zubného lekárstva, Dr. Nazar Borodach, Poprad;Orthorem, s.r.o.;Zubné lekárstvo;Námestie svätého Egídia 68/6;Poprad;05801;Okres Poprad;Prešovský samosprávny kraj;;;;e-VUC;Novy
67-36677884-A0004;67-36677884-A0004;;Ambulancia zubného lekárstva, Dr. Olga Griga, Poprad;Orthorem, s.r.o.;Zubné lekárstvo;Námestie svätého Egídia 68/6;Poprad;05801;Okres Poprad;Prešovský samosprávny kraj;;;;e-VUC;Novy
67-36677884-A0005;67-36677884-A0005;;Ambulancia zubného lekárstva, Dr. Svitlana Borodach, Poprad;Orthorem, s.r.o.;Zubné lekárstvo;Námestie svätého Egídia 68/6;Poprad;05801;Okres Poprad;Prešovský samosprávny kraj;;;;e-VUC;Novy
67-56749643-A0002;67-56749643-A0002;;Ambulancia zubného lekárstva, Poprad;DENTOLAND-PP s. r. o.;Zubné lekárstvo;Scherfelova 4655/27;Poprad;05801;Okres Poprad;Prešovský samosprávny kraj;;;;e-VUC;Novy
67-56681330-A0001;67-56681330-A0001;;Ambulancia zubného lekárstva, Štrba;ta3dent s.r.o.;Zubné lekárstvo;Hlavná 182;Štrba;05938;Okres Poprad;Prešovský samosprávny kraj;;;;e-VUC;Novy
67-56749643-A0001;67-56749643-A0001;;Ambulancia zubného lekárstva, Poprad;DENTOLAND-PP s. r. o.;Zubné lekárstvo;Scherfelova 4655/27;Poprad;05801;Okres Poprad;Prešovský samosprávny kraj;;;;e-VUC;Novy
51-36443859-A0001;51-36443859-A0001;;Ambulancia zubného lekárstva, Poprad;AESCULAP, s.r.o. Tatranská Lomnica;Zubné lekárstvo;Poliklinika Alexandra, Tatranské námestie 4914/8;Poprad;05801;Okres Poprad;Prešovský samosprávny kraj;;;;e-VUC;Novy
67-47398728-A0002;67-47398728-A0002;;Ambulancia zubného lekárstva, Poprad;ZZ Dental studio s.r.o.;Zubné lekárstvo;Levočská 5112/26A;Poprad;05801;Okres Poprad;Prešovský samosprávny kraj;;;;e-VUC;Novy
67-55956611-A0002;67-55956611-A0002;;Ambulancia zubného lekárstva, Švábovce;Fort Dental Clinic PP, s. r. o.;Zubné lekárstvo;Švábovce 126;Švábovce;05912;Okres Poprad;Prešovský samosprávny kraj;;;;e-VUC;Novy
67-44065825-A0001;67-44065825-A0001;;Ambulancia zubného lekárstva, Poprad;DENTAL-K, s.r.o.;Zubné lekárstvo;Tatranské námestie 4582/5;Poprad;05801;Okres Poprad;Prešovský samosprávny kraj;;;;e-VUC;Novy
67-44065825-A0002;67-44065825-A0002;;Ambulancia zubného lekárstva, Svit;DENTAL-K, s.r.o.;Zubné lekárstvo;Mierová 1;Svit;05921;Okres Poprad;Prešovský samosprávny kraj;;;;e-VUC;Novy
67-56358091-A0001;67-56358091-A0001;;Ambulancia zubného lekárstva, Poprad;MIRA DENT s. r. o.;Zubné lekárstvo;Podtatranská 2501/3A;Poprad;05801;Okres Poprad;Prešovský samosprávny kraj;;;;e-VUC;Novy
67-56175779-A0001;67-56175779-A0001;;Ambulancia zubného lekárstva, Poprad;Carpe Dient Studio s.r.o.;Zubné lekárstvo, Dentoalveolárna chirurgia;Francisciho 4977/22;Poprad;05801;Okres Poprad;Prešovský samosprávny kraj;;;;e-VUC;Novy
67-55956611-A0001;67-55956611-A0001;;Ambulancia zubného lekárstva, Poprad;Fort Dental Clinic PP, s. r. o.;Zubné lekárstvo;Wolkerova 466;Poprad;05801;Okres Poprad;Prešovský samosprávny kraj;;;;e-VUC;Novy
67-36510751-A0002;67-36510751-A0002;;Ambulancia zubného lekárstva, Ždiar;Fort Dental Clinic, s. r. o.;Zubné lekárstvo;Ždiar 261;Ždiar;05955;Okres Poprad;Prešovský samosprávny kraj;;;;e-VUC;Novy
67-48234966-A0001;67-48234966-A0001;;Ambulancia zubného lekárstva, Poprad;Tatry Dental Clinic, s. r. o.;Zubné lekárstvo;Podtatranská 4931/21;Poprad;05801;Okres Poprad;Prešovský samosprávny kraj;;;;e-VUC;Novy
67-54507634-A0001;67-54507634-A0001;;OneDent zubná ambulancia, Vysoké Tatry;OneDent s. r. o.;Zubné lekárstvo;Obchodný dom PRIMO, Nový Smokovec 19024;Vysoké Tatry;06201;Okres Poprad;Prešovský samosprávny kraj;;;;e-VUC;Novy
67-54571642-A0001;67-54571642-A0001;;Esteam dent, Poprad;Esteam dent s. r. o.;Zubné lekárstvo;1. mája 220/19;Poprad;05801;Okres Poprad;Prešovský samosprávny kraj;;;;e-VUC;Novy
67-54571642-A0003;67-54571642-A0003;;Ambulancia zubného lekárstva, Poprad;Esteam dent s. r. o.;Dentálna hygiena;1. mája 220/19;Poprad;05801;Okres Poprad;Prešovský samosprávny kraj;;;;e-VUC;Novy
67-54571642-A0002;67-54571642-A0002;;Esteam dent, Poprad;Esteam dent s. r. o.;čeľustná ortopédia;1. mája 220/19;Poprad;05801;Okres Poprad;Prešovský samosprávny kraj;;;;e-VUC;Novy
67-57290946-A0001;67-57290946-A0001;;Ambulancia zubného lekárstva, Prešov;EXPERTDental s. r. o.;Zubné lekárstvo;Jarková 3090/37;Prešov;08001;Okres Prešov;Prešovský samosprávny kraj;;;;e-VUC;Novy
67-54487544-A0002;67-54487544-A0002;;Ambulancia zubného lekárstva, Prešov;GlamiDent s. r. o.;Zubné lekárstvo, Dentoalveolárna chirurgia, Implantológia;OC NOVUM, Námestie legionárov 15267/1;Prešov;08001;Okres Prešov;Prešovský samosprávny kraj;;;;e-VUC;Novy
67-57061807-A0001;67-57061807-A0001;;Ambulancia zubného lekárstva, Prešov;365DentalCare s. r. o.;Zubné lekárstvo, Dentoalveolárna chirurgia;Levočská 14893/44;Prešov;08001;Okres Prešov;Prešovský samosprávny kraj;;;;e-VUC;Novy
51-52255441-A0010;51-52255441-A0010;;Ambulancia zubného lekárstva, Prešov;Dr. Martin LM1 s. r. o.;Zubné lekárstvo;Pažica 12774/32;Prešov;08006;Okres Prešov;Prešovský samosprávny kraj;;;;e-VUC;Novy
67-44568312-A0002;67-44568312-A0002;;Ambulancia zubného lekárstva, Prešov;MAXIMA Care, s. r. o.;Zubné lekárstvo;Volgogradská 4785/6;Prešov;08001;Okres Prešov;Prešovský samosprávny kraj;;;;e-VUC;Novy
67-56471823-A0001;67-56471823-A0001;;Olympia Dental Clinic, Prešov;TLT dental s. r. o.;Zubné lekárstvo;Svätoplukova 3223/4;Prešov;08001;Okres Prešov;Prešovský samosprávny kraj;;;;e-VUC;Novy
67-56787961-A0001;67-56787961-A0001;;Ambulancia zubného lekárstva, Žehňa;VedaDent s. r. o.;Zubné lekárstvo;Žehňa 26;Žehňa;08206;Okres Prešov;Prešovský samosprávny kraj;;;;e-VUC;Novy
67-46867341-A0001;67-46867341-A0001;;Ambulancia zubného lekárstva, Chminianska Nová Ves;Delta Dent, s.r.o.;Zubné lekárstvo, Dentoalveolárna chirurgia;Chminianska Nová Ves 33;Chminianska Nová Ves;08233;Okres Prešov;Prešovský samosprávny kraj;;;;e-VUC;Novy
67-55861695-A0001;67-55861695-A0001;;Ambulancia dentálnej hygieny, Prešov;MajkaDent s.r.o.;Dentálna hygiena;Levočská 14393/2C;Prešov;08001;Okres Prešov;Prešovský samosprávny kraj;;;;e-VUC;Novy
67-53876601-A0001;67-53876601-A0001;;Ambulancia zubného lekárstva, Prešov;LISDENT s.r.o.;Zubné lekárstvo;, vo štvrtok 13.8.2026 dentálna hygiena bude robiť;;;Okres Prešov;Prešovský samosprávny kraj;;;;e-VUC;Novy
67-56517378-A0001;67-56517378-A0001;;Ambulancia zubného lekárstva, Pečovská Nová Ves;Hamžík dent. s. r. o.;Zubné lekárstvo;Hlavná 561/79;Pečovská Nová Ves;08256;Okres Sabinov;Prešovský samosprávny kraj;;;;e-VUC;Novy
67-55769527-A0001;67-55769527-A0001;;Ambulancia zubného lekárstva, Lipany;ND3D dental s. r. o.;Zubné lekárstvo;Námestie sv. Martina 41;Lipany;08271;Okres Sabinov;Prešovský samosprávny kraj;;;;e-VUC;Novy
67-51158400-A0001;67-51158400-A0001;;Ambulancia zubného lekárstva, Sabinov;CLINDENS, s.r.o.;Zubné lekárstvo;, Dňa 14.8.2026 neordinujeme. Akútnych bolestivých pacientov ošetrí SK Dental Clinic, Prešov, Solivarská 1/A, tel.č. 0911 498 241. Najprv prosím kontaktujte našu ambulanciu a sestrička Vás usmerní tel.č. 0907 800 747.;;;Okres Sabinov;Prešovský samosprávny kraj;;;;e-VUC;Novy
67-47321741-A0001;67-47321741-A0001;;Ambulancia zubného lekárstva, Šarišské Michaľany;VUDENT s.r.o.;Zubné lekárstvo;Prešovská 169/4;Šarišské Michaľany;08222;Okres Sabinov;Prešovský samosprávny kraj;;;;e-VUC;Novy
67-47364831-A0001;67-47364831-A0001;;Ambulancia zubného lekárstva, Lúčka;SOLDENT, s.r.o.;Zubné lekárstvo;Lúčka 212;Lúčka;08271;Okres Sabinov;Prešovský samosprávny kraj;;;;e-VUC;Novy
67-36476269-A0002;67-36476269-A0002;;SABMED DENTAL CLINIC, Sabinov;SABMED spol. s r.o.;Zubné lekárstvo;SNP 1;Sabinov;08301;Okres Sabinov;Prešovský samosprávny kraj;;;;e-VUC;Novy
67-46947698-A0001;67-46947698-A0001;;Ambulancia zubného lekárstva, Sabinov;NON KARIES s.r.o.;Zubné lekárstvo;SNP 501/1;Sabinov;08301;Okres Sabinov;Prešovský samosprávny kraj;;;;e-VUC;Novy
67-36498033-A0001;67-36498033-A0001;;Ambulancia zubného lekárstva, Sabinov;Klembi Dent s.r.o.;Zubné lekárstvo;Námestie Slobody 50;Sabinov;08301;Okres Sabinov;Prešovský samosprávny kraj;;;;e-VUC;Novy
67-47515767-A0001;67-47515767-A0001;;Ambulancia zubného lekárstva, Lipany;MUDr. PAŠEN, s.r.o.;Zubné lekárstvo;Komenského 20/A;Lipany;08271;Okres Sabinov;Prešovský samosprávny kraj;;;;e-VUC;Novy
67-36153168-A0001;67-36153168-A0001;;Ambulancia zubného lekárstva, Sabinov;MUDr. Miriam Kudláková;Zubné lekárstvo;Námestie Slobody 32/32;Sabinov;08301;Okres Sabinov;Prešovský samosprávny kraj;;;;e-VUC;Novy
67-36153168-A0002;67-36153168-A0002;;Ambulancia zubného lekárstva, Jarovnice;MUDr. Miriam Kudláková;Zubné lekárstvo;Jarovnice 600;Jarovnice;08263;Okres Sabinov;Prešovský samosprávny kraj;;;;e-VUC;Novy
67-35522071-A0001;67-35522071-A0001;;Ambulancia zubného lekárstva, Brezovica;MUDr. Marta Vaľková;Zubné lekárstvo;Brezovica 60;Brezovica;08274;Okres Sabinov;Prešovský samosprávny kraj;;;;e-VUC;Novy
67-46932305-A0001;67-46932305-A0001;;Ambulancia zubného lekárstva, Sabinov;MUDr. Magda, s.r.o.;Zubné lekárstvo;Fraňa Kráľa 39;Sabinov;08301;Okres Sabinov;Prešovský samosprávny kraj;;;;e-VUC;Novy
67-42235910-A0001;67-42235910-A0001;;Ambulancia zubného lekárstva, Lipany;MUDr. Juraj Magda;Zubné lekárstvo;Krivianska 1633/41;Lipany;08271;Okres Sabinov;Prešovský samosprávny kraj;;;;e-VUC;Novy
67-46564802-A0001;67-46564802-A0001;;Ambulancia zubného lekárstva, Lipany;MDDr. Dominika Haraksimová;Zubné lekárstvo;Námestie sv. Martina 41;Lipany;08271;Okres Sabinov;Prešovský samosprávny kraj;;;;e-VUC;Novy
67-31975577-A0001;67-31975577-A0001;;Ambulancia zubného lekárstva, MUDr. Daniel Straka, Sabinov;MUDr. Daniel Straka;Zubné lekárstvo;SNP 1;Sabinov;05304;Okres Sabinov;Prešovský samosprávny kraj;;;;e-VUC;Novy
67-47614897-A0001;67-47614897-A0001;;Ambulancia zubného lekárstva, Pečovská Nová Ves;MUDr. Igor Hamžík;Zubné lekárstvo;Hlavná 561/79;Pečovská Nová Ves;08256;Okres Sabinov;Prešovský samosprávny kraj;;;;e-VUC;Novy
67-44318669-A0001;67-44318669-A0001;;Ambulancia zubného lekárstva, Lipany;HK-DENT s.r.o.;Zubné lekárstvo;Námestie sv. Martina 9;Lipany;08271;Okres Sabinov;Prešovský samosprávny kraj;;;;e-VUC;Novy
67-55904246-A0001;67-55904246-A0001;;Ambulancia zubného lekárstva, MDDr. Lapšanská Adriána, Snina;LAdenti s.r.o.;Zubné lekárstvo, Dentoalveolárna chirurgia;Študentská 1438/1;Snina;06901;Okres Snina;Prešovský samosprávny kraj;;;;e-VUC;Novy
67-55455280-A0001;67-55455280-A0001;;Ambulancia zubného lekárstva, Snina;Zub Snina s. r. o.;Zubné lekárstvo;SNP 2730/92;Snina;06901;Okres Snina;Prešovský samosprávny kraj;;;;e-VUC;Novy
67-50737091-A0002;67-50737091-A0002;;Ambulancia zubného lekárstva, Snina;SURADENT, s.r.o.;Zubné lekárstvo, Dentoalveolárna chirurgia;Sládkovičova 4066;Snina;06901;Okres Snina;Prešovský samosprávny kraj;;;;e-VUC;Novy
67-54135052-A0001;67-54135052-A0001;;Ambulancia zubného lekárstva, Snina;MARPOL DENT, s. r. o.;Zubné lekárstvo;Strojárska 524/6;Snina;06901;Okres Snina;Prešovský samosprávny kraj;;;;e-VUC;Novy
67-31941079-A0001;67-31941079-A0001;;Ambulancia zubného lekárstva, Belá nad Cirochou;MUDr. Pavol Brečka;Zubné lekárstvo;Obvodné zdravotné stredisko, Cintorínska 66/40;Belá nad Cirochou;06781;Okres Snina;Prešovský samosprávny kraj;;;;e-VUC;Novy
67-50737091-A0001;67-50737091-A0001;;Ambulancia zubného lekárstva, Snina;SURADENT, s.r.o.;Zubné lekárstvo;Sládkovičova 4066;Snina;06901;Okres Snina;Prešovský samosprávny kraj;;;;e-VUC;Novy
67-35520183-A0001;67-35520183-A0001;;Ambulancia zubného lekárstva, Snina;MUDr. Katarína Molnárová;Zubné lekárstvo;Strojárska 20;Snina;06901;Okres Snina;Prešovský samosprávny kraj;;;;e-VUC;Novy
67-50457764-A0001;67-50457764-A0001;;MDDr. Mária Trusáková, Ambulancia zubného lekárstva, Snina;ApolloniaDental, s.r.o.;Zubné lekárstvo;Strojárska 524;Snina;06901;Okres Snina;Prešovský samosprávny kraj;;;;e-VUC;Novy
67-36507806-A0003;67-36507806-A0003;;Ambulancia zubného lekárstva, Snina;VARGDENT s.r.o.;Zubné lekárstvo;Strojárska 576/58;Snina;06901;Okres Snina;Prešovský samosprávny kraj;;;;e-VUC;Novy
67-36507806-A0001;67-36507806-A0001;;Ambulancia zubného lekárstva, Snina;VARGDENT s.r.o.;Zubné lekárstvo, Stomatológia, čeľustná ortopédia;Strojárska 576/58;Snina;06901;Okres Snina;Prešovský samosprávny kraj;;;;e-VUC;Novy
67-37936522-A0001;67-37936522-A0001;;Ambulancia zubného lekárstva, Snina;MUDr. Marcel Kunec;Zubné lekárstvo;Študentská 1460;Snina;06901;Okres Snina;Prešovský samosprávny kraj;;;;e-VUC;Novy
67-50284894-A0001;67-50284894-A0001;;Ambulancia zubného lekárstva, Snina;MP dent Snina s.r.o.;Zubné lekárstvo;, PSO,Strojárska 4030;;;Okres Snina;Prešovský samosprávny kraj;;;;e-VUC;Novy
67-36514357-A0001;67-36514357-A0001;;MDDr. Viktor Kunec, Snina;VALUDENT, s.r.o.;Zubné lekárstvo;Strojárska 524;Snina;05304;Okres Snina;Prešovský samosprávny kraj;;;;e-VUC;Novy
51-44601662-A0002;51-44601662-A0002;;Ambulancia zubného lekárstva, Ubľa;PARODENT, s.r.o.;Zubné lekárstvo;Ubľa 119;Ubľa;06773;Okres Snina;Prešovský samosprávny kraj;;;;e-VUC;Novy
67-47550899-A0001;67-47550899-A0001;;Ambulancia zubného lekárstva, Snina;ONIDENT, s.r.o.;Zubné lekárstvo;Strojárska 524;Snina;06901;Okres Snina;Prešovský samosprávny kraj;;;;e-VUC;Novy
67-35518006-A0001;67-35518006-A0001;;Ambulancia zubného lekárstva, Stakčín;MUDr. Ľubomír Kelly;Zubné lekárstvo;SNP 6;Stakčín;06901;Okres Snina;Prešovský samosprávny kraj;;;;e-VUC;Novy
67-35519878-A0001;67-35519878-A0001;;Ambulancia zubného lekárstva, Snina;MUDr. Oľga Bôžiková;Zubné lekárstvo;, Bolestivé prípady ošetrí MUDr.Molnárová vo vihorlatskom stredisku v ranných hodinách-od 7.00 do 9.00.;;;Okres Snina;Prešovský samosprávny kraj;;;;e-VUC;Novy
67-35533951-A0001;67-35533951-A0001;;Ambulancia zubného lekárstva, Snina;MUDr. Ervín Pohl;Zubné lekárstvo;Strojárska 524/6;Snina;06901;Okres Snina;Prešovský samosprávny kraj;;;;e-VUC;Novy
67-31304770-A0001;67-31304770-A0001;;Ambulancia zubného lekárstva, Snina;MUDr. Boris Skulina;Zubné lekárstvo;Strojárska 2206;Snina;06901;Okres Snina;Prešovský samosprávny kraj;;;;e-VUC;Novy
67-47878193-A0001;67-47878193-A0001;;Ambulancia zubného lekárstva, MDDr. Mária Salajová, Snina;MIASTOM, s.r.o.;Zubné lekárstvo;, Bolesti a akútne stavy do;;;Okres Snina;Prešovský samosprávny kraj;;;;e-VUC;Novy
67-42345774-A0001;67-42345774-A0001;;Ambulancia zubného lekárstva, Snina;MDDr. Janka Fedorová;Zubné lekárstvo;, OPG pracovisko zatvorené;;;Okres Snina;Prešovský samosprávny kraj;;;;e-VUC;Novy
67-42420164-A0001;67-42420164-A0001;;Ambulancia zubného lekárstva, Snina;MDDr. Adriána Lapšanská;Zubné lekárstvo;Študentská 1438/1;Snina;06901;Okres Snina;Prešovský samosprávny kraj;;;;e-VUC;Novy
67-52770605-A0003;67-52770605-A0003;;Ambulancia zubného lekárstva, Stará Ľubovňa;Apolonia s.r.o.;Zubné lekárstvo;Popradská 661/8;Stará Ľubovňa;06401;Okres Stará Ľubovňa;Prešovský samosprávny kraj;;;;e-VUC;Novy
67-46053697-A0004;67-46053697-A0004;;Ambulancia zubného lekárstva, Stará Ľubovňa;KOLLARDENT, s.r.o.;Zubné lekárstvo, Dentoalveolárna chirurgia;Budovateľská 475/6;Stará Ľubovňa;06401;Okres Stará Ľubovňa;Prešovský samosprávny kraj;;;;e-VUC;Novy
67-56744838-A0001;67-56744838-A0001;;Ambulancia zubného lekárstva, Plavnica;SOFIADENT s. r. o.;Zubné lekárstvo;Plavnica 74;Plavnica;06545;Okres Stará Ľubovňa;Prešovský samosprávny kraj;;;;e-VUC;Novy
67-55615376-A0001;67-55615376-A0001;;Ambulancia dentálnej hygieny, Stará Ľubovňa;Bc. Lucia Ševčíková;Dentálna hygiena;Levočská 339/5;Stará Ľubovňa;06401;Okres Stará Ľubovňa;Prešovský samosprávny kraj;;;;e-VUC;Novy
67-50464931-A0002;67-50464931-A0002;;Ambulancia zubného lekárstva, Veľký Lipník;Immimed s.r.o.;Zubné lekárstvo;Veľký Lipník 34;Veľký Lipník;06533;Okres Stará Ľubovňa;Prešovský samosprávny kraj;;;;e-VUC;Novy
67-50464931-A0003;67-50464931-A0003;;Ambulancia zubného lekárstva, MUDr.Martina Imrichová, Chmeľnica;Immimed s.r.o.;Zubné lekárstvo;Chmeľnica 161;Chmeľnica;06401;Okres Stará Ľubovňa;Prešovský samosprávny kraj;;;;e-VUC;Novy
67-54511691-A0001;67-54511691-A0001;;Ambulancia zubného lekárstva, Stará Ľubovňa;ELITDENT 2 s. r. o.;Zubné lekárstvo;Levočská 335/1;Stará Ľubovňa;06401;Okres Stará Ľubovňa;Prešovský samosprávny kraj;;;;e-VUC;Novy
67-37784650-A0002;67-37784650-A0002;;Ambulancia zubného lekárstva, Chmeľnica;MUDr. Martina Imrichová;Zubné lekárstvo;Chmeľnica 161;Chmeľnica;06401;Okres Stará Ľubovňa;Prešovský samosprávny kraj;;;;e-VUC;Novy
67-44170173-A0005;67-44170173-A0005;;Ambulancia zubného lekárstva, Stará Ľubovňa;DemjanDent, s. r. o.;Zubné lekárstvo;Sládkovičova 482/3;Stará Ľubovňa;06401;Okres Stará Ľubovňa;Prešovský samosprávny kraj;;;;e-VUC;Novy
67-52016072-A0002;67-52016072-A0002;;Ambulancia zubného lekárstva, Stará Ľubovňa;Dr. Šima, s.r.o.;Zubné lekárstvo;Mierová 1284/90;Stará Ľubovňa;06401;Okres Stará Ľubovňa;Prešovský samosprávny kraj;;;;e-VUC;Novy
67-52016072-A0003;67-52016072-A0003;;Ambulancia zubného lekárstva, Stará Ľubovňa;Dr. Šima, s.r.o.;Zubné lekárstvo;Mierová 1284/90;Stará Ľubovňa;06401;Okres Stará Ľubovňa;Prešovský samosprávny kraj;;;;e-VUC;Novy
67-52016072-A0001;67-52016072-A0001;;Ambulancia zubného lekárstva, Stará Ľubovňa;Dr. Šima, s.r.o.;Zubné lekárstvo;Mierová 1284/90;Stará Ľubovňa;06401;Okres Stará Ľubovňa;Prešovský samosprávny kraj;;;;e-VUC;Novy
67-48189448-A0001;67-48189448-A0001;;Ambulancia zubného lekárstva, Ľubotín;DENTAL design, spol. s r.o.;Zubné lekárstvo;Na rovni 308/24;Ľubotín;06541;Okres Stará Ľubovňa;Prešovský samosprávny kraj;;;;e-VUC;Novy
67-48189448-A0002;67-48189448-A0002;;Ambulancia zubného lekárstva, Ľubotín;DENTAL design, spol. s r.o.;Zubné lekárstvo;Na rovni 308/24;Ľubotín;06541;Okres Stará Ľubovňa;Prešovský samosprávny kraj;;;;e-VUC;Novy
67-46053697-A0003;67-46053697-A0003;;Ambulancia zubného lekárstva, Podolínec;KOLLARDENT, s.r.o.;Zubné lekárstvo;Sv. Anny 287/13;Podolínec;06503;Okres Stará Ľubovňa;Prešovský samosprávny kraj;;;;e-VUC;Novy
67-50862014-A0001;67-50862014-A0001;;Ambulancia zubného lekárstva, Stará Ľubovňa;ELITDENT s.r.o.;Zubné lekárstvo;Levočská 335/1;Stará Ľubovňa;06401;Okres Stará Ľubovňa;Prešovský samosprávny kraj;;;;e-VUC;Novy
67-37878140-A0001;67-37878140-A0001;;Ambulancia zubného lekárstva, Nová Ľubovňa;MUDr. Ľudmila Škvárová;Zubné lekárstvo;Nová Ľubovňa 758;Nová Ľubovňa;06511;Okres Stará Ľubovňa;Prešovský samosprávny kraj;;;;e-VUC;Novy
67-31967302-A0001;67-31967302-A0001;;Ambulancia zubného lekárstva, Plavnica;MUDr. Soňa Čefová;Zubné lekárstvo;ObZS, Plavnica 74;Plavnica;06545;Okres Stará Ľubovňa;Prešovský samosprávny kraj;;;;e-VUC;Novy
67-35520752-A0001;67-35520752-A0001;;Ambulancia zubného lekárstva, Hniezdne;MUDr. Mária Trusková;Zubné lekárstvo;, Akútne ošetrenie: MUDr. Imrichová:18.8. a 19.8. Chmeľnica do 9°° hod MUDr. Škvarová: 20.8. - 25.8. Nová Ľubovňa do 9°° hod MUDr. Demjan : 26.8. St. Ľubovňa, Sládkovičova 482 do 9°° hod MUDr. Imrichová:27.8., 28.8. a 31.8. V. Lipník do 9°° hod 1.9. Chmeľnica do 9°° hod;;;Okres Stará Ľubovňa;Prešovský samosprávny kraj;;;;e-VUC;Novy
67-37784650-A0001;67-37784650-A0001;;Ambulancia zubného lekárstva, Veľký Lipník;MUDr. Martina Imrichová;Zubné lekárstvo;Veľký Lipník 34;Veľký Lipník;06533;Okres Stará Ľubovňa;Prešovský samosprávny kraj;;;;e-VUC;Novy
67-31970435-A0001;67-31970435-A0001;;Ambulancia zubného lekárstva, Stará Ľubovňa;MUDr. Katarína Koberová;Zubné lekárstvo;Obrancov mieru 518/9;Stará Ľubovňa;06401;Okres Stará Ľubovňa;Prešovský samosprávny kraj;;;;e-VUC;Novy
67-55286500-A0001;67-55286500-A0001;;Ambulancia zubného lekárstva, MDDr. Matej Roth, Stropkov;AtriumDent s.r.o.;Zubné lekárstvo;, Ošetrenia dentálnej hygieny podľa objednávok. Bolestivé prípady u zastupujúceho lekára od;;;Okres Stropkov;Prešovský samosprávny kraj;;;;e-VUC;Novy
67-36510238-A0002;67-36510238-A0002;;Ambulancia zubného lekárstva, Stropkov;ZDRAVÝ ÚSMEV, s.r.o.;Zubné lekárstvo;Chotčanská 100/16;Stropkov;09101;Okres Stropkov;Prešovský samosprávny kraj;;;;e-VUC;Novy
67-36510238-A0001;67-36510238-A0001;;Ambulancia zubného lekárstva, Stropkov;ZDRAVÝ ÚSMEV, s.r.o.;Zubné lekárstvo;Chotčanská 100/16;Stropkov;09101;Okres Stropkov;Prešovský samosprávny kraj;;;;e-VUC;Novy
67-36515051-A0001;67-36515051-A0001;;Ambulancia zubného lekárstva, Stropkov;VAAL - Dent, s.r.o.;Zubné lekárstvo;Konštantínova 1596/64;Stropkov;09101;Okres Stropkov;Prešovský samosprávny kraj;;;;e-VUC;Novy
67-36510106-A0001;67-36510106-A0001;;Ambulancia zubného lekárstva, Stropkov;TKADENT, s.r.o.;Zubné lekárstvo;Akad. Pavlova 321/10;Stropkov;09101;Okres Stropkov;Prešovský samosprávny kraj;;;;e-VUC;Novy
67-36508659-A0001;67-36508659-A0001;;Ambulancia zubného lekárstva, Stropkov;STEFDENT, s.r.o.;Zubné lekárstvo;Akad. Pavlova 323/12;Stropkov;09101;Okres Stropkov;Prešovský samosprávny kraj;;;;e-VUC;Novy
67-36500267-A0001;67-36500267-A0001;;Ambulancia zubného lekárstva, Stropkov;LG - STOM, spol. s r.o.;Zubné lekárstvo;Letná 1946/3;Stropkov;09101;Okres Stropkov;Prešovský samosprávny kraj;;;;e-VUC;Novy
67-36480126-A0003;67-36480126-A0003;;Ambulancia zubného lekárstva, Stropkov;RoyalDent s.r.o.;Zubné lekárstvo;Jilemnického 309/3;Stropkov;09101;Okres Stropkov;Prešovský samosprávny kraj;;;;e-VUC;Novy
67-36500194-A0002;67-36500194-A0002;;Ambulancia zubného lekárstva, Stropkov;ADADENTA, spol. s.r.o.;Zubné lekárstvo;Jilemnického 309/3;Stropkov;09101;Okres Stropkov;Prešovský samosprávny kraj;;;;e-VUC;Novy
67-36500194-A0001;67-36500194-A0001;;Ambulancia zubného lekárstva, Stropkov;ADADENTA, spol. s.r.o.;Zubné lekárstvo;Komenského 1;Stropkov;09101;Okres Stropkov;Prešovský samosprávny kraj;;;;e-VUC;Novy
67-54615020-A0001;67-54615020-A0001;;Stomatologická ambulancia, Svidník;SONAMA s. r. o.;Zubné lekárstvo;Sov. Hrdinov 226/2;Svidník;08901;Okres Svidník;Prešovský samosprávny kraj;;;;e-VUC;Novy
51-54406625-A0001;51-54406625-A0001;;Ambulancia dentálnej hygieny, Giraltovce;L-Dent s.r.o.;Dentálna hygiena;Dukelská 79/77;Giraltovce;08701;Okres Svidník;Prešovský samosprávny kraj;;;;e-VUC;Novy
67-54406625-A0001;67-54406625-A0001;;Ambulancia dentálnej hygieny, Giraltovce;L-Dent s.r.o.;Dentálna hygiena;Dukelská 79/77;Giraltovce;08701;Okres Svidník;Prešovský samosprávny kraj;;;;e-VUC;Novy
51-53292421-A0003;51-53292421-A0003;;Ambulancia zubného lekárstva, Svidník;DENTALORTHO s.r.o.;Zubné lekárstvo;Centrálna 812/12;Svidník;08901;Okres Svidník;Prešovský samosprávny kraj;;;;e-VUC;Novy
67-36476269-A0003;67-36476269-A0003;;SABMED DENTAL CLINIC, Svidník;SABMED spol. s r.o.;Zubné lekárstvo;MUDr.Pribulu 2264/17;Svidník;08901;Okres Svidník;Prešovský samosprávny kraj;;;;e-VUC;Novy
67-52678261-A0001;67-52678261-A0001;;Ambulancia zubného lekárstva, Giraltovce;ESKULAP MIKULA, s. r. o.;Zubné lekárstvo;Poliklinika, Kukorelliho 334/16;Giraltovce;08701;Okres Svidník;Prešovský samosprávny kraj;;;;e-VUC;Novy
67-36500011-A0001;67-36500011-A0001;;Ambulancia zubného lekárstva, Svidník;DENTAL Comfort, s.r.o.;Zubné lekárstvo;Sov. Hrdinov 460/11;Svidník;08901;Okres Svidník;Prešovský samosprávny kraj;;;;e-VUC;Novy
67-36512028-A0002;67-36512028-A0002;;Ambulancia zubného lekárstva, Svidník;BREZMED, spol. s r.o.;Zubné lekárstvo;MUDr. Pribulu 412/4;Svidník;08901;Okres Svidník;Prešovský samosprávny kraj;;;;e-VUC;Novy
67-36476269-A0001;67-36476269-A0001;;SABMED DENTAL CLINIC, Svidník;SABMED spol. s r.o.;Zubné lekárstvo;MUDr. Pribulu 2264/17;Svidník;08901;Okres Svidník;Prešovský samosprávny kraj;;;;e-VUC;Novy
67-47583410-A0001;67-47583410-A0001;;Ambulancia zubného lekárstva, Giraltovce;S - DENTAL s.r.o.,;Zubné lekárstvo;Kukorelliho 334/16;Giraltovce;08701;Okres Svidník;Prešovský samosprávny kraj;;;;e-VUC;Novy
67-57384207-A0001;67-57384207-A0001;;Ambulancia dentálnej hygieny, Vranov nad Topľou;DanaDent, s. r. o.;Dentálna hygiena;Hronského 2754/41;Vranov nad Topľou;09301;Okres Vranov nad Topľou;Prešovský samosprávny kraj;;;;e-VUC;Novy
67-45896151-A0002;67-45896151-A0002;;Ambulancia zubného lekárstva, Vranov nad Topľou;IdealSmile studio s.r.o.;Zubné lekárstvo;Hronského 2754/41;Vranov nad Topľou;09301;Okres Vranov nad Topľou;Prešovský samosprávny kraj;;;;e-VUC;Novy
67-54382661-A0001;67-54382661-A0001;;Ambulancia dentálnej hygieny, Vranov nad Topľou;Prophylaxe s. r. o.;Dentálna hygiena;Námestie slobody 1239/148;Vranov nad Topľou;09301;Okres Vranov nad Topľou;Prešovský samosprávny kraj;;;;e-VUC;Novy
67-53838092-A0001;67-53838092-A0001;;Ambulancia zubného lekárstva, Vranov nad Topľou;MAKO Family s. r. o.;Zubné lekárstvo;Námestie slobody 1239/148;Vranov nad Topľou;09301;Okres Vranov nad Topľou;Prešovský samosprávny kraj;;;;e-VUC;Novy
67-36510602-A0002;67-36510602-A0002;;Ambulancia zubného lekárstva, Vranov nad Topľou;VT DENT s.r.o.;Dentoalveolárna chirurgia;Duklianskych hrdinov 2473/7A;Vranov nad Topľou;09301;Okres Vranov nad Topľou;Prešovský samosprávny kraj;;;;e-VUC;Novy
67-46363882-A0003;67-46363882-A0003;;Ambulancia zubného lekárstva, Vranov nad Topľou;GRYNENKO s.r.o.;Zubné lekárstvo;Hronského 1206/6;Vranov nad Topľou;09301;Okres Vranov nad Topľou;Prešovský samosprávny kraj;;;;e-VUC;Novy
67-36484776-A0001;67-36484776-A0001;;Ambulancia zubného lekárstva, Sačurov;ŠARM-DENT, s.r.o.;Zubné lekárstvo;Dargovská 582/47;Sačurov;09413;Okres Vranov nad Topľou;Prešovský samosprávny kraj;;;;e-VUC;Novy
67-36484776-A0002;67-36484776-A0002;;Ambulancia zubného lekárstva, Vranov nad Topľou;ŠARM-DENT, s.r.o.;Zubné lekárstvo;Námestie slobody 98/151;Vranov nad Topľou;09301;Okres Vranov nad Topľou;Prešovský samosprávny kraj;;;;e-VUC;Novy
67-51147076-A0001;67-51147076-A0001;;Ambulancia zubného lekárstva, Holčíkovce;MIKAM, s.r.o.;Zubné lekárstvo;Holčíkovce 24;Holčíkovce;09405;Okres Vranov nad Topľou;Prešovský samosprávny kraj;;;;e-VUC;Novy
67-51885981-A0001;67-51885981-A0001;;Ambulancia zubného lekárstva, Vranov nad Topľou;Ugľaj, s.r.o.;Zubné lekárstvo;Ondavská 888/13;Vranov nad Topľou;09301;Okres Vranov nad Topľou;Prešovský samosprávny kraj;;;;e-VUC;Novy
67-51885981-A0002;67-51885981-A0002;;Ambulancia zubného lekárstva, Bystré;Ugľaj, s.r.o.;Zubné lekárstvo;Prešovská 282/1;Bystré;09434;Okres Vranov nad Topľou;Prešovský samosprávny kraj;;;;e-VUC;Novy
67-52034909-A0001;67-52034909-A0001;;Ambulancia zubného lekárstva, Vranov nad Topľou;DENTINI s.r.o.;Zubné lekárstvo;Sídlisko Juh 1054/4;Vranov nad Topľou;09301;Okres Vranov nad Topľou;Prešovský samosprávny kraj;;;;e-VUC;Novy
67-50949837-A0001;67-50949837-A0001;;Ambulancia zubného lekárstva, Vranov nad Topľou;TP DENT s.r.o.;Zubné lekárstvo;Štúrova 134/2;Vranov nad Topľou;09301;Okres Vranov nad Topľou;Prešovský samosprávny kraj;;;;e-VUC;Novy
67-31999379-A0001;67-31999379-A0001;;Ambulancia zubného lekárstva, Slovenská Kajňa;MUDr. Ladislav Revák;Zubné lekárstvo, Stomatológia;zubná ambulancia, Slovenská Kajňa 57;Slovenská Kajňa;09402;Okres Vranov nad Topľou;Prešovský samosprávny kraj;;;;e-VUC;Novy
67-36616362-A0001;67-36616362-A0001;;Ambulancia zubného lekárstva, Vranov nad Topľou;Avecdent, s. r. o.;Zubné lekárstvo;Juh 1062/6;Vranov nad Topľou;09301;Okres Vranov nad Topľou;Prešovský samosprávny kraj;;;;e-VUC;Novy
67-50180754-A0001;67-50180754-A0001;;Ambulancia zubného lekárstva, Vranov nad Topľou;VM Ortodent, s.r.o.;Zubné lekárstvo;Staničná 1250/5;Vranov nad Topľou;09301;Okres Vranov nad Topľou;Prešovský samosprávny kraj;;;;e-VUC;Novy
63-57315205-A0001;63-57315205-A0001;;Ambulancia zubného lekárstva, Anhelina Chulei, Bánovce nad Bebravou;Angela Dent s. r. o.;Zubné lekárstvo;Školská 768/25;Bánovce nad Bebravou;95701;Okres Bánovce nad Bebravou;Trenčiansky samosprávny kraj;;;;e-VUC;Novy
63-56789092-A0001;63-56789092-A0001;;Ambulancia zubného lekárstva, MDDr. Vladimír Demidov, Šišov;Šišovdent s. r. o.;Zubné lekárstvo;Šišov 45;Šišov;95638;Okres Bánovce nad Bebravou;Trenčiansky samosprávny kraj;;;;e-VUC;Novy
63-56262183-A0001;63-56262183-A0001;;Ambulancia zubného lekárstva, BDS Mohamed Magdy Elghamazy, Bánovce nad Bebravou;Dentera s. r. o.;Zubné lekárstvo;Školská 768/25;Bánovce nad Bebravou;95701;Okres Bánovce nad Bebravou;Trenčiansky samosprávny kraj;;;;e-VUC;Novy
63-56262183-A0002;63-56262183-A0002;;Ambulancia zubného lekárstva, Bánovce nad Bebravou;Dentera s. r. o.;Zubné lekárstvo;Školská 768/25;Bánovce nad Bebravou;95701;Okres Bánovce nad Bebravou;Trenčiansky samosprávny kraj;;;;e-VUC;Novy
63-56343311-A0001;63-56343311-A0001;;Ambulancia zubného lekárstva, Andrej Mikla, Bánovce nad Bebravou;Dental Care Center s. r. o.;Zubné lekárstvo, Dentálna hygiena;Textilná 2600/4A;Bánovce nad Bebravou;95701;Okres Bánovce nad Bebravou;Trenčiansky samosprávny kraj;;;;e-VUC;Novy
51-44680431-A0003;51-44680431-A0003;;Ambulancia zubného lekárstva, MDDr. Lucia Richterová, Bánovce nad Bebravou;Osteodent, s. r. o.;Zubné lekárstvo;Školská 768/25;Bánovce nad Bebravou;95701;Okres Bánovce nad Bebravou;Trenčiansky samosprávny kraj;;;;e-VUC;Novy
63-54138434-A0001;63-54138434-A0001;;Ambulancia dentálnej hygieny, Alexandra Gubková, Bánovce nad Bebravou;Alexandra Gubková;Dentálna hygiena;Školská 768/25;Bánovce nad Bebravou;95701;Okres Bánovce nad Bebravou;Trenčiansky samosprávny kraj;;;;e-VUC;Novy
63-36663921-A0002;63-36663921-A0002;;Ambulancia zubného lekárstva, MUDr. Ľudevít Richter, Bánovce nad Bebravou;BN - DENT s.r.o.;Zubné lekárstvo;Školská 768/25;Bánovce nad Bebravou;95701;Okres Bánovce nad Bebravou;Trenčiansky samosprávny kraj;;;;e-VUC;Novy
63-52501698-A0001;63-52501698-A0001;;Ambulancia dentálnej hygieny, Mgr. Jozefa Ľahká , Bánovce nad Bebravou;JL Dental s.r.o.;Dentálna hygiena;Textilná 2600/4;Bánovce nad Bebravou;95701;Okres Bánovce nad Bebravou;Trenčiansky samosprávny kraj;;;;e-VUC;Novy
63-52348393-A0001;63-52348393-A0001;;Ambulancia zubného lekárstva, MDDr. Michaela Šinská Miksová, Bánovce nad Bebravou;Dental Angels s. r. o.;Zubné lekárstvo;Školská 768/25;Bánovce nad Bebravou;95701;Okres Bánovce nad Bebravou;Trenčiansky samosprávny kraj;;;;e-VUC;Novy
63-52062384-A0001;63-52062384-A0001;;DENTAX s.r.o., Bánovce nad Bebravou;DENTAX s.r.o.;Zubné lekárstvo;Textilná 4;Bánovce nad Bebravou;95701;Okres Bánovce nad Bebravou;Trenčiansky samosprávny kraj;;;;e-VUC;Novy
63-51694964-A0001;63-51694964-A0001;;Ambulancia zubného lekárstva, MDDr. Peter Bednár, Bánovce nad Bebravou;PB Dental, s.r.o.;Zubné lekárstvo;Trenčianska Cesta 603;Bánovce nad Bebravou;95701;Okres Bánovce nad Bebravou;Trenčiansky samosprávny kraj;;;;e-VUC;Novy
63-51649250-A0001;63-51649250-A0001;;Ambulancia zubného lekárstva, MDDr. Lejla Kováčik (Aujeská), Bánovce nad Bebravou;MDDr. Lejla Kováčik;Zubné lekárstvo;K Nemocnici 39/6;Bánovce nad Bebravou;95701;Okres Bánovce nad Bebravou;Trenčiansky samosprávny kraj;;;;e-VUC;Novy
63-50082710-A0001;63-50082710-A0001;;Ambulancia zubného lekárstva, MUDr. Iveta Bežová, Bánovce nad Bebravou;BI.STOM s.r.o.;Zubné lekárstvo;, Bolestivých pacientov ošetrí do 10.00 hod Dentera s.r.o.;;;Okres Bánovce nad Bebravou;Trenčiansky samosprávny kraj;;;;e-VUC;Novy
63-50009982-A0001;63-50009982-A0001;;Ambulancia zubného lekárstva, MUDr. Erika Blašková, Bánovce nad Bebravou;MUDr. Erika Blašková, s.r.o.;Zubné lekárstvo;od 14.08.2026 do 28.08.2026;;;Okres Bánovce nad Bebravou;Trenčiansky samosprávny kraj;;;;e-VUC;Novy
63-42378354-A0001;63-42378354-A0001;;Ambulancia dentálnej hygieny, Bc. Stella Mikušová, Bánovce nad Bebravou;Bc. Stella Mikušová;Dentálna hygiena;, z technických príčin zatvorené/prerabanie polikliniky/;;;Okres Bánovce nad Bebravou;Trenčiansky samosprávny kraj;;;;e-VUC;Novy
63-44680431-A0002;63-44680431-A0002;;Ambulancia zubného lekárstva, MDDr. Lucia Richterová, Bánovce nad Bebravou;Osteodent, s. r. o.;Zubné lekárstvo, čeľustná ortopédia;Školská 768/25;Bánovce nad Bebravou;95701;Okres Bánovce nad Bebravou;Trenčiansky samosprávny kraj;;;;e-VUC;Novy
63-31142478-A0001;63-31142478-A0001;;Ambulancia zubného lekárstva, MUDr. Daniela Fabianová, Slatina nad Bebravou;MUDr. Daniela Fabianová;Zubné lekárstvo;Slatina nad Bebravou 226;Slatina nad Bebravou;95653;Okres Bánovce nad Bebravou;Trenčiansky samosprávny kraj;;;;e-VUC;Novy
63-42281385-A0001;63-42281385-A0001;;Ambulancia zubného lekárstva, Mikla Andriy, Bánovce nad Bebravou;Andriy Mikla;Zubné lekárstvo;Textilná 901/4;Bánovce nad Bebravou;95701;Okres Bánovce nad Bebravou;Trenčiansky samosprávny kraj;;;;e-VUC;Novy
63-46262172-A0001;63-46262172-A0001;;MARKODENT s.r.o., Bánovce nad Bebravou;MARKODENT, s.r.o.;Zubné lekárstvo;K Nemocnici 39/6;Bánovce nad Bebravou;95701;Okres Bánovce nad Bebravou;Trenčiansky samosprávny kraj;;;;e-VUC;Novy
51-44461267-A0002;51-44461267-A0002;;Ambulancia zubného lekárstva, Šišov;MEDO-DENT, s.r.o.;Zubné lekárstvo;Šišov 45;Šišov;95638;Okres Bánovce nad Bebravou;Trenčiansky samosprávny kraj;;;;e-VUC;Novy
63-31142770-A0001;63-31142770-A0001;;Ambulancia zubného lekárstva, MUDr. Pavol Pastierik, Bánovce nad Bebravou;MUDr. Pavol Pastierik;Zubné lekárstvo;Školská 768/25;Bánovce nad Bebravou;95701;Okres Bánovce nad Bebravou;Trenčiansky samosprávny kraj;;;;e-VUC;Novy
63-36122939-A0001;63-36122939-A0001;;Ambulancia zubného lekárstva, MUDr. Miriam Hollá (Valjentová), Bánovce nad Bebravou;MUDr. Miriam Hollá;Zubné lekárstvo;Školská 768/25;Bánovce nad Bebravou;95701;Okres Bánovce nad Bebravou;Trenčiansky samosprávny kraj;;;;e-VUC;Novy
63-56144431-A0001;63-56144431-A0001;;Ambulancia dentálnej hygieny, Bc. Nina Zajacová, Dubnica nad Váhom;NIZAA s. r. o.;Dentálna hygiena;Štúrova 76/11A;Dubnica nad Váhom;01841;Okres Ilava;Trenčiansky samosprávny kraj;;;;e-VUC;Novy
63-52493083-A0002;63-52493083-A0002;;Ambulancia dentálnej hygieny, Dubnica nad Váhom;Mea Dent s.r.o.;Zubné lekárstvo, Dentálna hygiena;Dubová 4407/17;Dubnica nad Váhom;01841;Okres Ilava;Trenčiansky samosprávny kraj;;;;e-VUC;Novy
63-52493083-A0003;63-52493083-A0003;;Ambulancia zubného lekárstva, Dubnica nad Váhom;Mea Dent s.r.o.;Zubné lekárstvo, Dentálna hygiena;Dubová 4407/17;Dubnica nad Váhom;01841;Okres Ilava;Trenčiansky samosprávny kraj;;;;e-VUC;Novy
63-55690017-A0001;63-55690017-A0001;;Ambulancia zubného lekárstva, MDDr. Mária Strapková Hrdličková, Pruské;MSH dent s. r. o.;Zubné lekárstvo, Dentálna hygiena;Pruské 293;Pruské;01852;Okres Ilava;Trenčiansky samosprávny kraj;;;;e-VUC;Novy
63-52805107-A0003;63-52805107-A0003;;Ambulancia zubného lekárstva, MDDr. Katarína Behanová, Dubnica nad Váhom;Diente - dental studio s.r.o.;Zubné lekárstvo, Dentálna hygiena;Štúrova 76/11;Dubnica nad Váhom;01841;Okres Ilava;Trenčiansky samosprávny kraj;;;;e-VUC;Novy
63-52805107-A0002;63-52805107-A0002;;Ambulancia zubného lekárstva II., Dubnica nad Váhom;Diente - dental studio s.r.o.;Zubné lekárstvo, Dentálna hygiena;Štúrova 76/11;Dubnica nad Váhom;01841;Okres Ilava;Trenčiansky samosprávny kraj;;;;e-VUC;Novy
63-47455381-A0001;63-47455381-A0001;;Ambulancia zubného lekárstva, MUDr. Jozef Latkóczy, Nová Dubnica;JL Stomatology s.r.o.;Zubné lekárstvo;Gagarinova 773/5;Nová Dubnica;01851;Okres Ilava;Trenčiansky samosprávny kraj;;;;e-VUC;Novy
63-53187610-A0001;63-53187610-A0001;;Ambulancia zubného lekárstva, MDDr. Martin Hladký, Pruské;SimplyDent s.r.o.;Zubné lekárstvo;Pruské 293;Pruské;01852;Okres Ilava;Trenčiansky samosprávny kraj;;;;e-VUC;Novy
63-52493083-A0001;63-52493083-A0001;;Ambulancia zubného lekárstva, MDDr. Michaela Nagyová, Dubnica nad Váhom;Mea Dent s.r.o.;Zubné lekárstvo, Dentálna hygiena;Dubová 4407/17;Dubnica nad Váhom;01841;Okres Ilava;Trenčiansky samosprávny kraj;;;;e-VUC;Novy
63-52805107-A0001;63-52805107-A0001;;Ambulancia zubného lekárstva, MDDr. Martina Gavenda Jurisová, Dubnica nad Váhom;Diente - dental studio s.r.o.;Zubné lekárstvo;Štúrova 76/11;Dubnica nad Váhom;01841;Okres Ilava;Trenčiansky samosprávny kraj;;;;e-VUC;Novy
63-44561997-A0001;63-44561997-A0001;;Ambulancia zubného lekárstva, MUDr. Andrea Gaži, Dubnica nad Váhom;AG - DENT, s. r. o.;Zubné lekárstvo;Dukelská štvrť 1401/3;Dubnica nad Váhom;01841;Okres Ilava;Trenčiansky samosprávny kraj;;;;e-VUC;Novy
63-52472728-A0001;63-52472728-A0001;;Ambulancia zubného lekárstva, MUDr. Edita Florišová, Ilava;FLORIDENT s. r. o.;Zubné lekárstvo;Ľ. Štúra 3;Ilava;01901;Okres Ilava;Trenčiansky samosprávny kraj;;;;e-VUC;Novy
63-52046095-A0001;63-52046095-A0001;;Ambulancia zubného lekárstva, MDDr. Gabriela Baligová, Dubnica nad Váhom;Teneradent, s. r. o.;Zubné lekárstvo;Pod hájom 1288/116;Dubnica nad Váhom;01841;Okres Ilava;Trenčiansky samosprávny kraj;;;;e-VUC;Novy
63-45530220-A0001;63-45530220-A0001;;Ambulancia zubného lekárstva, B.D.S. Amgad Mostafa Mohamed Taha, Ilava;DENTAL DAY, s. r. o.;Zubné lekárstvo, Dentoalveolárna chirurgia, Implantológia;Mierové námestie 78/12;Ilava;01901;Okres Ilava;Trenčiansky samosprávny kraj;;;;e-VUC;Novy
63-50973118-A0001;63-50973118-A0001;;Ambulancia zubného lekárstva, MUDr. Anna Majtánová, Dubnica nad Váhom;DENTAL SERVICES s.r.o.;Zubné lekárstvo;Gagarinova 1262/45;Dubnica nad Váhom;01841;Okres Ilava;Trenčiansky samosprávny kraj;;;;e-VUC;Novy
51-00738301-A0060;51-00738301-A0060;;Ambulancia zubného lekárstva I., Ilava;Nemocnica pre obvinených a odsúdených a Ústav na výkon trestu odňatia slobody;Zubné lekárstvo;ÚVTOS a ÚVV, Mierové námestie 1/1;Ilava;01917;Okres Ilava;Trenčiansky samosprávny kraj;;;;e-VUC;Novy
51-00738301-A0055;51-00738301-A0055;;Ambulancia zubného lekárstva, Dubnica nad Váhom;Nemocnica pre obvinených a odsúdených a Ústav na výkon trestu odňatia slobody;Zubné lekárstvo;ÚVTOS, Dukelská štvrť 941/10;Dubnica nad Váhom;01841;Okres Ilava;Trenčiansky samosprávny kraj;;;;e-VUC;Novy
63-50616561-A0001;63-50616561-A0001;;Ambulancia zubného lekárstva, MUDr. Anna Štefancová, Dubnica nad Váhom;ANNA DENT DCA s.r.o.;Zubné lekárstvo;Dukelská štvrť 1401;Dubnica nad Váhom;01841;Okres Ilava;Trenčiansky samosprávny kraj;;;;e-VUC;Novy
63-50838351-A0001;63-50838351-A0001;;Ambulancia zubného lekárstva, MUDr. Igor Jelčic, Pruské;J&J Dental Care, s.r.o.;Zubné lekárstvo;Pruské 293;Pruské;01852;Okres Ilava;Trenčiansky samosprávny kraj;;;;e-VUC;Novy
63-50544918-A0001;63-50544918-A0001;;Ambulancia zubného lekárstva, MDDr. Petra Gerhátová rod. Majzlová, Ilava;Váš Úsmev, s.r.o.;Zubné lekárstvo;Ľ. Štúra 3;Ilava;01901;Okres Ilava;Trenčiansky samosprávny kraj;;;;e-VUC;Novy
63-50418475-A0001;63-50418475-A0001;;Ambulancia zubného lekárstva, MUDr. Michaela Mikulíková, Nová Dubnica;Michaela Dental, s.r.o.;Zubné lekárstvo;Sady Cyrila a Metoda 20/17;Nová Dubnica;01851;Okres Ilava;Trenčiansky samosprávny kraj;;;;e-VUC;Novy
63-36822248-A0002;63-36822248-A0002;;Ambulancia zubného lekárstva, MUDr. Katarína Ftorková, Ilava;MUDr. Ftorková s.r.o.;Zubné lekárstvo;Ľ. Štúra 3;Ilava;01901;Okres Ilava;Trenčiansky samosprávny kraj;;;;e-VUC;Novy
63-36123765-A0001;63-36123765-A0001;;Ambulancia zubného lekárstva, MUDr. Soňa Ondríšková, Dubnica nad Váhom;MUDr. Soňa Ondríšková;Zubné lekárstvo;Pod hájom 1288/116;Dubnica nad Váhom;01841;Okres Ilava;Trenčiansky samosprávny kraj;;;;e-VUC;Novy
63-45503885-A0001;63-45503885-A0001;;Ambulancia zubného lekárstva, MUDr. Adriana Petrykowská, Ilava;MUDr. Adriana Petrykowska, s.r.o.;Zubné lekárstvo;Mierové námestie 863;Ilava;01901;Okres Ilava;Trenčiansky samosprávny kraj;;;;e-VUC;Novy
63-42014671-A0001;63-42014671-A0001;;Ambulancia zubného lekárstva, MUDr. Slavomír Kotrík, Dubnica nad Váhom;MUDr. Slavomír Kotrík;Zubné lekárstvo;Pod kaštieľom 638/29;Dubnica nad Váhom;01841;Okres Ilava;Trenčiansky samosprávny kraj;;;;e-VUC;Novy
63-47918691-A0001;63-47918691-A0001;;Ambulancia zubného lekárstva, MUDr. Zuzana Turčanová, Dubnica nad Váhom;MUDr. Zuzana Turčanová, s.r.o.;Zubné lekárstvo;Mestská poliklinika C III, Pod hájom 1288/116;Dubnica nad Váhom;01841;Okres Ilava;Trenčiansky samosprávny kraj;;;;e-VUC;Novy
63-47934255-A0001;63-47934255-A0001;;Ambulancia zubného lekárstva, MUDr. Denisa Mičková, Pruské;DENTAM, s. r. o.;Zubné lekárstvo;Pruské 293;Pruské;01852;Okres Ilava;Trenčiansky samosprávny kraj;;;;e-VUC;Novy
63-52153894-A0005;63-52153894-A0005;;Ambulancia zubného lekárstva, Myjava;MY DENT s.r.o.;Zubné lekárstvo, Dentálna hygiena;M. R. Štefánika 589;Myjava;90701;Okres Myjava;Trenčiansky samosprávny kraj;;;;e-VUC;Novy
63-52153894-A0006;63-52153894-A0006;;Ambulancia zubného lekárstva, Myjava;MY DENT s.r.o.;Zubné lekárstvo, Dentálna hygiena;M. R. Štefánika 589;Myjava;90701;Okres Myjava;Trenčiansky samosprávny kraj;;;;e-VUC;Novy
63-52153894-A0003;63-52153894-A0003;;Ambulancia zubného lekárstva III., Myjava;MY DENT s.r.o.;Zubné lekárstvo;M. R. Štefánika 929/64;Myjava;90701;Okres Myjava;Trenčiansky samosprávny kraj;;;;e-VUC;Novy
63-52153894-A0004;63-52153894-A0004;;Ambulancia zubného lekárstva IV., Myjava;MY DENT s.r.o.;Zubné lekárstvo, Dentálna hygiena;M. R. Štefánika 929/64;Myjava;90701;Okres Myjava;Trenčiansky samosprávny kraj;;;;e-VUC;Novy
63-52153894-A0002;63-52153894-A0002;;Ambulancia zubného lekárstva, MDDr. Matúš Omasta, Vrbovce;MY DENT s.r.o.;Zubné lekárstvo;Vrbovce 149;Vrbovce;90606;Okres Myjava;Trenčiansky samosprávny kraj;;;;e-VUC;Novy
63-46059849-A0002;63-46059849-A0002;;Ambulancia zubného lekárstva, MUDr. Rudolf Rebry, Myjava;RR-DENTAL s. r. o.;Zubné lekárstvo;Staromyjavská 59;Myjava;90701;Okres Myjava;Trenčiansky samosprávny kraj;;;;e-VUC;Novy
63-52153894-A0001;63-52153894-A0001;;Ambulancia zubného lekárstva I., Myjava;MY DENT s.r.o.;Zubné lekárstvo;M. R. Štefánika 929/64;Myjava;90701;Okres Myjava;Trenčiansky samosprávny kraj;;;;e-VUC;Novy
63-42147115-A0001;63-42147115-A0001;;Ambulancia zubného lekárstva, MUDr. Paolo Rau, Myjava;MUDr. Paolo Rau;Zubné lekárstvo;Staromyjavská 712/59;Myjava;90701;Okres Myjava;Trenčiansky samosprávny kraj;;;;e-VUC;Novy
63-34049134-A0001;63-34049134-A0001;;Ambulancia zubného lekárstva, MUDr. Anna Kurtišová, Myjava;MUDr. Anna Kurtišová;Zubné lekárstvo, čeľustná ortopédia;Staromyjavská 59;Myjava;90701;Okres Myjava;Trenčiansky samosprávny kraj;;;;e-VUC;Novy
63-34048570-A0001;63-34048570-A0001;;Ambulancia zubného lekárstva, Vrbovce;MUDr. Marta Babincová;Zubné lekárstvo;Vrbovce 149;Vrbovce;90606;Okres Myjava;Trenčiansky samosprávny kraj;;;;e-VUC;Novy
63-34048430-A0001;63-34048430-A0001;;Ambulancia zubného lekárstva, MUDr. Eva Blatniaková, Brezová pod Bradlom;MUDr. Eva Blatniaková;Zubné lekárstvo;Budovateľská 702/1;Brezová pod Bradlom;90613;Okres Myjava;Trenčiansky samosprávny kraj;;;;e-VUC;Novy
63-34048227-A0001;63-34048227-A0001;;Ambulancia zubného lekárstva, MUDr. Blažena Držková, Myjava;MUDr. Blažena Držková;Zubné lekárstvo;Staromyjavská 59;Myjava;90701;Okres Myjava;Trenčiansky samosprávny kraj;;;;e-VUC;Novy
63-34048146-A0001;63-34048146-A0001;;Ambulancia zubného lekárstva, MUDr. Anna Janovičková, Myjava;MUDr. Anna Janovičková;Zubné lekárstvo;Staromyjavská 59;Myjava;90701;Okres Myjava;Trenčiansky samosprávny kraj;;;;e-VUC;Novy
63-31191991-A0001;63-31191991-A0001;;Ambulancia zubného lekárstva, MUDr. Anna Jakubcová, Myjava;MUDr. Anna Jakubcová;Zubné lekárstvo;Staromyjavská 59;Myjava;90701;Okres Myjava;Trenčiansky samosprávny kraj;;;;e-VUC;Novy
63-31996281-A0001;63-31996281-A0001;;Ambulancia zubného lekárstva, MUDr. Helena Klapáčová, Brezová pod Bradlom;MUDr. Helena Klapáčová;Zubné lekárstvo;Budovateľská 702;Brezová pod Bradlom;90613;Okres Myjava;Trenčiansky samosprávny kraj;;;;e-VUC;Novy
63-36674851-A0001;63-36674851-A0001;;Ambulancia zubného lekárstva, MUDr. Katarína Dodrvová, Myjava;JATROS, s.r.o.;Zubné lekárstvo;Staromyjavská 59;Myjava;90701;Okres Myjava;Trenčiansky samosprávny kraj;;;;e-VUC;Novy
63-36771058-A0001;63-36771058-A0001;;Ambulancia zubného lekárstva, Myjava;MP- DENT, s.r.o.;Zubné lekárstvo;Partizánska 397;Myjava;90701;Okres Myjava;Trenčiansky samosprávny kraj;;;;e-VUC;Novy
63-31827349-A0001;63-31827349-A0001;;Ambulancia zubného lekárstva, Myjava;MUDr. Anna Michalcová;Zubné lekárstvo;Turá Lúka 263;Myjava;90701;Okres Myjava;Trenčiansky samosprávny kraj;;;;e-VUC;Novy
63-34048901-A0001;63-34048901-A0001;;Ambulancia zubného lekárstva, MUDr. Zuzana Mikitová, Brezová pod Bradlom;MUDr. Zuzana Mikitová;Zubné lekárstvo;Sídlisko Dušana Jurkoviča 416/30;Brezová pod Bradlom;90613;Okres Myjava;Trenčiansky samosprávny kraj;;;;e-VUC;Novy
63-54227526-A0002;63-54227526-A0002;;Ambulancia dentálnej hygieny, Nové Mesto nad Váhom;Tarasdent, s. r. o.;Zubné lekárstvo, Dentálna hygiena;Športová ulica 494/27;Nové Mesto nad Váhom;91501;Okres Nové Mesto nad Váhom;Trenčiansky samosprávny kraj;;;;e-VUC;Novy
63-57498458-A0001;63-57498458-A0001;;DurdikDental, Nové Mesto nad Váhom;DDental s. r. o.;Zubné lekárstvo, Dentálna hygiena;Škultétyho ulica 660/9;Nové Mesto nad Váhom;91501;Okres Nové Mesto nad Váhom;Trenčiansky samosprávny kraj;;;;e-VUC;Novy
63-44550251-A0002;63-44550251-A0002;;Ambulancia dentálnej hygieny, Nové Mesto nad Váhom;DentLook s. r. o.;Zubné lekárstvo, Dentálna hygiena;Ulica 1.mája 311/9;Nové Mesto nad Váhom;91501;Okres Nové Mesto nad Váhom;Trenčiansky samosprávny kraj;;;;e-VUC;Novy
63-54913934-A0001;63-54913934-A0001;;Ambulancia dentálnej hygieny, Nové Mesto nad Váhom;DIG s. r. o.;Dentálna hygiena;Ulica 1.mája 310;Nové Mesto nad Váhom;91501;Okres Nové Mesto nad Váhom;Trenčiansky samosprávny kraj;;;;e-VUC;Novy
63-55413072-A0001;63-55413072-A0001;;Ambulancia zubného lekárstva, Vitalii Petretskyi, Pobedim;VIP Dentálne Centrum, s. r. o.;Zubné lekárstvo;Pobedim 255;Pobedim;91623;Okres Nové Mesto nad Váhom;Trenčiansky samosprávny kraj;;;;e-VUC;Novy
63-55905471-A0001;63-55905471-A0001;;Ambulancia zubného lekárstva, MDDr. Barbora Gulová, Moravské Lieskové;Normadent s. r. o.;Zubné lekárstvo;Moravské Lieskové 607;Moravské Lieskové;91642;Okres Nové Mesto nad Váhom;Trenčiansky samosprávny kraj;;;;e-VUC;Novy
63-55564593-A0001;63-55564593-A0001;;Ambulancia dentálnej hygieny, Bc. Renata Kašiarová, Nové Mesto nad Váhom;Bc. Renata Kašiarová;Dentálna hygiena;Dibrovova ulica 2494/24;Nové Mesto nad Váhom;91501;Okres Nové Mesto nad Váhom;Trenčiansky samosprávny kraj;;;;e-VUC;Novy
63-55035621-A0003;63-55035621-A0003;;Ambulancia dentálnej hygieny III., Nové Mesto nad Váhom;Tigy s. r. o.;Zubné lekárstvo, Dentálna hygiena;Lipová ulica 981/2;Nové Mesto nad Váhom;91501;Okres Nové Mesto nad Váhom;Trenčiansky samosprávny kraj;;;;e-VUC;Novy
63-55035621-A0001;63-55035621-A0001;;Ambulancia zubného lekárstva, dentoalveolárnej chirurgie a implantológie I., Nové Mesto nad Váhom;Tigy s. r. o.;Zubné lekárstvo, Dentoalveolárna chirurgia;Lipová ulica 981/2;Nové Mesto nad Váhom;91501;Okres Nové Mesto nad Váhom;Trenčiansky samosprávny kraj;;;;e-VUC;Novy
63-55035621-A0002;63-55035621-A0002;;Ambulancia zubného lekárstva II., Nové Mesto nad Váhom;Tigy s. r. o.;Zubné lekárstvo, Dentoalveolárna chirurgia;Lipová ulica 981/2;Nové Mesto nad Váhom;91501;Okres Nové Mesto nad Váhom;Trenčiansky samosprávny kraj;;;;e-VUC;Novy
63-50287508-A0002;63-50287508-A0002;;Ambulancia zubného lekárstva, Nové Mesto nad Váhom;J-Dent, s.r.o.;Zubné lekárstvo, Dentálna hygiena;Klčové 108/33;Nové Mesto nad Váhom;91501;Okres Nové Mesto nad Váhom;Trenčiansky samosprávny kraj;;;;e-VUC;Novy
63-54227526-A0001;63-54227526-A0001;;Ambulancia zubného lekárstva, Taras Ostapiak, Nové Mesto nad Váhom;Tarasdent, s. r. o.;Zubné lekárstvo;Športová ulica 494/27;Nové Mesto nad Váhom;91501;Okres Nové Mesto nad Váhom;Trenčiansky samosprávny kraj;;;;e-VUC;Novy
63-53832906-A0001;63-53832906-A0001;;Ambulancia zubného lekárstva, MDDr. Matúš Radulay, Beckov;Denti felici s. r. o.;Zubné lekárstvo, Dentoalveolárna chirurgia;Beckov 232;Beckov;91638;Okres Nové Mesto nad Váhom;Trenčiansky samosprávny kraj;;;;e-VUC;Novy
63-46070095-A0002;63-46070095-A0002;;Ambulancia zubného lekárstva, MDDr. Soňa Lisá, Stará Turá;SOMADENT, s.r.o.;Zubné lekárstvo;Jiráskova 187/3;Stará Turá;91601;Okres Nové Mesto nad Váhom;Trenčiansky samosprávny kraj;;;;e-VUC;Novy
63-46070095-A0003;63-46070095-A0003;;Ambulancia zubného lekárstva, MUDr. Ján Záhorec, Stará Turá;SOMADENT, s.r.o.;Zubné lekárstvo;Jiráskova 187/3;Stará Turá;91601;Okres Nové Mesto nad Váhom;Trenčiansky samosprávny kraj;;;;e-VUC;Novy
63-46070095-A0004;63-46070095-A0004;;Ambulancia zubného lekárstva, Bc. Renáta Izakovičová, Stará Turá;SOMADENT, s.r.o.;Zubné lekárstvo, Dentálna hygiena;Jiráskova 187/3;Stará Turá;91601;Okres Nové Mesto nad Váhom;Trenčiansky samosprávny kraj;;;;e-VUC;Novy
63-52915701-A0001;63-52915701-A0001;;Ambulancia dentálnej hygieny, Bc. Ing. Alena Antalová, Stará Turá;Bc. Ing. Alena Antalová;Dentálna hygiena;Mýtna 146/5;Stará Turá;91601;Okres Nové Mesto nad Váhom;Trenčiansky samosprávny kraj;;;;e-VUC;Novy
63-50643312-A0003;63-50643312-A0003;;Ambulancia dentálnej hygieny, Nové Mesto nad Váhom;VIKDENT, s.r.o.;Dentálna hygiena;Piešťanská 24;Nové Mesto nad Váhom;91501;Okres Nové Mesto nad Váhom;Trenčiansky samosprávny kraj;;;;e-VUC;Novy
63-50643312-A0002;63-50643312-A0002;;Ambulancia zubného lekárstva, MDDr. Viktor Margitics, Nové Mesto nad Váhom;VIKDENT, s.r.o.;Zubné lekárstvo;Piešťanská 24;Nové Mesto nad Váhom;91501;Okres Nové Mesto nad Váhom;Trenčiansky samosprávny kraj;;;;e-VUC;Novy
63-50291416-A0001;63-50291416-A0001;;Ambulancia zubného lekárstva, MDDr. Zuzana Sláviková, Nové Mesto nad Váhom;MDDr. Zuzana Sláviková;Zubné lekárstvo, Dentálna hygiena;Tematínska ulica 2550/24;Nové Mesto nad Váhom;91501;Okres Nové Mesto nad Váhom;Trenčiansky samosprávny kraj;;;;e-VUC;Novy
63-36284629-A0002;63-36284629-A0002;;Amulancia zubného lekárstva, Bzince pod Javorinou;DENTALEX, s. r. o.;Zubné lekárstvo;Bzince pod Javorinou 347;Bzince pod Javorinou;91611;Okres Nové Mesto nad Váhom;Trenčiansky samosprávny kraj;;;;e-VUC;Novy
63-44550251-A0001;63-44550251-A0001;;Ambulancia zubného lekárstva, MUDr. Milan Pašmik, Nové Mesto nad Váhom;DentLook s. r. o.;Zubné lekárstvo;Ulica 1.mája 311/9;Nové Mesto nad Váhom;91501;Okres Nové Mesto nad Váhom;Trenčiansky samosprávny kraj;;;;e-VUC;Novy
63-51664453-A0001;63-51664453-A0001;;Ambulancia zubného lekárstva, MDDr. Tomáš Krčmárik, Nové Mesto nad Váhom;Zubné štúdio Eurodent, s. r. o.;Zubné lekárstvo, Dentoalveolárna chirurgia;Ulica Júliusa Gábriša 2535/10A;Nové Mesto nad Váhom;91501;Okres Nové Mesto nad Váhom;Trenčiansky samosprávny kraj;;;;e-VUC;Novy
63-51664453-A0002;63-51664453-A0002;;Ambulancia zubného lekárstva, Tigran Hovhannisyan, Nové Mesto nad Váhom;Zubné štúdio Eurodent, s. r. o.;Zubné lekárstvo, Dentoalveolárna chirurgia;Ulica Júliusa Gábriša 2535/10A;Nové Mesto nad Váhom;91501;Okres Nové Mesto nad Váhom;Trenčiansky samosprávny kraj;;;;e-VUC;Novy
63-51664453-A0003;63-51664453-A0003;;Ambulancia zubného lekárstva, Nové Mesto nad Váhom;Zubné štúdio Eurodent, s. r. o.;Zubné lekárstvo;Ulica Júliusa Gábriša 2535/10A;Nové Mesto nad Váhom;91501;Okres Nové Mesto nad Váhom;Trenčiansky samosprávny kraj;;;;e-VUC;Novy
63-51664453-A0004;63-51664453-A0004;;Ambulancia zubného lekárstva, Jana Neradová, dipl.d.h., Nové Mesto nad Váhom;Zubné štúdio Eurodent, s. r. o.;Zubné lekárstvo, Dentálna hygiena;Ulica Júliusa Gábriša 2535/10A;Nové Mesto nad Váhom;91501;Okres Nové Mesto nad Váhom;Trenčiansky samosprávny kraj;;;;e-VUC;Novy
63-50643312-A0001;63-50643312-A0001;;Ambulancia zubného lekárstva, MDDr. Viktor Margitics, Nové Mesto nad Váhom;VIKDENT, s.r.o.;Zubné lekárstvo, Dentoalveolárna chirurgia;Piešťanská 24;Nové Mesto nad Váhom;91501;Okres Nové Mesto nad Váhom;Trenčiansky samosprávny kraj;;;;e-VUC;Novy
63-50808443-A0001;63-50808443-A0001;;Ambulancia zubného lekárstva, MUDr. Martina Erghová, Nové Mesto nad Váhom;Dental Centrum SK, s.r.o.;Zubné lekárstvo;, Recepčná a dentálna hygienička sú prítomné na adrese ambulancie.;;;Okres Nové Mesto nad Váhom;Trenčiansky samosprávny kraj;;;;e-VUC;Novy
63-50626493-A0001;63-50626493-A0001;;Ambulancia zubného lekárstva, Mykhailo Dordiai, Nové Mesto nad Váhom;KRALDENT, s.r.o.;Zubné lekárstvo;Jasná ulica 377/14;Nové Mesto nad Váhom;91501;Okres Nové Mesto nad Váhom;Trenčiansky samosprávny kraj;;;;e-VUC;Novy
63-50203509-A0001;63-50203509-A0001;;SmartDent s.r.o, Stará Turá;SmartDent s.r.o.;Zubné lekárstvo;Mýtna 7;Stará Turá;91601;Okres Nové Mesto nad Váhom;Trenčiansky samosprávny kraj;;;;e-VUC;Novy
63-50287508-A0001;63-50287508-A0001;;Ambulancia zubného lekárstva, MUDr. Jana Hoscheková, Nové Mesto nad Váhom;J-Dent, s.r.o.;Zubné lekárstvo;Klčové 108/33;Nové Mesto nad Váhom;91501;Okres Nové Mesto nad Váhom;Trenčiansky samosprávny kraj;;;;e-VUC;Novy
63-50224379-A0001;63-50224379-A0001;;Ambulancia zubného lekárstva, MUDr. Imrich Barták, Čachtice;MUDr. Imrich Barták;Zubné lekárstvo;od 17.08.2026 do 20.08.2026;;;Okres Nové Mesto nad Váhom;Trenčiansky samosprávny kraj;;;;e-VUC;Novy
63-50275470-A0001;63-50275470-A0001;;Ambulancia zubného lekárstva, MDDr. Barbora Gulová, Moravské Lieskové;MDDr. Barbora Gulová;Zubné lekárstvo;Moravské Lieskové 607;Moravské Lieskové;91642;Okres Nové Mesto nad Váhom;Trenčiansky samosprávny kraj;;;;e-VUC;Novy
63-48067130-A0001;63-48067130-A0001;;Ambulancia zubného lekárstva, MUDr. Oľga Dingová, Stará Turá;OD - ID DENT s.r.o.;Zubné lekárstvo;Hviezdoslavova 719/69;Stará Turá;91601;Okres Nové Mesto nad Váhom;Trenčiansky samosprávny kraj;;;;e-VUC;Novy
63-36347183-A0001;63-36347183-A0001;;Ambulancia zubného lekárstva, MUDr. Ivan Dinga, Stará Turá;MD design s.r.o.;Zubné lekárstvo;Hviezdoslavova 716/69;Stará Turá;91601;Okres Nové Mesto nad Váhom;Trenčiansky samosprávny kraj;;;;e-VUC;Novy
63-46474650-A0001;63-46474650-A0001;;Ambulancia zubného lekárstva, MDDr. Monika Halinárová, Stará Turá;smile4you, s.r.o.;Zubné lekárstvo;Mýtna 146/5;Stará Turá;91601;Okres Nové Mesto nad Váhom;Trenčiansky samosprávny kraj;;;;e-VUC;Novy
63-46873210-A0001;63-46873210-A0001;;Ambulancia zubného lekárstva, MDDr. Martin Bumbál, Nové Mesto nad Váhom;Sunny Smile, s. r. o.;Zubné lekárstvo, Dentoalveolárna chirurgia;Malinovského 1240/24;Nové Mesto nad Váhom;91501;Okres Nové Mesto nad Váhom;Trenčiansky samosprávny kraj;;;;e-VUC;Novy
63-46059849-A0001;63-46059849-A0001;;Ambulancia zubného lekárstva, MUDr. Rudolf Rebry, Podolie;RR-DENTAL s. r. o.;Zubné lekárstvo;Podolie 834;Podolie;91622;Okres Nové Mesto nad Váhom;Trenčiansky samosprávny kraj;;;;e-VUC;Novy
63-44822952-A0001;63-44822952-A0001;;Ambulancia zubného lekárstva, MUDr. Katarína Adamková, Lubina;AK DENT, s.r.o.;Zubné lekárstvo;Lubina 259;Lubina;91612;Okres Nové Mesto nad Váhom;Trenčiansky samosprávny kraj;;;;e-VUC;Novy
63-45366101-A0001;63-45366101-A0001;;Ambulancia zubného lekárstva, MDDr. Martin Ondrejka, Nové Mesto nad Váhom;A - Dent Ambulancia, s. r. o.;Zubné lekárstvo;Klčové 34;Nové Mesto nad Váhom;91501;Okres Nové Mesto nad Váhom;Trenčiansky samosprávny kraj;;;;e-VUC;Novy
63-31199941-A0001;63-31199941-A0001;;Ambulancia zubného lekárstva, MUDr. Soňa Bibzová, Nové Mesto nad Váhom;MUDr. Soňa Bibzová;Zubné lekárstvo;Ulica M. R. Štefánika 812/2;Nové Mesto nad Váhom;91501;Okres Nové Mesto nad Váhom;Trenčiansky samosprávny kraj;;;;e-VUC;Novy
51-45917353-A0004;51-45917353-A0004;;Ambulancia zubného lekárstva, Nataliya Kozak, Bošany;IZ - Dent s.r.o.;Zubné lekárstvo, Dentoalveolárna chirurgia;SNP 135/15;Bošany;95618;Okres Partizánske;Trenčiansky samosprávny kraj;;;;e-VUC;Novy
63-56478534-A0001;63-56478534-A0001;;Ambulancia dentálnej hygieny, Mgr. Jana Žuchovská, Partizánske;TiLiDent s. r. o.;Dentálna hygiena;Pod Šípkom 1489/3;Partizánske;95806;Okres Partizánske;Trenčiansky samosprávny kraj;;;;e-VUC;Novy
63-46676457-A0001;63-46676457-A0001;;Ambulancia zubného lekárstva, MUDr. Ján Gašič, MSc., Partizánske;PE - Dent s.r.o.;Zubné lekárstvo, Dentoalveolárna chirurgia;Rudolfa Jašíka 166/65;Partizánske;95801;Okres Partizánske;Trenčiansky samosprávny kraj;;;;e-VUC;Novy
63-46676457-A0002;63-46676457-A0002;;Ambulancia zubného lekárstva, MDDr. Michal Matyašovský, Partizánske;PE - Dent s.r.o.;Zubné lekárstvo, Dentoalveolárna chirurgia;Rudolfa Jašíka 166/65;Partizánske;95801;Okres Partizánske;Trenčiansky samosprávny kraj;;;;e-VUC;Novy
63-46676457-A0003;63-46676457-A0003;;Ambulancia zubného lekárstva, Bc. Mária Matyašovská, Partizánske;PE - Dent s.r.o.;Zubné lekárstvo, Dentálna hygiena;Rudolfa Jašíka 166/65;Partizánske;95801;Okres Partizánske;Trenčiansky samosprávny kraj;;;;e-VUC;Novy
51-48108472-A0002;51-48108472-A0002;;Ambulancia zubného lekárstva, Bošany;RK - dental, s.r.o.;Zubné lekárstvo;SNP 135/15;Bošany;95618;Okres Partizánske;Trenčiansky samosprávny kraj;;;;e-VUC;Novy
63-53829298-A0001;63-53829298-A0001;;Ambulancia zubného lekárstva, MDDr. Lenka Murárová, Partizánske;ELDENTAL s. r. o.;Zubné lekárstvo;Veľká okružná 1561/38D;Partizánske;95801;Okres Partizánske;Trenčiansky samosprávny kraj;;;;e-VUC;Novy
63-53914651-A0001;63-53914651-A0001;;Ambulancia dentálnej hygieny, Bc. Denisa Bezáková, Partizánske;Bc. Denisa Bezáková;Dentálna hygiena;Veľká okružná 1561/38D;Partizánske;95801;Okres Partizánske;Trenčiansky samosprávny kraj;;;;e-VUC;Novy
63-52916928-A0001;63-52916928-A0001;;Ambulancia zubného lekárstva, Krste Tanushevski, Chynorany;Dentavil s. r. o.;Zubné lekárstvo;Chynorany 484;Chynorany;95633;Okres Partizánske;Trenčiansky samosprávny kraj;;;;e-VUC;Novy
63-52924599-A0001;63-52924599-A0001;;Ambulancia dentálnej hygieny, Mgr. Amália Holíková, Partizánske;Mgr. Amália Holíková;Dentálna hygiena;Nádražná 955/31;Partizánske;95801;Okres Partizánske;Trenčiansky samosprávny kraj;;;;e-VUC;Novy
63-52276333-A0001;63-52276333-A0001;;Ambulancia zubného lekárstva, MUDr. Ludvik Grűnwald, Bošany;ORTOSET s. r. o.;Zubné lekárstvo;M.R.Štefánika 191/27;Bošany;95618;Okres Partizánske;Trenčiansky samosprávny kraj;;;;e-VUC;Novy
63-50853627-A0002;63-50853627-A0002;;Ambulancia zubného lekárstva, MUDr. Jaroslava Polerecká, Partizánske;RAHdentes, s.r.o.;Zubné lekárstvo;Februárová 640/6;Partizánske;95801;Okres Partizánske;Trenčiansky samosprávny kraj;;;;e-VUC;Novy
63-50853627-A0001;63-50853627-A0001;;Ambulancia zubného lekárstva, MUDr. Jaroslava Polerecká, Veľké Uherce;RAHdentes, s.r.o.;Zubné lekárstvo;Veľké Uherce 390;Veľké Uherce;95841;Okres Partizánske;Trenčiansky samosprávny kraj;;;;e-VUC;Novy
63-51103583-A0001;63-51103583-A0001;;Ambulancia zubného lekárstva, MDDr. Jana Žišková, Partizánske;Stomatocentrum, s.r.o.;Zubné lekárstvo;Veľká okružná 1561;Partizánske;95801;Okres Partizánske;Trenčiansky samosprávny kraj;;;;e-VUC;Novy
63-31843689-A0002;63-31843689-A0002;;Ambulancia zubného lekárstva, MUDr. Mária Záhumenská, Partizánske;MUDr. Mária Záhumenská;Zubné lekárstvo;Malinovského 1160/31;Partizánske;95801;Okres Partizánske;Trenčiansky samosprávny kraj;;;;e-VUC;Novy
63-31843689-A0001;63-31843689-A0001;;Ambulancia zubného lekárstva, MUDr. Mária Záhumenská, Partizánske;MUDr. Mária Záhumenská;Zubné lekárstvo;Námestie SNP 200/14;Partizánske;95801;Okres Partizánske;Trenčiansky samosprávny kraj;;;;e-VUC;Novy
63-31842976-A0001;63-31842976-A0001;;Ambulancia zubného lekárstva, MUDr. Rudolf Podmaník, Partizánske;MUDr. Rudolf Podmaník;Zubné lekárstvo;Nitrianska 1134/66;Partizánske;95801;Okres Partizánske;Trenčiansky samosprávny kraj;;;;e-VUC;Novy
63-42378826-A0001;63-42378826-A0001;;Ambulancia zubného lekárstva, Klátova Nová Ves;Alexander Humenčak;Zubné lekárstvo;Klátova Nová Ves 112;Klátova Nová Ves;95844;Okres Partizánske;Trenčiansky samosprávny kraj;;;;e-VUC;Novy
63-31842453-A0001;63-31842453-A0001;;Ambulancia zubného lekárstva, MUDr. Gabriela Miššíková, Partizánske;MUDr. Gabriela Miššíková;Zubné lekárstvo;, akútne do 10.00 zástup;;;Okres Partizánske;Trenčiansky samosprávny kraj;;;;e-VUC;Novy
63-42281385-A0002;63-42281385-A0002;;Ambulancia zubného lekárstva, Mikla Andriy, Partizánske;Andriy Mikla;Zubné lekárstvo;Bezručova 731/24;Partizánske;95803;Okres Partizánske;Trenčiansky samosprávny kraj;;;;e-VUC;Novy
63-31142354-A0001;63-31142354-A0001;;Ambulancia zubného lekárstva, MUDr. Jana Krištofová, Partizánske;MUDr. Jana Krištofová;Zubné lekárstvo;29. augusta 1191/51;Partizánske;95801;Okres Partizánske;Trenčiansky samosprávny kraj;;;;e-VUC;Novy
63-50135953-A0001;63-50135953-A0001;;DENTHYKA - Bc. Katarína Žiaková dipl. d.h., Partizánske;Katarína Žiaková;Dentálna hygiena;Februárová 640/6;Partizánske;95701;Okres Partizánske;Trenčiansky samosprávny kraj;;;;e-VUC;Novy
63-31842950-A0001;63-31842950-A0001;;Ambulancia zubného lekárstva, MUDr. Mária Hurajová, Partizánske;MUDr. Mária Hurajová;Zubné lekárstvo;Októbrová 414/1;Partizánske;95801;Okres Partizánske;Trenčiansky samosprávny kraj;;;;e-VUC;Novy
63-42377111-A0001;63-42377111-A0001;;Ambulancia zubného lekárstva, MDDr. Alexandra Hullová, Partizánske;MDDr. Alexandra Hullová;Zubné lekárstvo;Februárová 640/6;Partizánske;95801;Okres Partizánske;Trenčiansky samosprávny kraj;;;;e-VUC;Novy
63-31843646-A0001;63-31843646-A0001;;Ambulancia zubného lekárstva, MUDr. Juraj Hulla, Partizánske;MUDr. Juraj Hulla;Zubné lekárstvo;Červená 280/2;Partizánske;95801;Okres Partizánske;Trenčiansky samosprávny kraj;;;;e-VUC;Novy
63-31142664-A0001;63-31142664-A0001;;Ambulancia zubného lekárstva, MUDr. Ján Gašič, Partizánske;MUDr. Ján Gašič;Zubné lekárstvo, Dentoalveolárna chirurgia;Rudolfa Jašíka 166/65;Partizánske;95801;Okres Partizánske;Trenčiansky samosprávny kraj;;;;e-VUC;Novy
63-31842445-A0001;63-31842445-A0001;;Ambulancia zubného lekárstva, MUDr. Marián Gašparík, Partizánske;MUDr. Marián Gašparík;Zubné lekárstvo;Puškinova 1044/12;Partizánske;95801;Okres Partizánske;Trenčiansky samosprávny kraj;;;;e-VUC;Novy
63-36122858-A0001;63-36122858-A0001;;Ambulancia zubného lekárstva, MUDr. Martina Dulebová, Partizánske;MUDr. Martina Dulebová;Zubné lekárstvo;Nitrianska 1134/66;Partizánske;95801;Okres Partizánske;Trenčiansky samosprávny kraj;;;;e-VUC;Novy
63-44607768-A0001;63-44607768-A0001;;Ambulancia zubného lekárstva, MUDr. Veronika Kuľhavá, Bošany;DENTIVIA, s. r. o.;Zubné lekárstvo;SNP 1258/52;Bošany;95618;Okres Partizánske;Trenčiansky samosprávny kraj;;;;e-VUC;Novy
63-44607768-A0002;63-44607768-A0002;;Ambulancia zubného lekárstva, MUDr. Ľubor Kuľhavý, Partizánske;DENTIVIA, s. r. o.;Zubné lekárstvo;Februárová 640/6;Partizánske;95801;Okres Partizánske;Trenčiansky samosprávny kraj;;;;e-VUC;Novy
63-36284629-A0001;63-36284629-A0001;;Ambulancia zubného lekárstva, Mykhaylo Kharyuk, Žabokreky nad Nitrou;DENTALEX, s. r. o.;Zubné lekárstvo;Školská 569;Žabokreky nad Nitrou;95852;Okres Partizánske;Trenčiansky samosprávny kraj;;;;e-VUC;Novy
63-51917769-A0001;63-51917769-A0001;;Ambulancia zubného lekárstva I., Považská Bystrica;Faktor Dent s.r.o.;Zubné lekárstvo, Dentoalveolárna chirurgia, Implantológia;Hviezdoslavova 121/7;Považská Bystrica;01701;Okres Považská Bystrica;Trenčiansky samosprávny kraj;;;;e-VUC;Novy
63-51917769-A0002;63-51917769-A0002;;Ambulancia dentálnej hygieny, Považská Bystrica;Faktor Dent s.r.o.;Zubné lekárstvo, Dentálna hygiena;Hviezdoslavova 121/7;Považská Bystrica;01701;Okres Považská Bystrica;Trenčiansky samosprávny kraj;;;;e-VUC;Novy
63-57405085-A0001;63-57405085-A0001;;Ambulancia dentálnej hygieny, Bc. Michaela Prašnická, Považská Bystrica;Bc. Michaela Prašnická;Dentálna hygiena;Nová 134/2;Považská Bystrica;01701;Okres Považská Bystrica;Trenčiansky samosprávny kraj;;;;e-VUC;Novy
63-56115831-A0001;63-56115831-A0001;;Ambulancia zubného lekárstva, MDDr. Róbert Ondrejka, MBA, Považská Bystrica;Sapphire zubné centrum s. r. o.;Zubné lekárstvo;Rozkvet 5085/221;Považská Bystrica;01701;Okres Považská Bystrica;Trenčiansky samosprávny kraj;;;;e-VUC;Novy
63-56115831-A0002;63-56115831-A0002;;Ambulancia zubného lekárstva, Považská Bystrica;Sapphire zubné centrum s. r. o.;Zubné lekárstvo, Dentálna hygiena;Rozkvet 5085/221;Považská Bystrica;01701;Okres Považská Bystrica;Trenčiansky samosprávny kraj;;;;e-VUC;Novy
63-55000461-A0002;63-55000461-A0002;;Ambulancia zubného lekárstva, MDDr. Petra Dudášová, Považská Bystrica;CERISA s. r. o.;Zubné lekárstvo, Dentoalveolárna chirurgia, Dentálna hygiena;Námestie Andreja Hlinku 29/34;Považská Bystrica;01701;Okres Považská Bystrica;Trenčiansky samosprávny kraj;;;;e-VUC;Novy
63-56235411-A0001;63-56235411-A0001;;Ambulancia dentálnej hygieny, Bc. Jana Doleži, Považská Bystrica;Bc. Jana Doleži;Dentálna hygiena;SNP 1460;Považská Bystrica;01701;Okres Považská Bystrica;Trenčiansky samosprávny kraj;;;;e-VUC;Novy
63-55798632-A0001;63-55798632-A0001;;Ambulancia zubného lekárstva, MDDr. Ivana Biernátová, Považská Bystrica;UnoDent s. r. o.;Zubné lekárstvo;SNP 1485/144;Považská Bystrica;01707;Okres Považská Bystrica;Trenčiansky samosprávny kraj;;;;e-VUC;Novy
63-55000461-A0001;63-55000461-A0001;;Ambulancia zubného lekárstva, MDDr. Miloš Dudáš, Považská Bystrica;CERISA s. r. o.;Zubné lekárstvo, Dentoalveolárna chirurgia, Dentálna hygiena;Námestie Andreja Hlinku 29/34;Považská Bystrica;01701;Okres Považská Bystrica;Trenčiansky samosprávny kraj;;;;e-VUC;Novy
63-55178171-A0002;63-55178171-A0002;;Ambulancia zubného lekárstva II., Považská Bystrica;EuroDent Považská Bystrica s.r.o.;Zubné lekárstvo, Dentálna hygiena;M. R. Štefánika 171/24;Považská Bystrica;01701;Okres Považská Bystrica;Trenčiansky samosprávny kraj;;;;e-VUC;Novy
63-55178171-A0001;63-55178171-A0001;;Ambulancia zubného lekárstva, MUDr. Anna Malíčková, Považská Bystrica;EuroDent Považská Bystrica s.r.o.;Zubné lekárstvo;M. R. Štefánika 171/24;Považská Bystrica;01701;Okres Považská Bystrica;Trenčiansky samosprávny kraj;;;;e-VUC;Novy
63-54487633-A0001;63-54487633-A0001;;Ambulancia zubného lekárstva - MDDr. Monika Křivánková, Považská Bystrica;MODENTA s. r. o.;Zubné lekárstvo;Slovenských partizánov 1129/49;Považská Bystrica;01701;Okres Považská Bystrica;Trenčiansky samosprávny kraj;;;;e-VUC;Novy
63-53715462-A0001;63-53715462-A0001;;Ambulancia zubného lekárstva, MUDr. Alena Mičáková, Považská Bystrica;M-DENT PB s. r. o.;Zubné lekárstvo;Nemocničná 986;Považská Bystrica;01726;Okres Považská Bystrica;Trenčiansky samosprávny kraj;;;;e-VUC;Novy
63-45730571-A0001;63-45730571-A0001;;Ambulancia zubného lekárstva, MDDr. Eldes Klára, MPH, Považská Bystrica;K-DENTAL, s.r.o.;Zubné lekárstvo, Dentoalveolárna chirurgia, Implantológia, Dentálna hygiena;od 31.08.2026 do 31.08.2026;;;Okres Považská Bystrica;Trenčiansky samosprávny kraj;;;;e-VUC;Novy
63-45730571-A0002;63-45730571-A0002;;Ambulancia zubného lekárstva, MDDr. Klára Eldes, MPH, Považská Bystrica;K-DENTAL, s.r.o.;Zubné lekárstvo, Dentoalveolárna chirurgia, Implantológia, Dentálna hygiena;od 31.08.2026 do 31.08.2026;;;Okres Považská Bystrica;Trenčiansky samosprávny kraj;;;;e-VUC;Novy
63-53066006-A0002;63-53066006-A0002;;Ambulancia zubného lekárstva II., Papradno;Lotos Dent s. r. o.;Zubné lekárstvo, Dentálna hygiena;Papradno 1515;Papradno;01813;Okres Považská Bystrica;Trenčiansky samosprávny kraj;;;;e-VUC;Novy
63-53565096-A0001;63-53565096-A0001;;Ambulancia zubného lekárstva, MUDr. MDDr. Peter Kopcík, Považská Bystrica;MUDr. MDDr. Peter Kopcík;Zubné lekárstvo;SNP 1425/3;Považská Bystrica;01707;Okres Považská Bystrica;Trenčiansky samosprávny kraj;;;;e-VUC;Novy
63-41928881-A0001;63-41928881-A0001;;Ambulancia dentálnej hygieny, Bc. Lívia Chlebanová Némová, Považská Bystrica;Bc. Lívia Chlebanová Némová;Dentálna hygiena;Nemocničná 986/1;Považská Bystrica;01701;Okres Považská Bystrica;Trenčiansky samosprávny kraj;;;;e-VUC;Novy
63-53066006-A0001;63-53066006-A0001;;Ambulancia zubného lekárstva I., Papradno;Lotos Dent s. r. o.;Zubné lekárstvo, Dentálna hygiena;Papradno 1515;Papradno;01813;Okres Považská Bystrica;Trenčiansky samosprávny kraj;;;;e-VUC;Novy
63-52176720-A0001;63-52176720-A0001;;Ambulancia zubného lekárstva, MDDr. Katarína Haidlerová, Považská Bystrica;MDDr. Katarína Haidlerová;Zubné lekárstvo;Nemocničná 986/1;Považská Bystrica;01701;Okres Považská Bystrica;Trenčiansky samosprávny kraj;;;;e-VUC;Novy
63-51944341-A0001;63-51944341-A0001;;Ambulancia zubného lekárstva, Považská Bystrica;GA2DENT, s. r. o.;Zubné lekárstvo, Dentoalveolárna chirurgia;Šoltésovej 346/1;Považská Bystrica;01701;Okres Považská Bystrica;Trenčiansky samosprávny kraj;;;;e-VUC;Novy
63-47117648-A0001;63-47117648-A0001;;Dental Clinic Tri veže s.r.o., Centrum 2304, 017 01 Považská Bystrica, Považská Bystrica;Dental Clinic Tri veže s. r. o.;Zubné lekárstvo;Centrum 2304;Považská Bystrica;01701;Okres Považská Bystrica;Trenčiansky samosprávny kraj;;;;e-VUC;Novy
63-51015587-A0001;63-51015587-A0001;;Ambulancia zubného lekárstva, MDDr. Ivana Kokanovič, Považská Bystrica;IvaDent PB s.r.o.;Zubné lekárstvo;Mládežnícka 325/23;Považská Bystrica;01701;Okres Považská Bystrica;Trenčiansky samosprávny kraj;;;;e-VUC;Novy
63-50838351-A0002;63-50838351-A0002;;Ambulancia zubného lekárstva, MUDr. Igor Jelčic, Považská Bystrica;J&J Dental Care, s.r.o.;Zubné lekárstvo;Mládežnícka 2174;Považská Bystrica;01701;Okres Považská Bystrica;Trenčiansky samosprávny kraj;;;;e-VUC;Novy
63-51086930-A0001;63-51086930-A0001;;Ambulancia zubného lekárstva, MUDr. Mária Hubinská, Považská Bystrica;Dent-Ortho, s.r.o.;Zubné lekárstvo;Komenského 1;Považská Bystrica;01701;Okres Považská Bystrica;Trenčiansky samosprávny kraj;;;;e-VUC;Novy
63-50807749-A0001;63-50807749-A0001;;Ambulancia zubného lekárstva, MUDr. Mária Repáňová, Považská Bystrica;JRM-Dental, s.r.o.;Zubné lekárstvo;od 17.08.2026 do 19.08.2026;;;Okres Považská Bystrica;Trenčiansky samosprávny kraj;;;;e-VUC;Novy
63-50403885-A0001;63-50403885-A0001;;Ambulancia zubného lekárstva, MDDr. Jana Štrbeková, Považská Bystrica;MDDr. Jana Štrbeková;Zubné lekárstvo;SNP 1460;Považská Bystrica;01707;Okres Považská Bystrica;Trenčiansky samosprávny kraj;;;;e-VUC;Novy
63-50258168-A0001;63-50258168-A0001;;Ambulancia dentálnej hygieny, Bc. Lenka Križanová, Považská Bystrica;Bc. Lenka Križanová;Dentálna hygiena;SNP 1460;Považská Bystrica;01707;Okres Považská Bystrica;Trenčiansky samosprávny kraj;;;;e-VUC;Novy
63-50017608-A0001;63-50017608-A0001;;Ambulancia zubného lekárstva, MUDr. Ivan Monošík, Považská Bystrica;MONO - medical, s.r.o.;Zubné lekárstvo, Dentoalveolárna chirurgia, Implantológia, Choroby slizníc ústnej dutiny a paradontu;Komenského 1;Považská Bystrica;01701;Okres Považská Bystrica;Trenčiansky samosprávny kraj;;;;e-VUC;Novy
63-50012428-A0001;63-50012428-A0001;;Ambulancia zubného lekárstva, MUDr. Andrej Monošík, Považská Bystrica;AM Dental, s.r.o.;Zubné lekárstvo, Dentoalveolárna chirurgia, Implantológia;Pionierska 982/9;Považská Bystrica;01701;Okres Považská Bystrica;Trenčiansky samosprávny kraj;;;;e-VUC;Novy
51-45730571-A0001;51-45730571-A0001;;Ambulancia zubného lekárstva, Považská Bystrica;K-DENTAL, s.r.o.;Zubné lekárstvo, Dentoalveolárna chirurgia, Implantológia;Hliníky 715/28;Považská Bystrica;01701;Okres Považská Bystrica;Trenčiansky samosprávny kraj;;;;e-VUC;Novy
63-31926240-A0001;63-31926240-A0001;;Ambulancia zubného lekárstva, MUDr. Alena Mičáková, Považská Bystrica;MUDr. Alena Mičáková;Zubné lekárstvo;Nemocničná 986/1;Považská Bystrica;01701;Okres Považská Bystrica;Trenčiansky samosprávny kraj;;;;e-VUC;Novy
63-50585860-A0002;63-50585860-A0002;;Ambulancia zubného lekárstva, Pavlo Grytsenko, Prievidza;KaniankaDent, s.r.o.;Zubné lekárstvo, Dentoalveolárna chirurgia, Implantológia;Ulica Ľ. Ondrejova 847/2;Prievidza;97101;Okres Prievidza;Trenčiansky samosprávny kraj;;;;e-VUC;Novy
63-56390289-A0001;63-56390289-A0001;;Ambulancia zubného lekárstva, DMD Martin Jacko, Prievidza;DIAMOND SMILES, spol. s r. o.;Zubné lekárstvo;Bojnická cesta 447/43;Prievidza;97101;Okres Prievidza;Trenčiansky samosprávny kraj;;;;e-VUC;Novy
63-56991223-A0001;63-56991223-A0001;;Ambulancia zubného lekárstva, MDDr. Martin Kukla, Kanianka;KuklaDent s. r. o.;Zubné lekárstvo, Dentoalveolárna chirurgia;Pod Vinicou 426/63;Kanianka;97217;Okres Prievidza;Trenčiansky samosprávny kraj;;;;e-VUC;Novy
63-47572850-A0002;63-47572850-A0002;;Ambulancia zubného lekárstva, Oleksandr Kurmyshov, Handlová;Be Healthy s.r.o.;Zubné lekárstvo, Dentoalveolárna chirurgia, Implantológia;Prievidzská 670/37;Handlová;97251;Okres Prievidza;Trenčiansky samosprávny kraj;;;;e-VUC;Novy
63-56587481-A0001;63-56587481-A0001;;Ambulancia dentálnej hygieny, Lazany;Bc. Katarína Klopanová;Dentálna hygiena;Hlavná 622/68A;Lazany;97211;Okres Prievidza;Trenčiansky samosprávny kraj;;;;e-VUC;Novy
63-56497857-A0001;63-56497857-A0001;;Ambulancia zubného lekárstva, MDDr. Veronika Hlaváčová, Prievidza;Dentalkovo s. r. o.;Zubné lekárstvo;Námestie slobody 15/32;Prievidza;97101;Okres Prievidza;Trenčiansky samosprávny kraj;;;;e-VUC;Novy
51-55335926-A0010;51-55335926-A0010;;Ambulancia zubného lekárstva, Prievidza;Dr. Strojčeky s.r.o.;Zubné lekárstvo;Ulica G. Švéniho 2704/3H;Prievidza;97101;Okres Prievidza;Trenčiansky samosprávny kraj;;;;e-VUC;Novy
51-55335926-A0008;51-55335926-A0008;;Ambulancia zubného lekárstva, Prievidza;Dr. Strojčeky s.r.o.;Zubné lekárstvo;Ulica G. Švéniho 2704/3H;Prievidza;97101;Okres Prievidza;Trenčiansky samosprávny kraj;;;;e-VUC;Novy
51-55335926-A0009;51-55335926-A0009;;Ambulancia zubného lekárstva, Prievidza;Dr. Strojčeky s.r.o.;Zubné lekárstvo;Ulica G. Švéniho 2704/3H;Prievidza;97101;Okres Prievidza;Trenčiansky samosprávny kraj;;;;e-VUC;Novy
63-55796079-A0001;63-55796079-A0001;;Ambulancia zubného lekárstva, Pal Brehlicsuk, Prievidza;ÚSMEV ZUB s.r.o.;Zubné lekárstvo;Nábrežná ulica 2008/2F;Prievidza;97101;Okres Prievidza;Trenčiansky samosprávny kraj;;;;e-VUC;Novy
63-55795218-A0001;63-55795218-A0001;;Ambulancia zubného lekárstva, MDDr. Petra Vavrová, Prievidza;MDDr. Petra Vavrová, s.r.o.;Zubné lekárstvo, Dentoalveolárna chirurgia;Námestie slobody 15/32;Prievidza;97101;Okres Prievidza;Trenčiansky samosprávny kraj;;;;e-VUC;Novy
63-55795218-A0002;63-55795218-A0002;;Ambulancia zubného lekárstva, MDDr. Petra Vavrová, Prievidza;MDDr. Petra Vavrová, s.r.o.;Zubné lekárstvo, Dentálna hygiena;Námestie slobody 15/32;Prievidza;97101;Okres Prievidza;Trenčiansky samosprávny kraj;;;;e-VUC;Novy
63-50461061-A0003;63-50461061-A0003;;Ambulancia zubného lekárstva III., Prievidza;ZUB PD, s. r. o.;Zubné lekárstvo, Dentálna hygiena;Bojnická cesta 447/43;Prievidza;97101;Okres Prievidza;Trenčiansky samosprávny kraj;;;;e-VUC;Novy
63-52891569-A0001;63-52891569-A0001;;Ambulancia zubného lekárstva, MDDr. Karolina Ševčík, Bojnice;K&M Services, s.r.o.;Zubné lekárstvo, Dentoalveolárna chirurgia, Dentálna hygiena;Parková 1959/4;Bojnice;97201;Okres Prievidza;Trenčiansky samosprávny kraj;;;;e-VUC;Novy
63-50461061-A0002;63-50461061-A0002;;Ambulancia zubného lekárstva II., Prievidza;ZUB PD, s. r. o.;Zubné lekárstvo, Dentálna hygiena;Bojnická cesta 447/43;Prievidza;97101;Okres Prievidza;Trenčiansky samosprávny kraj;;;;e-VUC;Novy
63-54993521-A0001;63-54993521-A0001;;Ambulancia zubného lekárstva, MUDr. Jozef Papranec, Prievidza;MUDr. Jozef Papranec, s.r.o.;Zubné lekárstvo;Bojnická cesta 447/43;Prievidza;97101;Okres Prievidza;Trenčiansky samosprávny kraj;;;;e-VUC;Novy
63-55243932-A0001;63-55243932-A0001;;AnMoDent s.r.o., Handlová;AnMoDent s.r.o.;Zubné lekárstvo, Dentoalveolárna chirurgia;Okružná 1921/5;Handlová;97251;Okres Prievidza;Trenčiansky samosprávny kraj;;;;e-VUC;Novy
63-43143016-A0001;63-43143016-A0001;;Ambulancia dentálnej hygieny, Ľubica Hnáthová, Nitrianske Rudno;Ľubica Hnáthová;Dentálna hygiena;Okružná 719;Nitrianske Rudno;97226;Okres Prievidza;Trenčiansky samosprávny kraj;;;;e-VUC;Novy
63-55098908-A0001;63-55098908-A0001;;Ambulancia dentálnej hygieny, Bc. Martina Školnová dipl.d.h., Prievidza;Sustainable Solutions s. r. o.;Dentálna hygiena;A. Hlinku 10442/11;Prievidza;97101;Okres Prievidza;Trenčiansky samosprávny kraj;;;;e-VUC;Novy
63-52613640-A0002;63-52613640-A0002;;Ambulancia zubného lekárstva, Nitrianske Pravno;K&P – dent s. r. o.;Zubné lekárstvo, Dentálna hygiena;Prievidzská 92/2;Nitrianske Pravno;97213;Okres Prievidza;Trenčiansky samosprávny kraj;;;;e-VUC;Novy
63-35666625-A0002;63-35666625-A0002;;Ambulancia zubného lekárstva, MUDr. Herta Fecková, Handlová;MUDr. Herta Fecková;Zubné lekárstvo;Okružná 1921/5;Handlová;97251;Okres Prievidza;Trenčiansky samosprávny kraj;;;;e-VUC;Novy
63-54679729-A0001;63-54679729-A0001;;Ambulancia dentálnej hygieny, Bc. Katarína Čampišová, Chrenovec-Brusno;Bc. Katarína Čampišová;Dentálna hygiena;Chrenovec-Brusno 407;Chrenovec-Brusno;97232;Okres Prievidza;Trenčiansky samosprávny kraj;;;;e-VUC;Novy
63-48126411-A0002;63-48126411-A0002;;Ambulancia zubného lekárstva, MDDr. Gabriela Hundák Kittelová, Prievidza;KittCare s.r.o.;Zubné lekárstvo;Nábrežie A. Kmeťa 156/31;Prievidza;97101;Okres Prievidza;Trenčiansky samosprávny kraj;;;;e-VUC;Novy
63-48126411-A0003;63-48126411-A0003;;Ambulancia zubného lekárstva, Prievidza;KittCare s.r.o.;Zubné lekárstvo, Dentálna hygiena;Nábrežie A. Kmeťa 156/31;Prievidza !;97101;Okres Prievidza;Trenčiansky samosprávny kraj;;;;e-VUC;Novy
63-36301370-A0002;63-36301370-A0002;;Ambulancia zubného lekárstva, MUDr. MDDr. Marianna Štefeková, Prievidza;M - KLUB, s.r.o.;Zubné lekárstvo;Ulica M. Mišíka 2724/3;Prievidza;97101;Okres Prievidza;Trenčiansky samosprávny kraj;;;;e-VUC;Novy
63-54512476-A0001;63-54512476-A0001;;Ambulancia dentálnej hygieny, Iveta Smatanová, Prievidza;Dental IS s. r. o.;Dentálna hygiena;M. Falešníka 428/6;Prievidza;97101;Okres Prievidza;Trenčiansky samosprávny kraj;;;;e-VUC;Novy
63-40179028-A0001;63-40179028-A0001;;Ambulancia zubného lekárstva, MDDr. Andrej Orság, Prievidza;MDDr. Andrej Orság;Zubné lekárstvo;Bakalárska ulica 727/2;Prievidza;97101;Okres Prievidza;Trenčiansky samosprávny kraj;;;;e-VUC;Novy
63-52401090-A0002;63-52401090-A0002;;Ambulancia dentálnej hygieny, Prievidza;MUDr. Hustý, s. r. o.;Zubné lekárstvo, Dentálna hygiena;G. Švéniho 2671/3E;Prievidza;97101;Okres Prievidza;Trenčiansky samosprávny kraj;;;;e-VUC;Novy
63-36690597-A0002;63-36690597-A0002;;Ambulancia zubného lekárstva, MDDr. Leonidas Papoutsidis, Prievidza;MED DENT s.r.o.;Zubné lekárstvo, Dentálna hygiena;Vážení pacienti, akútne prípady budú ošetrené v ambulancii AsparDent s.r.o. Gorkého 1;Prievidza denne v čase;97101;Okres Prievidza;Trenčiansky samosprávny kraj;;;;e-VUC;Novy
63-52732967-A0001;63-52732967-A0001;;Ambulancia zubného lekárstva, MUDr. Zuzana Verbichová, Prievidza;VERZUZ, s.r.o.;Zubné lekárstvo;Andreja Kmeťa 156/31;Prievidza;97101;Okres Prievidza;Trenčiansky samosprávny kraj;;;;e-VUC;Novy
51-47572850-A0001;51-47572850-A0001;;Ambulancia zubného lekárstva, Oleksandr Kurmyshov, Handlová;Be Healthy s.r.o.;Zubné lekárstvo, Dentoalveolárna chirurgia;Prievidzská 670/37;Handlová;97251;Okres Prievidza;Trenčiansky samosprávny kraj;;;;e-VUC;Novy
63-52613640-A0001;63-52613640-A0001;;Ambulancia zubného lekárstva, MDDr. Karolína Hladká, Nitrianske Pravno;K&P – dent s. r. o.;Zubné lekárstvo;Prievidzská 92/2;Nitrianske Pravno;97213;Okres Prievidza;Trenčiansky samosprávny kraj;;;;e-VUC;Novy
63-56639040-A0001;63-56639040-A0001;;Ambulancia zubného lekárstva, MDDr. Veronika Kopecká, Beluša;dentiq s.r.o.;Zubné lekárstvo;Pre potreby bolestivých prípadov je zabezpečené zastupovanie ambulanciou zubného lekárstva White Dent s.r.o. miesto prevádzkovania: Krížna 1157/11;Turany;03853;Okres Púchov;Trenčiansky samosprávny kraj;;;;e-VUC;Novy
63-56164327-A0003;63-56164327-A0003;;Ambulancia zubného lekárstva, Púchov;DENTID s. r. o.;Zubné lekárstvo;Bytový dom B, Dlhé lúky 6007/6;Púchov;02001;Okres Púchov;Trenčiansky samosprávny kraj;;;;e-VUC;Novy
63-56164327-A0001;63-56164327-A0001;;Ambulancia zubného lekárstva, Púchov;DENTID s. r. o.;Zubné lekárstvo;Bytový dom B, Dlhé lúky 6007/6;Púchov;02001;Okres Púchov;Trenčiansky samosprávny kraj;;;;e-VUC;Novy
63-56164327-A0002;63-56164327-A0002;;Ambulancia zubného lekárstva, Púchov;DENTID s. r. o.;Zubné lekárstvo, Dentálna hygiena;Bytový dom B, Dlhé lúky 6007/6;Púchov;02001;Okres Púchov;Trenčiansky samosprávny kraj;;;;e-VUC;Novy
63-56352654-A0001;63-56352654-A0001;;Ambulancia zubného lekárstva, MDDr. Štěpán Pospíšil, Púchov;LifeDent NS s. r. o.;Zubné lekárstvo;Nábrežie slobody 1874/5A;Púchov;02001;Okres Púchov;Trenčiansky samosprávny kraj;;;;e-VUC;Novy
63-56352654-A0002;63-56352654-A0002;;Ambulancia zubného lekárstva, MDDr. Katarína Pospíšilová, Púchov;LifeDent NS s. r. o.;Zubné lekárstvo, Dentálna hygiena;Nábrežie slobody 1874/5A;Púchov;02001;Okres Púchov;Trenčiansky samosprávny kraj;;;;e-VUC;Novy
63-55896014-A0001;63-55896014-A0001;;Ambulancia dentálnej hygieny, Bc. Andrea Kšinská, Beluša;Dental Health s. r. o.;Dentálna hygiena;Ľ. Štúra 6/6;Beluša;01861;Okres Púchov;Trenčiansky samosprávny kraj;;;;e-VUC;Novy
63-53154720-A0002;63-53154720-A0002;;Ambulancia zubného lekárstva, MUDr. Alica Žatková, Púchov;AS dental s.r.o.;Zubné lekárstvo;Okružná 1923/7;Púchov;02001;Okres Púchov;Trenčiansky samosprávny kraj;;;;e-VUC;Novy
63-51643286-A0002;63-51643286-A0002;;Ambulancia zubného lekárstva, MDDr. Katarína Hamšíková, Púchov;CENGIDENT s. r. o.;Zubné lekárstvo;Dlhé lúky 6006/12;Púchov;02001;Okres Púchov;Trenčiansky samosprávny kraj;;;;e-VUC;Novy
63-51643286-A0003;63-51643286-A0003;;Ambulancia zubného lekárstva, MDDr. Peter Ceniga, Púchov;CENGIDENT s. r. o.;Zubné lekárstvo, Dentálna hygiena;Dlhé lúky 6006/12;Púchov;02001;Okres Púchov;Trenčiansky samosprávny kraj;;;;e-VUC;Novy
63-46550429-A0002;63-46550429-A0002;;Ambulancia zubného lekárstva II., Lednické Rovne;UroDent, s.r.o.;Zubné lekárstvo;Súhradka 465/38;Lednické Rovne;02061;Okres Púchov;Trenčiansky samosprávny kraj;;;;e-VUC;Novy
63-54839513-A0001;63-54839513-A0001;;Ambulancia zubného lekárstva, MUDr. Oľga Wirghová, Púchov;WIOZA, s.r.o.;Zubné lekárstvo;Štefánikova 827/33;Púchov;02001;Okres Púchov;Trenčiansky samosprávny kraj;;;;e-VUC;Novy
63-53154720-A0001;63-53154720-A0001;;Ambulancia zubného lekárstva, MUDr. Alica Žatková, Púchov;AS dental s.r.o.;Zubné lekárstvo;Okružná 1923/7;Púchov;02001;Okres Púchov;Trenčiansky samosprávny kraj;;;;e-VUC;Novy
63-54786240-A0001;63-54786240-A0001;;Ambulancia zubného lekárstva, MDDr. Lenka Vráblová, Púchov;Apollonia s.r.o.;Zubné lekárstvo;Štefánikova 827/33;Púchov;02001;Okres Púchov;Trenčiansky samosprávny kraj;;;;e-VUC;Novy
63-47233877-A0002;63-47233877-A0002;;Ambulancia dentálnej hygieny, Martina Jahodová, dip.d.h., Púchov;PRODENTALL, s.r.o.;Dentálna hygiena;Pod Lachovcom 1727/55;Púchov;02001;Okres Púchov;Trenčiansky samosprávny kraj;;;;e-VUC;Novy
63-52076636-A0001;63-52076636-A0001;;Ambulancia zubného lekárstva, MUDr. Ľudmila Krásna, Púchov;LifeDent s.r.o.;Zubné lekárstvo;Štefánikova 828/10;Púchov;02001;Okres Púchov;Trenčiansky samosprávny kraj;;;;e-VUC;Novy
63-51415402-A0002;63-51415402-A0002;;Ambulancia zubného lekárstva, Bc. Erika Fúsiková, Púchov;MDDr. Ivana Dovičinová;Zubné lekárstvo;T. Vansovej 1699/69;Púchov;02001;Okres Púchov;Trenčiansky samosprávny kraj;;;;e-VUC;Novy
63-51643286-A0001;63-51643286-A0001;;Ambulancia zubného lekárstva, MDDr. Peter Ceniga, Púchov;CENGIDENT s. r. o.;Zubné lekárstvo;Dlhé lúky 6006/12;Púchov;02001;Okres Púchov;Trenčiansky samosprávny kraj;;;;e-VUC;Novy
63-51415402-A0001;63-51415402-A0001;;Ambulancia zubného lekárstva, MDDr Ivana Dovičinová, Púchov;MDDr. Ivana Dovičinová;Zubné lekárstvo;T. Vansovej 1699/69;Púchov;02001;Okres Púchov;Trenčiansky samosprávny kraj;;;;e-VUC;Novy
63-51291509-A0001;63-51291509-A0001;;Ambulancia zubného lekárstva, MDDr. Jaroslav Marušík, Lúky;MDDr. Jaroslav Marušík;Zubné lekárstvo;Lúky 127;Lúky;02053;Okres Púchov;Trenčiansky samosprávny kraj;;;;e-VUC;Novy
63-50555359-A0001;63-50555359-A0001;;Ambulancia zubného lekárstva, MUDr. Andrea Martišová, Beluša;BELLE dent, s.r.o.;Zubné lekárstvo;Ľ. Štúra 6/6;Beluša;01861;Okres Púchov;Trenčiansky samosprávny kraj;;;;e-VUC;Novy
63-50454501-A0001;63-50454501-A0001;;Ambulancia dentálnej hygieny, Darina Bieliková, d.d.h., Lednické Rovne;Darina Bieliková;Dentálna hygiena;Sklárska 138/7;Lednické Rovne;02061;Okres Púchov;Trenčiansky samosprávny kraj;;;;e-VUC;Novy
63-50026569-A0001;63-50026569-A0001;;Ambulancia zubného lekárstva, MUDr. Elena Lukáčová, Púchov;Elzadent s.r.o.;Zubné lekárstvo;Moyzesova 1744/3;Púchov;02001;Okres Púchov;Trenčiansky samosprávny kraj;;;;e-VUC;Novy
63-48050458-A0001;63-48050458-A0001;;Ambulancia zubného lekárstva, MUDr. Adriana Pecíková, Púchov;AP dent, s.r.o.;Zubné lekárstvo;Štefánikova 828/13;Púchov;02001;Okres Púchov;Trenčiansky samosprávny kraj;;;;e-VUC;Novy
63-47233877-A0001;63-47233877-A0001;;Ambulancia zubného lekárstva, MUDr. Slavomír Jahoda, Púchov;PRODENTALL, s.r.o.;Zubné lekárstvo, Dentoalveolárna chirurgia;Pod Lachovcom 1727/55;Púchov;02001;Okres Púchov;Trenčiansky samosprávny kraj;;;;e-VUC;Novy
63-35663791-A0002;63-35663791-A0002;;Ambulancia zubného lekárstva, MUDr. Oľga Wirghová, Púchov;MUDr. Oľga Wirghová;Zubné lekárstvo;Štefánikova 827;Púchov;02001;Okres Púchov;Trenčiansky samosprávny kraj;;;;e-VUC;Novy
63-45491062-A0001;63-45491062-A0001;;Ambulancia zubného lekárstva, Katarína Macháčková, Púchov;VeVe Dent, s. r. o.;Zubné lekárstvo;Pod Lachovcom 1727/55;Púchov;02001;Okres Púchov;Trenčiansky samosprávny kraj;;;;e-VUC;Novy
63-34054839-A0001;63-34054839-A0001;;Ambulancia zubného lekárstva, Beluša;MUDr. Oľga Pogányová;Zubné lekárstvo;Ľ. Štúra 6/6;Beluša;01861;Okres Púchov;Trenčiansky samosprávny kraj;;;;e-VUC;Novy
63-44533420-A0001;63-44533420-A0001;;Ambulancia zubného lekárstva, MUDr. Alica Žatková, Púchov;COREXAN, s. r. o.;Zubné lekárstvo;Okružná 1923/7;Púchov;02001;Okres Púchov;Trenčiansky samosprávny kraj;;;;e-VUC;Novy
63-47934328-A0003;63-47934328-A0003;;Ambulancia zubného lekárstva, MUDr. Júlia Vavreková, Púchov;VEJ dent, s.r.o.;Zubné lekárstvo;Pod Lachovcom 1200/34;Púchov;02001;Okres Púchov;Trenčiansky samosprávny kraj;;;;e-VUC;Novy
63-47934328-A0002;63-47934328-A0002;;Ambulancia zubného lekárstva, MUDr. Júlia Vavreková, Púchov;VEJ dent, s.r.o.;Zubné lekárstvo;T. Vansovej 1054/45;Púchov;02001;Okres Púchov;Trenčiansky samosprávny kraj;;;;e-VUC;Novy
63-46593217-A0001;63-46593217-A0001;;Ambulancia zubného lekárstva, MUDr. Radovan Rábik, Púchov;EuroDent Púchov s. r. o.;Zubné lekárstvo;1. mája 871/2;Púchov;02001;Okres Púchov;Trenčiansky samosprávny kraj;;;;e-VUC;Novy
63-44974850-A0001;63-44974850-A0001;;Ambulancia zubného lekárstva, MUDr. Michal Krump Ph.D., Púchov;Sun Dental, s. r. o.;Zubné lekárstvo, Dentoalveolárna chirurgia;Nábrežie Slobody 527;Púchov;02001;Okres Púchov;Trenčiansky samosprávny kraj;;;;e-VUC;Novy
63-46550429-A0001;63-46550429-A0001;;Ambulancia zubného lekárstva, MUDr. Eva Crkoňová, Lednické Rovne;UroDent, s.r.o.;Zubné lekárstvo;Súhradka 465/38;Lednické Rovne;02061;Okres Púchov;Trenčiansky samosprávny kraj;;;;e-VUC;Novy
63-42278538-A0001;63-42278538-A0001;;Ambulancia dentálnej hygieny, Bc. Zuzana Živčicová, dipl.d.h., Lednické Rovne;Bc. Zuzana Živčicová;Dentálna hygiena;Súhradka 465/38;Lednické Rovne;02061;Okres Púchov;Trenčiansky samosprávny kraj;;;;e-VUC;Novy
63-31916902-A0001;63-31916902-A0001;;Ambulancia zubného lekárstva, MUDr. Pavel Panvica, Púchov;MUDr. Pavel Panvica;Zubné lekárstvo;Moravská 1668/13A;Púchov;02001;Okres Púchov;Trenčiansky samosprávny kraj;;;;e-VUC;Novy
63-35662824-A0001;63-35662824-A0001;;Ambulancia zubného lekárstva, MUDr. Stanislav Hanták, Púchov;MUDr. Stanislav Hanták;Zubné lekárstvo;Pod Lachovcom 1727/55;Púchov;02001;Okres Púchov;Trenčiansky samosprávny kraj;;;;e-VUC;Novy
63-47380438-A0001;63-47380438-A0001;;Ambulancia zubného lekárstva, MDDr. Dominik Cíger, Púchov;PeDe s.r.o.;Zubné lekárstvo;Vajanského 234/106;Púchov;02001;Okres Púchov;Trenčiansky samosprávny kraj;;;;e-VUC;Novy
63-48051527-A0002;63-48051527-A0002;;Ambulancia zubného lekárstva, Bc. Zuzana Kvaková, Trenčín;Palatin Dent, s.r.o.;Zubné lekárstvo, Dentálna hygiena;Soblahovská 7262/2A;Trenčín;91101;Okres Trenčín;Trenčiansky samosprávny kraj;;;;e-VUC;Novy
63-42013810-A0002;63-42013810-A0002;;Ambulancia zubného lekárstva, MUDr. Pavol Drľa, Trenčín;MUDr. Pavol Drľa;Zubné lekárstvo, Dentálna hygiena;K dolnej stanici 691/1;Trenčín;91101;Okres Trenčín;Trenčiansky samosprávny kraj;;;;e-VUC;Novy
63-57490813-A0001;63-57490813-A0001;;Ambulancia dentálnej hygieny, Trenčín;Dentálna hygiena M&M s. r. o.;Dentálna hygiena;K dolnej stanici 709/18;Trenčín;91101;Okres Trenčín;Trenčiansky samosprávny kraj;;;;e-VUC;Novy
63-57242798-A0001;63-57242798-A0001;;Ambulancia zubného lekárstva, MDDr. Miloš Mojto, Nemšová;MDDr. Miloš Mojto s. r. o.;Zubné lekárstvo;, Dovolenka od 31.8. 2026 do 8.9.2026;;;Okres Trenčín;Trenčiansky samosprávny kraj;;;;e-VUC;Novy
63-36332453-A0002;63-36332453-A0002;;Ambulancia zubného lekárstva, MUDr. Michal Paška, Trenčín;2 M, s.r.o.;Zubné lekárstvo, Dentálna hygiena;Záhumenská 7A;Trenčín;91101;Okres Trenčín;Trenčiansky samosprávny kraj;;;;e-VUC;Novy
63-55017631-A0002;63-55017631-A0002;;Ambulancia zubného lekárstva II. - dentálna hygiena, Trenčín;KV - mikrodent s.r.o.;Zubné lekárstvo, Dentálna hygiena;Školská 945/66;Trenčín;91105;Okres Trenčín;Trenčiansky samosprávny kraj;;;;e-VUC;Novy
51-44771011-A0002;51-44771011-A0002;;Ambulancia zubného lekárstva, MDDr. Daniel Jancík, Horné Srnie;ARMED, s.r.o.;Zubné lekárstvo, Dentoalveolárna chirurgia, Dentálna hygiena;Železničná 164/11;Horné Srnie;91442;Okres Trenčín;Trenčiansky samosprávny kraj;;;;e-VUC;Novy
63-57031827-A0001;63-57031827-A0001;;Ambulancia zubného lekárstva, MDDr. Peter Cenker, Trenčín;BroDent s. r. o.;Zubné lekárstvo;Žabinská 185/18;Trenčín;91105;Okres Trenčín;Trenčiansky samosprávny kraj;;;;e-VUC;Novy
63-53228537-A0002;63-53228537-A0002;;Ambulancia zubného lekárstva, Soblahov;MDDr. Jaroslav Bažík;Zubné lekárstvo, Dentálna hygiena;Soblahov 741;Soblahov;91338;Okres Trenčín;Trenčiansky samosprávny kraj;;;;e-VUC;Novy
63-56788908-A0001;63-56788908-A0001;;Ambulancia zubného lekárstva, MDDr. Pavlína Fumačová, Trenčianske Jastrabie;FumaDent s. r. o.;Zubné lekárstvo, Dentálna hygiena;, Zubná ambulancia čerpá dovolenku 14.8.2026. Akútne stavy budú ošetrené v poobedných hodinách v US Center Karpatská Trenčín - t.č. :+421 904 676 166 .;;;Okres Trenčín;Trenčiansky samosprávny kraj;;;;e-VUC;Novy
63-56187556-A0001;63-56187556-A0001;;Ambulancia zubného lekárstva, Trenčín;Wavesthetics s. r. o.;Zubné lekárstvo, Dentoalveolárna chirurgia, Dentálna hygiena;Pod lipami 1615;Trenčín;91101;Okres Trenčín;Trenčiansky samosprávny kraj;;;;e-VUC;Novy
63-56187556-A0002;63-56187556-A0002;;Ambulancia zubného lekárstva, Trenčín;Wavesthetics s. r. o.;Zubné lekárstvo, Dentoalveolárna chirurgia, Dentálna hygiena;Pod lipami 1615;Trenčín;91101;Okres Trenčín;Trenčiansky samosprávny kraj;;;;e-VUC;Novy
63-56187556-A0003;63-56187556-A0003;;Ambulancia zubného lekárstva, Bc. Michaela Pučeková, Trenčín;Wavesthetics s. r. o.;Zubné lekárstvo, Dentoalveolárna chirurgia, Dentálna hygiena;Pod lipami 1615;Trenčín;91101;Okres Trenčín;Trenčiansky samosprávny kraj;;;;e-VUC;Novy
63-56151209-A0001;63-56151209-A0001;;Ambulancia zubného lekárstva, Trenčín;Stomatológia Trenčín, s. r. o.;Zubné lekárstvo, Dentoalveolárna chirurgia, Implantológia;Legionárska 7158/5;Trenčín;91101;Okres Trenčín;Trenčiansky samosprávny kraj;;;;e-VUC;Novy
63-53329210-A0003;63-53329210-A0003;;Ambulancia zubného lekárstva III., Trenčín;AB Clinic s. r. o.;Zubné lekárstvo, Dentoalveolárna chirurgia, Dentálna hygiena;Na Zongorke 7811/2;Trenčín;91101;Okres Trenčín;Trenčiansky samosprávny kraj;;;;e-VUC;Novy
63-36362140-A0002;63-36362140-A0002;;Ambulancia zubného lekárstva, Trenčín;NAUTA, s. r. o.;Zubné lekárstvo;M. Kišša 7/2A;Trenčín;91105;Okres Trenčín;Trenčiansky samosprávny kraj;;;;e-VUC;Novy
63-36362140-A0003;63-36362140-A0003;;Ambulancia zubného lekárstva, Trenčín;NAUTA, s. r. o.;Zubné lekárstvo, Dentálna hygiena;M. Kišša 7/2A;Trenčín;91105;Okres Trenčín;Trenčiansky samosprávny kraj;;;;e-VUC;Novy
63-45490520-A0002;63-45490520-A0002;;Dentálna hygiena, Nemšová;EL-Dent, s.r.o.;Zubné lekárstvo, Dentálna hygiena;Janka Palu 55/2;Nemšová;91441;Okres Trenčín;Trenčiansky samosprávny kraj;;;;e-VUC;Novy
63-56068735-A0001;63-56068735-A0001;;Ambulancia zubného lekárstva, MDDr. Klaudia Duchová, Trenčín;Bright Smile s. r. o.;Zubné lekárstvo;Soblahovská 7262/2A;Trenčín;91101;Okres Trenčín;Trenčiansky samosprávny kraj;;;;e-VUC;Novy
63-55971431-A0001;63-55971431-A0001;;Ambulancia zubného lekárstva, MDDr. Martin Beňo, Trenčianske Teplice;SIT IN zubná klinika s.r.o.;Zubné lekárstvo, Dentoalveolárna chirurgia;Štvrť SNP 129/15;Trenčianske Teplice;91451;Okres Trenčín;Trenčiansky samosprávny kraj;;;;e-VUC;Novy
63-56105738-A0001;63-56105738-A0001;;Ambulancia dentálnej hygieny, Bc. Dana Strauss Vlčková, Trenčín;Bc. Dana Strauss Vlčková;Dentálna hygiena;I. Olbrachta 7567;Trenčín;91101;Okres Trenčín;Trenčiansky samosprávny kraj;;;;e-VUC;Novy
63-55687482-A0001;63-55687482-A0001;;Ambulancia zubného lekárstva, MDDr. Lenka Bartošová, Trenčín;LeMi dental s. r. o.;Zubné lekárstvo;Súvoz 33/11;Trenčín;91101;Okres Trenčín;Trenčiansky samosprávny kraj;;;;e-VUC;Novy
63-44575238-A0002;63-44575238-A0002;;Ambulancia zubného lekárstva, MUDr. Miriam Mikesková, Trenčín;AG dental, s. r. o.;Zubné lekárstvo, Dentálna hygiena;Partizánska 3731;Trenčín;91101;Okres Trenčín;Trenčiansky samosprávny kraj;;;;e-VUC;Novy
63-44575238-A0003;63-44575238-A0003;;Ambulancia zubného lekárstva, Mgr. Bc. Katarína Gašová, Trenčín;AG dental, s. r. o.;Zubné lekárstvo, Dentálna hygiena;Partizánska 3731;Trenčín;91101;Okres Trenčín;Trenčiansky samosprávny kraj;;;;e-VUC;Novy
63-51811944-A0001;63-51811944-A0001;;Ambulancia zubného lekárstva, MUDr. Forouharová Alexandra, Trenčín;For Smile - dent s. r. o.;Zubné lekárstvo;Dolný Šianec 7159/18B;Trenčín;91101;Okres Trenčín;Trenčiansky samosprávny kraj;;;;e-VUC;Novy
63-55017631-A0001;63-55017631-A0001;;Ambulancia zubného lekárstva, Trenčín;KV - mikrodent s.r.o.;Zubné lekárstvo, Dentálna hygiena;Školská 945/66;Trenčín;91105;Okres Trenčín;Trenčiansky samosprávny kraj;;;;e-VUC;Novy
63-46804781-A0002;63-46804781-A0002;;Ambulancia zubného lekárstva II., Trenčín;Zubný lekár, s.r.o.;Zubné lekárstvo, Dentálna hygiena;Gagarinova 1;Trenčín;91101;Okres Trenčín;Trenčiansky samosprávny kraj;;;;e-VUC;Novy
63-44634331-A0002;63-44634331-A0002;;Ambulancia zubného lekárstva II., Trenčín;KRISTALEX dent s. r. o.;Zubné lekárstvo, Dentoalveolárna chirurgia, Dentálna hygiena;Žabinská 186/16;Trenčín;91101;Okres Trenčín;Trenčiansky samosprávny kraj;;;;e-VUC;Novy
63-55020518-A0001;63-55020518-A0001;;Ambulancia dentálnej hygieny, Bc. Ružena Házyová, Trenčín;Bc. Ružena Házyová;Dentálna hygiena;Kubranská 1941/40B;Trenčín;91101;Okres Trenčín;Trenčiansky samosprávny kraj;;;;e-VUC;Novy
63-36589624-A0002;63-36589624-A0002;;Ambulancia zubného lekárstva II., Trenčín;STOMANTRE, s.r.o.;Zubné lekárstvo;Veľkomoravská 2866/9;Trenčín;91105;Okres Trenčín;Trenčiansky samosprávny kraj;;;;e-VUC;Novy
63-36589624-A0003;63-36589624-A0003;;Ambulancia zubného lekárstva III., Trenčín;STOMANTRE, s.r.o.;Zubné lekárstvo, Dentálna hygiena;Veľkomoravská 2866/9;Trenčín;91105;Okres Trenčín;Trenčiansky samosprávny kraj;;;;e-VUC;Novy
63-53329210-A0001;63-53329210-A0001;;Ambulancia zubného lekárstva, MDDr. Šamseh Merdaa, MPH, Trenčín;AB Clinic s. r. o.;Zubné lekárstvo, Dentoalveolárna chirurgia, Dentálna hygiena;Na Zongorke 7811/2;Trenčín;91101;Okres Trenčín;Trenčiansky samosprávny kraj;;;;e-VUC;Novy
63-53329210-A0002;63-53329210-A0002;;Ambulancia dentálnej hygieny, Trenčín;AB Clinic s. r. o.;Zubné lekárstvo, Dentoalveolárna chirurgia, Dentálna hygiena;Na Zongorke 7811/2;Trenčín;91101;Okres Trenčín;Trenčiansky samosprávny kraj;;;;e-VUC;Novy
63-53008651-A0001;63-53008651-A0001;;Ambulancia zubného lekárstva, Trenčín;Elysium clinic s.r.o.;Zubné lekárstvo;Vladimíra Predmerského 2537/2A;Trenčín;91105;Okres Trenčín;Trenčiansky samosprávny kraj;;;;e-VUC;Novy
63-53008651-A0002;63-53008651-A0002;;Ambulancia zubného lekárstva, Trenčín;Elysium clinic s.r.o.;Zubné lekárstvo;Vladimíra Predmerského 2537/2A;Trenčín;91105;Okres Trenčín;Trenčiansky samosprávny kraj;;;;e-VUC;Novy
63-53008651-A0003;63-53008651-A0003;;Ambulancia zubného lekárstva, MDDr. Juraj Chorvát, Trenčín;Elysium clinic s.r.o.;Zubné lekárstvo, Dentálna hygiena;, Dentálna hygiena ordinuje počas bežných ordinačných hodín.;;;Okres Trenčín;Trenčiansky samosprávny kraj;;;;e-VUC;Novy
63-50926420-A0011;63-50926420-A0011;;Ambulancia zubného lekárstva, MUDr. Mehdi Forouhar, Trenčianske Jastrabie;U.S. Center zubná klinika s.r.o.;Zubné lekárstvo, Dentoalveolárna chirurgia, Implantológia, Choroby slizníc ústnej dutiny a paradontu, Dentálna hygiena;Trenčianske Jastrabie 262;Trenčianske Jastrabie;91322;Okres Trenčín;Trenčiansky samosprávny kraj;;;;e-VUC;Novy
63-54161291-A0001;63-54161291-A0001;;Ambulancia zubného lekárstva, MDDr. Monika Studená, Trenčín;Dentimon s.r.o.;Zubné lekárstvo;Hodžova 1487/37;Trenčín;91101;Okres Trenčín;Trenčiansky samosprávny kraj;;;;e-VUC;Novy
63-54247454-A0001;63-54247454-A0001;;Ambulancia zubného lekárstva, MDDr. Alexandra Guštafíková, Trenčín;AG studio s.r.o.;Zubné lekárstvo, Dentálna hygiena;Halalovka 63;Trenčín;91108;Okres Trenčín;Trenčiansky samosprávny kraj;;;;e-VUC;Novy
63-53984218-A0001;63-53984218-A0001;;Ambulancia zubného lekárstva, MDDr. Lívia Benková, Trenčín;Benkova.dent, s. r. o.;Zubné lekárstvo;Veľkomoravská 2867/21;Trenčín;91105;Okres Trenčín;Trenčiansky samosprávny kraj;;;;e-VUC;Novy
63-54086515-A0001;63-54086515-A0001;;Ambulancia zubného lekárstva, MUDr. Jaroslava Hrenáková, Trenčín;JH DENT s. r. o.;Zubné lekárstvo;Kúty 927/6;Trenčín;91101;Okres Trenčín;Trenčiansky samosprávny kraj;;;;e-VUC;Novy
62-36276359-A0011;62-36276359-A0011;;Ambulancia zubného lekárstva, Dunajská Streda;AXIS-DENT, s.r.o.;Zubné lekárstvo;Veľkoblahovská cesta 1063/5;Dunajská Streda;92901;Okres Dunajská Streda;Trnavský samosprávny kraj;;;;e-VUC;Novy
62-36276359-A0012;62-36276359-A0012;;Ambulancia zubného lekárstva, Dunajská Streda;AXIS-DENT, s.r.o.;Zubné lekárstvo;Veľkoblahovská cesta 1063/5;Dunajská Streda;92901;Okres Dunajská Streda;Trnavský samosprávny kraj;;;;e-VUC;Novy
62-36276359-A0013;62-36276359-A0013;;Ambulancia zubného lekárstva, Dunajská Streda;AXIS-DENT, s.r.o.;Zubné lekárstvo;Veľkoblahovská cesta 1063/5;Dunajská Streda;92901;Okres Dunajská Streda;Trnavský samosprávny kraj;;;;e-VUC;Novy
62-57391807-A0001;62-57391807-A0001;;VM Dental Clinic, Veľký Meder;VM Dental Clinic, s. r. o.;Zubné lekárstvo;Stará ulica 5252/10;Veľký Meder;93201;Okres Dunajská Streda;Trnavský samosprávny kraj;;;;e-VUC;Novy
62-48325651-A0003;62-48325651-A0003;;Ambulancia zubného lekárstva, Šamorín;Triodent s. r. o.;Zubné lekárstvo, Dentoalveolárna chirurgia;Cintorínska 3080/4;Šamorín;93101;Okres Dunajská Streda;Trnavský samosprávny kraj;;;;e-VUC;Novy
62-57462101-A0001;62-57462101-A0001;;Ambulancia zubného lekárstva, Gabčíkovo;Zub Arte, s. r. o.;Zubné lekárstvo;Námestie Svätej Trojice 4377;Gabčíkovo;93005;Okres Dunajská Streda;Trnavský samosprávny kraj;;;;e-VUC;Novy
62-56894911-A0002;62-56894911-A0002;;Ambulancia dentálnej hygieny, Hviezdoslavov;ESTHEDENT s. r. o.;Dentálna hygiena;Obchodná 1665/5;Hviezdoslavov;93041;Okres Dunajská Streda;Trnavský samosprávny kraj;;;;e-VUC;Novy
62-41339479-A0002;62-41339479-A0002;;Ambulancia dentálnej hygieny, Šamorín;Silvia Vittgrúberová;Dentálna hygiena;Bratislavská 85/29;Šamorín;93101;Okres Dunajská Streda;Trnavský samosprávny kraj;;;;e-VUC;Novy
62-56894911-A0001;62-56894911-A0001;;Ambulancia zubného lekárstva, Hviezdoslavov;ESTHEDENT s. r. o.;Zubné lekárstvo;, Dovolenka od 10.8 - 14.8. 2026;;;Okres Dunajská Streda;Trnavský samosprávny kraj;;;;e-VUC;Novy
62-36270768-A0002;62-36270768-A0002;;Ambulancia zubného lekárstva, Dunajská Streda;EURODENT DS s.r.o.;Zubné lekárstvo;Jesenského 12/2;Dunajská Streda;92901;Okres Dunajská Streda;Trnavský samosprávny kraj;;;;e-VUC;Novy
62-36270768-A0003;62-36270768-A0003;;Ambulancia zubného lekárstva, Dunajská Streda;EURODENT DS s.r.o.;Zubné lekárstvo;Jesenského 12/2;Dunajská Streda;92901;Okres Dunajská Streda;Trnavský samosprávny kraj;;;;e-VUC;Novy
62-56336411-A0002;62-56336411-A0002;;Ambulancia zubného lekárstva, Veľký Meder;Balamusang s. r. o.;Zubné lekárstvo;Poľovnícka 1679/41;Veľký Meder;93201;Okres Dunajská Streda;Trnavský samosprávny kraj;;;;e-VUC;Novy
51-53665546-A0001;51-53665546-A0001;;Ambulancia zubného lekárstva, Lehnice;Dr. Martin Lehnice s.r.o.;Zubné lekárstvo;Lehnice 15;Lehnice;93037;Okres Dunajská Streda;Trnavský samosprávny kraj;;;;e-VUC;Novy
62-56065591-A0001;62-56065591-A0001;;Ambulancia zubného lekárstva, Dunajská Streda;ZUB DS s.r.o.;Zubné lekárstvo;Komenského 5325/2A;Dunajská Streda;92901;Okres Dunajská Streda;Trnavský samosprávny kraj;;;;e-VUC;Novy
62-56649461-A0001;62-56649461-A0001;;Ambulancia zubného lekárstva, Dunajská Streda;MUDr. HANA HRUBÁ s. r. o.;Zubné lekárstvo;Veľkoblahovská cesta 67/23;Dunajská Streda;92901;Okres Dunajská Streda;Trnavský samosprávny kraj;;;;e-VUC;Novy
62-56336411-A0001;62-56336411-A0001;;Ambulancia zubného lekárstva - MDDr. Praveen Balam, Veľký Meder;Balamusang s. r. o.;Zubné lekárstvo;Poľovnícka 1679/41;Veľký Meder;93201;Okres Dunajská Streda;Trnavský samosprávny kraj;;;;e-VUC;Novy
62-33736081-A0003;62-33736081-A0003;;Ambulancia zubného lekárstva, Gabčíkovo;MUDr. Ladislav Lelkes;Zubné lekárstvo;Zdravotnícka 593/2;Gabčíkovo;93005;Okres Dunajská Streda;Trnavský samosprávny kraj;;;;e-VUC;Novy
62-53135059-A0002;62-53135059-A0002;;Ambulancia zubného lekárstva, Trhová Hradská;hordent s.r.o.;Zubné lekárstvo;Farský Rad 534/7;Trhová Hradská;93013;Okres Dunajská Streda;Trnavský samosprávny kraj;;;;e-VUC;Novy
62-53677978-A0002;62-53677978-A0002;;Ambulancia zubného lekárstva, Dunajská Streda;Creative Dental Clinic, s.r.o.;Zubné lekárstvo;Veľkoblahovská cesta 67/23;Dunajská Streda;92901;Okres Dunajská Streda;Trnavský samosprávny kraj;;;;e-VUC;Novy
62-48325309-A0002;62-48325309-A0002;;Ambulancia zubného lekárstva, Šamorín;MDDr. Branislava Pírková, s. r. o.;Zubné lekárstvo, Dentoalveolárna chirurgia;Školská 1748/33A;Šamorín;93101;Okres Dunajská Streda;Trnavský samosprávny kraj;;;;e-VUC;Novy
62-53665546-A0001;62-53665546-A0001;;Ambulancia zubného lekárstva, Lehnice;Dr. Martin Lehnice s.r.o.;Zubné lekárstvo;Lehnice 15;Lehnice;93037;Okres Dunajská Streda;Trnavský samosprávny kraj;;;;e-VUC;Novy
51-36866709-A0002;51-36866709-A0002;;Ambulancia zubného lekárstva, Šamorín;Dentes+ s.r.o.;Zubné lekárstvo;Hlavná 810/50;Šamorín;93101;Okres Dunajská Streda;Trnavský samosprávny kraj;;;;e-VUC;Novy
62-53677978-A0001;62-53677978-A0001;;Ambulancia zubného lekárstva, MDDr. Norbert Busnyák, Dunajská Streda;Creative Dental Clinic, s.r.o.;Zubné lekárstvo;Veľkoblahovská cesta 67/23;Dunajská Streda;92901;Okres Dunajská Streda;Trnavský samosprávny kraj;;;;e-VUC;Novy
62-45606323-A0001;62-45606323-A0001;;Ambulancia zubného lekárstva, Dunajská Streda;Clinica dentale, s. r. o.;Zubné lekárstvo;Hlavná 23/3;Dunajská Streda;92901;Okres Dunajská Streda;Trnavský samosprávny kraj;;;;e-VUC;Novy
62-53547900-A0001;62-53547900-A0001;;Ambulancia zubného lekárstva, Čiližská Radvaň;TomStom, s. r. o.;Zubné lekárstvo;Zdravotné stredisko, Čiližská Radvaň 283;Čiližská Radvaň;93008;Okres Dunajská Streda;Trnavský samosprávny kraj;;;;e-VUC;Novy
62-53406737-A0001;62-53406737-A0001;;Ambulancia zubného lekárstva, Šamorín;MUDr. Hausnerová Dent s. r. o.;Zubné lekárstvo;Školská 985/35;Šamorín;93101;Okres Dunajská Streda;Trnavský samosprávny kraj;;;;e-VUC;Novy
62-53233077-A0001;62-53233077-A0001;;Ambulancia zubného lekárstva, Dunajská Streda;DentalARTists, s. r. o.;Zubné lekárstvo, Dentoalveolárna chirurgia;Hlavná 326/23;Dunajská Streda;92901;Okres Dunajská Streda;Trnavský samosprávny kraj;;;;e-VUC;Novy
62-53135059-A0001;62-53135059-A0001;;Ambulancia zubného lekárstva, Trhová Hradská;hordent s.r.o.;Zubné lekárstvo;Farský Rad 534/7;Trhová Hradská;93013;Okres Dunajská Streda;Trnavský samosprávny kraj;;;;e-VUC;Novy
62-41339479-A0001;62-41339479-A0001;;Ambulancia dentálnej hygieny, Šamorín;Silvia Vittgrúberová;Dentálna hygiena;Hlavná 833/31;Šamorín;93101;Okres Dunajská Streda;Trnavský samosprávny kraj;;;;e-VUC;Novy
62-47563427-A0002;62-47563427-A0002;;Ambulancia zubného lekárstva, Dunajská Streda;PRO-DENTAL s.r.o.;Zubné lekárstvo;Ulica M.R.Štefánika 982/5;Dunajská Streda;92901;Okres Dunajská Streda;Trnavský samosprávny kraj;;;;e-VUC;Novy
62-36276359-A0005;62-36276359-A0005;;Ambulancia dentálnej hygieny, Dunajská Streda;AXIS-DENT, s.r.o.;Dentálna hygiena;Veľkoblahovská cesta 1063/5;Dunajská Streda;92901;Okres Dunajská Streda;Trnavský samosprávny kraj;;;;e-VUC;Novy
62-36276359-A0006;62-36276359-A0006;;Ambulancia zubného lekárstva, Dunajská Streda;AXIS-DENT, s.r.o.;Zubné lekárstvo, Dentoalveolárna chirurgia;Veľkoblahovská cesta 1063/5;Dunajská Streda;92901;Okres Dunajská Streda;Trnavský samosprávny kraj;;;;e-VUC;Novy
62-52175600-A0001;62-52175600-A0001;;Ambulancia zubného lekárstva, Gabčíkovo;HKD FamilyDent s.r.o.;Zubné lekárstvo;Továrenská 531/32;Gabčíkovo;93005;Okres Dunajská Streda;Trnavský samosprávny kraj;;;;e-VUC;Novy
62-47591277-A0001;62-47591277-A0001;;Ambulancia zubného lekárstva, Holice;LUNADENT, spol. s r.o.;Zubné lekárstvo;Obvodné zdravotné stredisko, Póšfa 126;Holice;93034;Okres Dunajská Streda;Trnavský samosprávny kraj;;;;e-VUC;Novy
62-51949059-A0001;62-51949059-A0001;;Ambulancia zubného lekárstva, MDDr. Kristína Kohútová, Šamorín;Dentafix, s.r.o.;Zubné lekárstvo, Dentoalveolárna chirurgia;Školská 1748/33A;Šamorín;93101;Okres Dunajská Streda;Trnavský samosprávny kraj;;;;e-VUC;Novy
62-57605378-A0001;62-57605378-A0001;;Ambulancia zubného lekárstva, Sládkovičovo;Dentixx s. r. o.;Zubné lekárstvo;J. Dalloša 1354/30;Sládkovičovo;92521;Okres Galanta;Trnavský samosprávny kraj;;;;e-VUC;Novy
51-37841327-A0002;51-37841327-A0002;;Ambulancia dentálnej hygieny-LillDent, Veľké Úľany;Bc. Erika Uhrincová;Dentálna hygiena;Sadová 687/3;Veľké Úľany;92522;Okres Galanta;Trnavský samosprávny kraj;;;;e-VUC;Novy
62-36276359-A0008;62-36276359-A0008;;Ambulancia dentálnej hygieny, Galanta;AXIS-DENT, s.r.o.;Dentálna hygiena;Ulica kpt. Nálepku 726/11;Galanta;92401;Okres Galanta;Trnavský samosprávny kraj;;;;e-VUC;Novy
62-56803061-A0001;62-56803061-A0001;;Ambulancia zubného lekárstva, Galanta;DARA medic s. r. o.;Zubné lekárstvo;od 26.08.2026 do 28.08.2026;;;Okres Galanta;Trnavský samosprávny kraj;;;;e-VUC;Novy
62-47225742-A0002;62-47225742-A0002;;Ambulancia zubného lekárstva, Sereď;Dental harmony s.r.o.;Zubné lekárstvo, Dentoalveolárna chirurgia;Štefana Moyzesa 2720/26;Sereď;92601;Okres Galanta;Trnavský samosprávny kraj;;;;e-VUC;Novy
62-53271637-A0001;62-53271637-A0001;;Ambulancia zubného lekárstva, Sereď;MDDr. Jozef Ďuriš;Zubné lekárstvo;Námestie slobody 4283/36B;Sereď;92601;Okres Galanta;Trnavský samosprávny kraj;;;;e-VUC;Novy
62-55374999-A0001;62-55374999-A0001;;ComfyDent zubná ambulancia, Sereď;ComfyDent s. r. o.;Zubné lekárstvo;M.R. Štefánika 2997;Sereď;92601;Okres Galanta;Trnavský samosprávny kraj;;;;e-VUC;Novy
62-55496318-A0001;62-55496318-A0001;;Ambulancia zubného lekárstva, Šintava;Protego Dent s. r. o.;Zubné lekárstvo;Mierové námestie 6;Šintava;92551;Okres Galanta;Trnavský samosprávny kraj;;;;e-VUC;Novy
62-55209718-A0001;62-55209718-A0001;;Ambulancia dentálnej hygieny, Galanta;Dental-spa s. r. o.;Dentálna hygiena;Hodská ulica 2441/151;Galanta;92401;Okres Galanta;Trnavský samosprávny kraj;;;;e-VUC;Novy
62-54838614-A0001;62-54838614-A0001;;Ambulancia zubného lekárstva, Mostová;ÚSMEV MA s. r. o.;Zubné lekárstvo;Mostová 138;Mostová;92507;Okres Galanta;Trnavský samosprávny kraj;;;;e-VUC;Novy
62-45295611-A0003;62-45295611-A0003;;Ambulancia zubného lekárstva, Galanta;Zentist s. r. o.;Zubné lekárstvo;Ulica Karola Duchoňa 2438/9B;Galanta;92401;Okres Galanta;Trnavský samosprávny kraj;;;;e-VUC;Novy
62-54152607-A0001;62-54152607-A0001;;Ambulancia zubného lekárstva, Galanta;ZUBGA s.r.o.;Zubné lekárstvo;ulica kpt. Nálepku 727/13;Galanta;92401;Okres Galanta;Trnavský samosprávny kraj;;;;e-VUC;Novy
62-52070549-A0001;62-52070549-A0001;;Ambulancia zubného lekárstva, Galanta;Pavel Harbuz;Zubné lekárstvo;Hodská 373/38;Galanta;92401;Okres Galanta;Trnavský samosprávny kraj;;;;e-VUC;Novy
62-45295611-A0002;62-45295611-A0002;;Ambulancia dentálnej hygieny, Galanta;Zentist s. r. o.;Dentálna hygiena;Ulica Karola Duchoňa 2438/9B;Galanta;92401;Okres Galanta;Trnavský samosprávny kraj;;;;e-VUC;Novy
62-53532180-A0001;62-53532180-A0001;;Ambulancia zubného lekárstva, Veľký Grob;PolaDent s.r.o.;Zubné lekárstvo;, do 10h;;;Okres Galanta;Trnavský samosprávny kraj;;;;e-VUC;Novy
62-53532180-A0002;62-53532180-A0002;;Ambulancia zubného lekárstva, Pusté Úľany;PolaDent s.r.o.;Zubné lekárstvo;Hlavná 92/54;Pusté Úľany;92528;Okres Galanta;Trnavský samosprávny kraj;;;;e-VUC;Novy
51-36060330-A0002;51-36060330-A0002;;Ambulancia zubného lekárstva, Mostová;MUDr. Adalbert Robert Krump;Zubné lekárstvo;Mostová 120;Mostová;92507;Okres Galanta;Trnavský samosprávny kraj;;;;e-VUC;Novy
62-53078624-A0001;62-53078624-A0001;;Ambulancia zubného lekárstva, Trstice;MENTA-DENT s. r. o.;Zubné lekárstvo;Trstice 900;Trstice;92542;Okres Galanta;Trnavský samosprávny kraj;;;;e-VUC;Novy
62-44709943-A0003;62-44709943-A0003;;Ambulancia zubného lekárstva, Galanta;NEODENTAL s.r.o.;Zubné lekárstvo;Švermova 269/13;Galanta;92401;Okres Galanta;Trnavský samosprávny kraj;;;;e-VUC;Novy
62-52528073-A0001;62-52528073-A0001;;Ambulancia zubného lekárstva, Galanta;Smile SV group s. r. o.;Zubné lekárstvo;Bratislavská 89;Galanta;92401;Okres Galanta;Trnavský samosprávny kraj;;;;e-VUC;Novy
62-52580890-A0001;62-52580890-A0001;;Ambulancia zubného lekárstva, Sereď;Dental symphony s.r.o.;Zubné lekárstvo, Dentoalveolárna chirurgia;Štefana Moyzesa 2720/26;Sereď;92601;Okres Galanta;Trnavský samosprávny kraj;;;;e-VUC;Novy
62-51245931-A0001;62-51245931-A0001;;Ambulancia zubného lekárstva, MUDr.Marta Pasiartová, Galanta;PM DENT, s.r.o.;Zubné lekárstvo;Nemocnica s poliklinikou Sv. Lukáša Galanta, a.s., Hodská 373/38;Galanta;92401;Okres Galanta;Trnavský samosprávny kraj;;;;e-VUC;Novy
62-51248506-A0001;62-51248506-A0001;;Ambulancia zubného lekárstva, Galanta;DUMA DENT, s.r.o.;Zubné lekárstvo;Hodská 373/38;Galanta;92422;Okres Galanta;Trnavský samosprávny kraj;;;;e-VUC;Novy
62-51486334-A0001;62-51486334-A0001;;Ambulancia zubného lekárstva, Sereď;Profi Dent s.r.o.;Zubné lekárstvo;Mestská poliklinika Sereď, Ivana Krasku 2464/38;Sereď;92601;Okres Galanta;Trnavský samosprávny kraj;;;;e-VUC;Novy
62-51297311-A0001;62-51297311-A0001;;Ambulancia dentálnej hygieny, Sereď;Martina Kayserová;Dentálna hygiena;Hornomajerská 1229/6;Sereď;92601;Okres Galanta;Trnavský samosprávny kraj;;;;e-VUC;Novy
62-46042415-A0001;62-46042415-A0001;;Ambulancia zubného lekárstva, Galanta;MUDr. Zuzana Bozalková, s.r.o.;Zubné lekárstvo;Hodská 3161/99;Galanta;92401;Okres Galanta;Trnavský samosprávny kraj;;;;e-VUC;Novy
62-42290287-A0002;62-42290287-A0002;;Ambulancia zubného lekárstva, Jelka;MUDr. Mária Hoffer;Zubné lekárstvo;Školská 399/1;Jelka;92523;Okres Galanta;Trnavský samosprávny kraj;;;;e-VUC;Novy
62-31161316-A0002;62-31161316-A0002;;Ambulancia zubného lekárstva, Tomášikovo;MUDr. Katarína Csölleová;Zubné lekárstvo;Tomášikovo 379;Tomášikovo;92504;Okres Galanta;Trnavský samosprávny kraj;;;;e-VUC;Novy
62-36276979-A0017;62-36276979-A0017;;Ambulancia zubného lekárstva, Sereď;Emadent s.r.o.;Zubné lekárstvo;Šintavská 4572/15;Sereď;92601;Okres Galanta;Trnavský samosprávny kraj;;;;e-VUC;Novy
62-56191669-A0001;62-56191669-A0001;;Ambulancia zubného lekárstva, Hlohovec;Sandra Dent s.r.o.;Zubné lekárstvo;Nábrežie A.Hlinku 69/27;Hlohovec;92001;Okres Hlohovec;Trnavský samosprávny kraj;;;;e-VUC;Novy
62-47574143-A0005;62-47574143-A0005;;Ambulancia zubného lekárstva, Dvorníky;EuroDent s.r.o.;Zubné lekárstvo;Dvorníky 6;Dvorníky;92056;Okres Hlohovec;Trnavský samosprávny kraj;;;;e-VUC;Novy
62-50659758-A0004;62-50659758-A0004;;Ambulancia dentálnej hygieny, Hlohovec;Andel Dental, s.r.o.;Dentálna hygiena;R.Dilonga 2619/1;Hlohovec;92001;Okres Hlohovec;Trnavský samosprávny kraj;;;;e-VUC;Novy
62-40033091-A0001;62-40033091-A0001;;Ambulancia zubného lekárstva, Hlohovec;MUDr. Roman Martončík;Zubné lekárstvo;Nábrežie A.Hlinku 69/27;Hlohovec;92001;Okres Hlohovec;Trnavský samosprávny kraj;;;;e-VUC;Novy
62-50659758-A0002;62-50659758-A0002;;Ambulancia zubného lekárstva, Hlohovec;Andel Dental, s.r.o.;Zubné lekárstvo;R.Dilonga 2619/1;Hlohovec;92001;Okres Hlohovec;Trnavský samosprávny kraj;;;;e-VUC;Novy
62-52126951-A0001;62-52126951-A0001;;Ambulancia zubného lekárstva, Hlohovec;A2 dent, s.r.o.;Zubné lekárstvo, Dentoalveolárna chirurgia;R.Dilonga 2619/1;Hlohovec;92001;Okres Hlohovec;Trnavský samosprávny kraj;;;;e-VUC;Novy
62-51191466-A0001;62-51191466-A0001;;Ambulancia zubného lekárstva, Hlohovec;IMODENT, s.r.o.;Zubné lekárstvo;Nábrežie A.Hlinku 4004/28;Hlohovec;92001;Okres Hlohovec;Trnavský samosprávny kraj;;;;e-VUC;Novy
51-00738301-A0067;51-00738301-A0067;;Ambulancia zubného lekárstva, Leopoldov;Nemocnica pre obvinených a odsúdených a Ústav na výkon trestu odňatia slobody;Zubné lekárstvo;ÚVTOS a ÚVV, Gucmanova 19/670;Leopoldov;92041;Okres Hlohovec;Trnavský samosprávny kraj;;;;e-VUC;Novy
62-36859931-A0001;62-36859931-A0001;;Ambulancia zubného lekárstva, Hlohovec;SISKA DENT, s.r.o.;Zubné lekárstvo;Hurbanova 660/82;Hlohovec;92001;Okres Hlohovec;Trnavský samosprávny kraj;;;;e-VUC;Novy
62-46427813-A0002;62-46427813-A0002;;Ambulancia zubného lekárstva, Leopoldov;ProDentes, s. r. o.;Zubné lekárstvo;1.mája 386/11;Leopoldov;92041;Okres Hlohovec;Trnavský samosprávny kraj;;;;e-VUC;Novy
62-36367125-A0001;62-36367125-A0001;;Ambulancia zubného lekárstva, Leopoldov;PerMat s.r.o.;Zubné lekárstvo;, Akutne stavy budu osetrene po telefonickom dohovore v Trnave Arboria Zubna pohotovost 0948131080;;;Okres Hlohovec;Trnavský samosprávny kraj;;;;e-VUC;Novy
51-35756152-A0001;51-35756152-A0001;;Ambulancia zubného lekárstva, Hlohovec;ORTODONCIA KLOSTERMANN, s.r.o.;Zubné lekárstvo;Nábrežie A.Hlinku 69/27;Hlohovec;92001;Okres Hlohovec;Trnavský samosprávny kraj;;;;e-VUC;Novy
62-31206514-A0001;62-31206514-A0001;;Ambulancia zubného lekárstva, Hlohovec;MUDr. Vladimír Bardiovský;Zubné lekárstvo;Jesenského 863/37;Hlohovec;92001;Okres Hlohovec;Trnavský samosprávny kraj;;;;e-VUC;Novy
62-34026991-A0001;62-34026991-A0001;;Ambulancia zubného lekárstva, Hlohovec;MUDr. Jaroslav Kosík;Zubné lekárstvo;Nám.sv.Michala 21/24;Hlohovec;92001;Okres Hlohovec;Trnavský samosprávny kraj;;;;e-VUC;Novy
62-31209971-A0001;62-31209971-A0001;;Ambulancia zubného lekárstva, Hlohovec;MUDr. Ivan Kukla;Zubné lekárstvo;Nábrežie A.Hlinku 69/27;Hlohovec;92001;Okres Hlohovec;Trnavský samosprávny kraj;;;;e-VUC;Novy
62-31208321-A0001;62-31208321-A0001;;Ambulancia zubného lekárstva, Hlohovec;MUDr. Alexandra Pekarovičová;Zubné lekárstvo;Nábrežie A.Hlinku 69/27;Hlohovec;92001;Okres Hlohovec;Trnavský samosprávny kraj;;;;e-VUC;Novy
62-36857530-A0001;62-36857530-A0001;;Ambulancia zubného lekárstva, Hlohovec;ESTHE, s.r.o.;Zubné lekárstvo;Zábranie 191/42;Hlohovec;92001;Okres Hlohovec;Trnavský samosprávny kraj;;;;e-VUC;Novy
62-36255271-A0001;62-36255271-A0001;;Ambulancia zubného lekárstva, Dvorníky;DENTIN CENTRUM, s.r.o.;Zubné lekárstvo;Dvorníky 6;Dvorníky;92056;Okres Hlohovec;Trnavský samosprávny kraj;;;;e-VUC;Novy
62-36275450-A0001;62-36275450-A0001;;Ambulancia zubného lekárstva, MDDr. Diana Lekešová, Leopoldov;BS DENT, s.r.o.;Zubné lekárstvo;1.mája 386/11;Leopoldov;92041;Okres Hlohovec;Trnavský samosprávny kraj;;;;e-VUC;Novy
62-36274518-A0001;62-36274518-A0001;;Ambulancia zubného lekárstva, Hlohovec;BB Dent, spol. s r.o.;Zubné lekárstvo;Gorkého 1970/32;Hlohovec;92001;Okres Hlohovec;Trnavský samosprávny kraj;;;;e-VUC;Novy
62-36674583-A0003;62-36674583-A0003;;Ambulancia zubného lekárstva, Trakovice;Aspadit Dental, spol. s r.o.;Zubné lekárstvo;ObZS Trakovice, Trakovice 210;Trakovice;91933;Okres Hlohovec;Trnavský samosprávny kraj;;;;e-VUC;Novy
62-55060552-A0001;62-55060552-A0001;;Ambulancia zubného lekárstva, Piešťany;Brovdi s.r.o.;Zubné lekárstvo, Dentoalveolárna chirurgia, Implantológia;, Neprítomnosť lekára. Zubný asistent a recepcia je prítomná. Pre rezerváciu termínov nás prosím kontaktujte na tel. čísle 0905 154 111. Ďakujeme za pochopenie.;;;Okres Piešťany;Trnavský samosprávny kraj;;;;e-VUC;Novy
51-55329748-A0004;51-55329748-A0004;;Ambulancia zubného lekárstva, Piešťany;ImplantClinic s. r. o.;Zubné lekárstvo, Dentoalveolárna chirurgia, Implantológia;Teplická 2301/84;Piešťany;92101;Okres Piešťany;Trnavský samosprávny kraj;;;;e-VUC;Novy
51-55329748-A0005;51-55329748-A0005;;Ambulancia zubného lekárstva, Piešťany;ImplantClinic s. r. o.;Zubné lekárstvo, Dentoalveolárna chirurgia, Implantológia;Teplická 2301/84;Piešťany;92101;Okres Piešťany;Trnavský samosprávny kraj;;;;e-VUC;Novy
51-55329748-A0006;51-55329748-A0006;;Ambulancia zubného lekárstva, Piešťany;ImplantClinic s. r. o.;Zubné lekárstvo, Dentoalveolárna chirurgia, Implantológia;Teplická 2301/84;Piešťany;92101;Okres Piešťany;Trnavský samosprávny kraj;;;;e-VUC;Novy
51-55329748-A0007;51-55329748-A0007;;Ambulancia zubného lekárstva, Piešťany;ImplantClinic s. r. o.;Zubné lekárstvo, Dentoalveolárna chirurgia, Implantológia;Teplická 2301/84;Piešťany;92101;Okres Piešťany;Trnavský samosprávny kraj;;;;e-VUC;Novy
51-55329748-A0008;51-55329748-A0008;;Ambulancia zubného lekárstva, Piešťany;ImplantClinic s. r. o.;Zubné lekárstvo, Dentoalveolárna chirurgia, Implantológia;Teplická 2301/84;Piešťany;92101;Okres Piešťany;Trnavský samosprávny kraj;;;;e-VUC;Novy
51-55329748-A0009;51-55329748-A0009;;Ambulancia zubného lekárstva, Piešťany;ImplantClinic s. r. o.;Zubné lekárstvo, Dentoalveolárna chirurgia, Implantológia;Teplická 2301/84;Piešťany;92101;Okres Piešťany;Trnavský samosprávny kraj;;;;e-VUC;Novy
62-54660122-A0002;62-54660122-A0002;;Ambulancia zubného lekárstva, Piešťany;Dr. Martin TT s.r.o.;Zubné lekárstvo;Kúpeľný ostrov 13;Piešťany;92101;Okres Piešťany;Trnavský samosprávny kraj;;;;e-VUC;Novy
62-55362036-A0002;62-55362036-A0002;;Ambulancia zubného lekárstva, Piešťany;Be White s.r.o.;Zubné lekárstvo;Nám. slobody 1705/11;Piešťany;92101;Okres Piešťany;Trnavský samosprávny kraj;;;;e-VUC;Novy
62-55362036-A0001;62-55362036-A0001;;Ambulancia zubného lekárstva, MDDr. Viktória Nôtová, Piešťany;Be White s.r.o.;Zubné lekárstvo;Nám. slobody 1705/11;Piešťany;92101;Okres Piešťany;Trnavský samosprávny kraj;;;;e-VUC;Novy
62-36655163-A0002;62-36655163-A0002;;Ambulancia zubného lekárstva, Banka;SMILE AREA s.r.o.;Zubné lekárstvo;Kamenná 4973/22;Banka;92101;Okres Piešťany;Trnavský samosprávny kraj;;;;e-VUC;Novy
62-55874215-A0001;62-55874215-A0001;;Ambulancia zubného lekárstva, Volodymyr Khariuk, Piešťany;DaDent s. r. o.;Zubné lekárstvo, Dentoalveolárna chirurgia, Implantológia;, Zastupujúce ambulancie od 14.8 - do 21.8.2026 La clinic s.r.o. (MDDr. Kolbík Lukáš, tel.č. 033/7729748) od 24.8 do 31.8.2026 ESTETIK DENTAL s.r.o.(Kybych Igor, tel.č. 033/7626003;;;Okres Piešťany;Trnavský samosprávny kraj;;;;e-VUC;Novy
62-54152607-A0003;62-54152607-A0003;;Ambulancia zubného lekárstva, Piešťany;ZUBGA s.r.o.;Zubné lekárstvo;Winterova 1745/41;Piešťany;92101;Okres Piešťany;Trnavský samosprávny kraj;;;;e-VUC;Novy
62-54152607-A0002;62-54152607-A0002;;Ambulancia zubného lekárstva, Piešťany;ZUBGA s.r.o.;Zubné lekárstvo;Winterova 1745/41;Piešťany;92101;Okres Piešťany;Trnavský samosprávny kraj;;;;e-VUC;Novy
62-36986003-A0001;62-36986003-A0001;;Ambulancia zubného lekárstva, Piešťany;MUDr. Ronald Jurga;Zubné lekárstvo;Štefánikova 1215/111;Piešťany;92101;Okres Piešťany;Trnavský samosprávny kraj;;;;e-VUC;Novy
62-54540186-A0001;62-54540186-A0001;;Ambulancia zubného lekárstva, Piešťany;AMA DENTAL s.r.o.;Zubné lekárstvo;Vajanského 1955/58;Piešťany;92101;Okres Piešťany;Trnavský samosprávny kraj;;;;e-VUC;Novy
62-54375967-A0001;62-54375967-A0001;;Ambulancia zubného lekárstva, Piešťany;Stomatológia LS s. r. o.;Zubné lekárstvo;Chalupkova 2177/10;Piešťany;92101;Okres Piešťany;Trnavský samosprávny kraj;;;;e-VUC;Novy
51-48108472-A0001;51-48108472-A0001;;Ambulancia zubného lekárstva, Piešťany;RK - dental, s.r.o.;Zubné lekárstvo;Nálepkova 1830/12;Piešťany;92101;Okres Piešťany;Trnavský samosprávny kraj;;;;e-VUC;Novy
62-52802060-A0001;62-52802060-A0001;;Ambulancia zubného lekárstva, Vrbové;EuroDent Vrbové s. r. o.;Zubné lekárstvo;Jána Zigmundíka 293/1;Vrbové;92203;Okres Piešťany;Trnavský samosprávny kraj;;;;e-VUC;Novy
62-52241912-A0001;62-52241912-A0001;;Ambulancia zubného lekárstva, Piešťany;La clinic s.r.o.;Zubné lekárstvo;Nálepkova 1830/12;Piešťany;92101;Okres Piešťany;Trnavský samosprávny kraj;;;;e-VUC;Novy
62-52479277-A0001;62-52479277-A0001;;Ambulancia dentálnej hygieny, Veselé;Silvia Zavilla, dipl.d.h.;Dentálna hygiena;Veselé 53;Veselé;92208;Okres Piešťany;Trnavský samosprávny kraj;;;;e-VUC;Novy
62-36654744-A0002;62-36654744-A0002;;Ambulancia zubného lekárstva, Piešťany;YacoubDent s.r.o.;Zubné lekárstvo, Dentoalveolárna chirurgia;Bratislavská 2830/53;Piešťany;92101;Okres Piešťany;Trnavský samosprávny kraj;;;;e-VUC;Novy
62-42067537-A0001;62-42067537-A0001;;Ambulancia zubného lekárstva, Piešťany;MUDr. Daniel Ševčík;Zubné lekárstvo;Nálepkova 1830/12;Piešťany;92101;Okres Piešťany;Trnavský samosprávny kraj;;;;e-VUC;Novy
62-50244469-A0001;62-50244469-A0001;;Ambulancia zubného lekárstva, Piešťany;Ambulancia K-DENT, s.r.o.;Zubné lekárstvo;Nálepkova 1830/12;Piešťany;92101;Okres Piešťany;Trnavský samosprávny kraj;;;;e-VUC;Novy
62-51428636-A0001;62-51428636-A0001;;Ambulancia zubného lekárstva, Piešťany;MUDr. Milan Brežný;Zubné lekárstvo;Winterova 1744/39;Piešťany;92101;Okres Piešťany;Trnavský samosprávny kraj;;;;e-VUC;Novy
62-45924945-A0001;62-45924945-A0001;;Ambulancia dentálnej hygieny, Piešťany;AZ Dental s.r.o.;Dentálna hygiena;Kollárova 1642/6;Piešťany;92101;Okres Piešťany;Trnavský samosprávny kraj;;;;e-VUC;Novy
62-50475444-A0001;62-50475444-A0001;;Ambulancia zubného lekárstva, Vrbové;CaPrident s.r.o.;Zubné lekárstvo;Jána Zigmundíka 293/1;Vrbové;92203;Okres Piešťany;Trnavský samosprávny kraj;;;;e-VUC;Novy
62-36222461-A0001;62-36222461-A0001;;Ambulancia zubného lekárstva, Chtelnica;EuroDent Chtelnica s. r. o.;Zubné lekárstvo;Námestie 1.mája 1/1;Chtelnica;92205;Okres Piešťany;Trnavský samosprávny kraj;;;;e-VUC;Novy
62-52416208-A0003;62-52416208-A0003;;Ambulancia zubného lekárstva, Senica;BUTsMANDent s.r.o.;Zubné lekárstvo;Hurbanova 2564/14A;Senica;90501;Okres Senica;Trnavský samosprávny kraj;;;;e-VUC;Novy
62-56521863-A0001;62-56521863-A0001;;Ambulancia zubného lekárstva, Jablonica;IDM SK, s.r.o.;Zubné lekárstvo, Dentoalveolárna chirurgia;Jablonica 733;Jablonica;90632;Okres Senica;Trnavský samosprávny kraj;;;;e-VUC;Novy
62-55738281-A0001;62-55738281-A0001;;Ambulancia zubného lekárstva, Moravský Svätý Ján;OrenZahn s. r. o.;Zubné lekárstvo, Dentoalveolárna chirurgia;Moravský Svätý Ján 10;Moravský Svätý Ján;90871;Okres Senica;Trnavský samosprávny kraj;;;;e-VUC;Novy
62-50366572-A0002;62-50366572-A0002;;Ambulancia zubného lekárstva, Senica;Dentadent s.r.o.;Zubné lekárstvo;Hurbanova 2944/40D;Senica;90501;Okres Senica;Trnavský samosprávny kraj;;;;e-VUC;Novy
62-50366572-A0003;62-50366572-A0003;;Ambulancia dentálnej hygieny, Senica;Dentadent s.r.o.;Dentálna hygiena;Hurbanova 2944/40D;Senica;90501;Okres Senica;Trnavský samosprávny kraj;;;;e-VUC;Novy
62-55677533-A0001;62-55677533-A0001;;Ambulancia zubného lekárstva, Senica;LumiDent s. r. o.;Zubné lekárstvo;, Žiadame bolestivých pacientov ,aby sa u zastupujucich lekárov hlásili od 8.00 do 10.00. Ďakujeme za pochopenie.;;;Okres Senica;Trnavský samosprávny kraj;;;;e-VUC;Novy
62-54890691-A0001;62-54890691-A0001;;Ambulancia zubného lekárstva, Jablonica;Inštitút dentálnej medicíny IDM s.r.o.;Zubné lekárstvo;Jablonica 733;Jablonica;90632;Okres Senica;Trnavský samosprávny kraj;;;;e-VUC;Novy
62-54826896-A0001;62-54826896-A0001;;Ambulancia zubného lekárstva, Moravský Svätý Ján;Pulpdent s. r. o.;Zubné lekárstvo;Moravský Svätý Ján 12;Moravský Svätý Ján;90871;Okres Senica;Trnavský samosprávny kraj;;;;e-VUC;Novy
62-52416208-A0002;62-52416208-A0002;;Ambulancia zubného lekárstva, Jablonica;BUTsMANDent s.r.o.;Zubné lekárstvo;Jablonica 733;Jablonica;90632;Okres Senica;Trnavský samosprávny kraj;;;;e-VUC;Novy
62-54600391-A0001;62-54600391-A0001;;Ambulancia dentálnej hygieny, Šaštín-Stráže;Bc. Lucia Holúbková;Dentálna hygiena;Nám. Slobody 849/4;Šaštín-Stráže;90841;Okres Senica;Trnavský samosprávny kraj;;;;e-VUC;Novy
62-52416208-A0001;62-52416208-A0001;;Ambulancia zubného lekárstva, Dojč;BUTsMANDent s.r.o.;Zubné lekárstvo;Dojč 137;Dojč;90602;Okres Senica;Trnavský samosprávny kraj;;;;e-VUC;Novy
62-52955460-A0001;62-52955460-A0001;;Ambulancia zubného lekárstva, Senica;DeKa - dent, s.r.o.;Zubné lekárstvo;Štefánikova 1435/74;Senica;90501;Okres Senica;Trnavský samosprávny kraj;;;;e-VUC;Novy
62-52722236-A0001;62-52722236-A0001;;Dental Factory s.r.o., Senica;Dental Factory s. r. o.;Zubné lekárstvo;Sotinská 1577/1B;Senica;90501;Okres Senica;Trnavský samosprávny kraj;;;;e-VUC;Novy
62-43806333-A0003;62-43806333-A0003;;Ambulancia zubného lekárstva, Senica;JORDENT, s.r.o.;Zubné lekárstvo;Sotinská 1588/1;Senica;90501;Okres Senica;Trnavský samosprávny kraj;;;;e-VUC;Novy
62-52339891-A0001;62-52339891-A0001;;Ambulancia zubného lekárstva, MDDr. Rastislav Kostelný, Senica;Nice Smile s.r.o.;Zubné lekárstvo;Hurbanova 2941/40a;Senica;90501;Okres Senica;Trnavský samosprávny kraj;;;;e-VUC;Novy
62-47574143-A0004;62-47574143-A0004;;Ambulancia zubného lekárstva, Kúty;EuroDent s.r.o.;Zubné lekárstvo;Štefánikova 1030/73;Kúty;90801;Okres Senica;Trnavský samosprávny kraj;;;;e-VUC;Novy
62-51779196-A0001;62-51779196-A0001;;Ambulancia zubného lekárstva, Senica;ORGO- DENT s.r.o.;Zubné lekárstvo;Štefánikova 1597/11A;Senica;90501;Okres Senica;Trnavský samosprávny kraj;;;;e-VUC;Novy
62-51752514-A0001;62-51752514-A0001;;Ambulancia zubného lekárstva, Senica;BEVE DENT s.r.o.;Zubné lekárstvo;Poliklinika Senica, Sotinská 1588/1;Senica;90501;Okres Senica;Trnavský samosprávny kraj;;;;e-VUC;Novy
62-47574143-A0002;62-47574143-A0002;;Ambulancia zubného lekárstva, Jablonica;EuroDent s.r.o.;Zubné lekárstvo;Jablonica 733;Jablonica;90632;Okres Senica;Trnavský samosprávny kraj;;;;e-VUC;Novy
62-50784129-A0001;62-50784129-A0001;;Ambulancia zubného lekárstva, Senica;DENTAL BB s.r.o.;Zubné lekárstvo;Sotinská 1588/1;Senica;90501;Okres Senica;Trnavský samosprávny kraj;;;;e-VUC;Novy
62-46006150-A0001;62-46006150-A0001;;Ambulancia zubného lekárstva, MDDr. Katarína Miklošová, Borský Mikuláš;MK-manim, s. r. o.;Zubné lekárstvo;Obvodné zdravotné stredisko, Hurbanova 11/12;Borský Mikuláš;90877;Okres Senica;Trnavský samosprávny kraj;;;;e-VUC;Novy
51-46997041-A0002;51-46997041-A0002;;Ambulancia zubného lekárstva, MUDr. Nadežda Petergáčová, Borský Svätý Jur;STOMAPET, s.r.o.;Zubné lekárstvo;Obvodné zdravotné stredisko Borský Svätý Jur, SNP 60;Borský Svätý Jur;90879;Okres Senica;Trnavský samosprávny kraj;;;;e-VUC;Novy
62-50366572-A0001;62-50366572-A0001;;Ambulancia zubného lekárstva, Senica;Dentadent s.r.o.;Zubné lekárstvo;, Zastupujúci lekár pre akútne stavy do 10:00h MUDr. Karpenko LumiDent s.r.o.;;;Okres Senica;Trnavský samosprávny kraj;;;;e-VUC;Novy
62-45383634-A0001;62-45383634-A0001;;Ambulancia zubného lekárstva, Senica;P&B DENT, s.r.o.;Zubné lekárstvo;Štefánikova 1597/11A;Senica;90501;Okres Senica;Trnavský samosprávny kraj;;;;e-VUC;Novy
62-37845748-A0001;62-37845748-A0001;;Ambulancia zubného lekárstva, Senica;MUDr. Zuzana Žilineková;Zubné lekárstvo;Jozefa Závodského 2605/2;Senica;90501;Okres Senica;Trnavský samosprávny kraj;;;;e-VUC;Novy
62-34048031-A0001;62-34048031-A0001;;Ambulancia zubného lekárstva, Šaštín-Stráže;MUDr. Oľga Šipoldová;Zubné lekárstvo;Nám. Slobody 849/4;Šaštín-Stráže;90841;Okres Senica;Trnavský samosprávny kraj;;;;e-VUC;Novy
62-31191851-A0001;62-31191851-A0001;;Ambulancia zubného lekárstva, Senica;MUDr. Oľga Guzyová;Zubné lekárstvo;Poliklinika, Sotinská 1588/1;Senica;90501;Okres Senica;Trnavský samosprávny kraj;;;;e-VUC;Novy
62-31191541-A0001;62-31191541-A0001;;Ambulancia zubného lekárstva, Senica;MUDr. Mária Brichtová;Zubné lekárstvo;Štefánikova 1597/11A;Senica;90501;Okres Senica;Trnavský samosprávny kraj;;;;e-VUC;Novy
62-42159091-A0002;62-42159091-A0002;;Ambulancia zubného lekárstva, Senica;MUDr. Monika Poláková;Zubné lekárstvo, Dentoalveolárna chirurgia, Choroby slizníc ústnej dutiny;Štefánikova 1597/11A;Senica;90501;Okres Senica;Trnavský samosprávny kraj;;;;e-VUC;Novy
62-55239749-A0001;62-55239749-A0001;;Ambulancia zubného lekárstva, Holíč;DENTÉE s. r. o.;Zubné lekárstvo, Dentoalveolárna chirurgia;Námestie mieru 242/1;Holíč;90851;Okres Skalica;Trnavský samosprávny kraj;;;;e-VUC;Novy
62-56771681-A0002;62-56771681-A0002;;Ambulancia dentálnej hygieny, Skalica;DENTONE STUDIO s. r. o.;Dentálna hygiena;Vinohradnícka 1354/22;Skalica;90901;Okres Skalica;Trnavský samosprávny kraj;;;;e-VUC;Novy
62-56771681-A0001;62-56771681-A0001;;Ambulancia zubného lekárstva, Skalica;DENTONE STUDIO s. r. o.;Zubné lekárstvo, Dentoalveolárna chirurgia, Implantológia;Vinohradnícka 1354/22;Skalica;90901;Okres Skalica;Trnavský samosprávny kraj;;;;e-VUC;Novy
62-56841876-A0001;62-56841876-A0001;;Ambulancia zubného lekárstva, Skalica;Ora Sana Dent s. r. o.;Zubné lekárstvo, Dentoalveolárna chirurgia;, Akútne stavy;;;Okres Skalica;Trnavský samosprávny kraj;;;;e-VUC;Novy
51-36367745-A0001;51-36367745-A0001;;Ambulancia zubného lekárstva, MDDr. Ján Matúš, Gbely;STOMAT, s.r.o.;Zubné lekárstvo, Dentoalveolárna chirurgia;Švermova 6/16;Gbely;90845;Okres Skalica;Trnavský samosprávny kraj;;;;e-VUC;Novy
62-55472583-A0001;62-55472583-A0001;;Ambulancia zubného lekárstva, doc. Liudmyla Horzov MPH, Skalica;FaMily Dent s.r.o.;Zubné lekárstvo, Dentoalveolárna chirurgia, Implantológia;Škarniclovská 3053/17;Skalica;90901;Okres Skalica;Trnavský samosprávny kraj;;;;e-VUC;Novy
62-36275999-A0006;62-36275999-A0006;;Ambulancia dentálnej hygieny, Holíč;STARDENT, s.r.o.;Dentálna hygiena - zdravotnícke vedy;Hviezdoslavova 430/7;Holíč;90851;Okres Skalica;Trnavský samosprávny kraj;;;;e-VUC;Novy
62-36275999-A0005;62-36275999-A0005;;Ambulancia zubného lekárstva, Holíč;STARDENT, s.r.o.;Zubné lekárstvo;Hviezdoslavova 430/7;Holíč;90851;Okres Skalica;Trnavský samosprávny kraj;;;;e-VUC;Novy
62-47390352-A0008;62-47390352-A0008;;Ambulancia dentálnej hygieny, Holíč;AA Klinik s. r. o.;Dentálna hygiena;Hviezdoslavova 1742/10;Holíč;90885;Okres Skalica;Trnavský samosprávny kraj;;;;e-VUC;Novy
62-47390352-A0003;62-47390352-A0003;;Ambulancia zubného lekárstva, Holíč;AA Klinik s. r. o.;Zubné lekárstvo;Hviezdoslavova 1742/10;Holíč;90885;Okres Skalica;Trnavský samosprávny kraj;;;;e-VUC;Novy
62-47390352-A0004;62-47390352-A0004;;Ambulancia zubného lekárstva, Holíč;AA Klinik s. r. o.;Zubné lekárstvo;Hviezdoslavova 1742/10;Holíč;90885;Okres Skalica;Trnavský samosprávny kraj;;;;e-VUC;Novy
62-47390352-A0005;62-47390352-A0005;;Ambulancia zubného lekárstva, Holíč;AA Klinik s. r. o.;Zubné lekárstvo;Hviezdoslavova 1742/10;Holíč;90885;Okres Skalica;Trnavský samosprávny kraj;;;;e-VUC;Novy
62-50994506-A0001;62-50994506-A0001;;Ambulancia zubného lekárstva, Holíč;Enamel Dent s.r.o.;Zubné lekárstvo;Hviezdoslavova 3023;Holíč;90851;Okres Skalica;Trnavský samosprávny kraj;;;;e-VUC;Novy
62-31449727-A0003;62-31449727-A0003;;Ambulancia zubného lekárstva, Skalica;DENTEX, s.r.o.;Zubné lekárstvo;Námestie slobody 93/17;Skalica;90901;Okres Skalica;Trnavský samosprávny kraj;;;;e-VUC;Novy
62-31449727-A0002;62-31449727-A0002;;Ambulancia zubného lekárstva, Skalica;DENTEX, s.r.o.;Zubné lekárstvo;Námestie slobody 93/17;Skalica;90901;Okres Skalica;Trnavský samosprávny kraj;;;;e-VUC;Novy
62-50216121-A0001;62-50216121-A0001;;Ambulancia dentálnej hygieny, Skalica;Katarína Náterová;Dentálna hygiena;Mazúrova 760/2;Skalica;90901;Okres Skalica;Trnavský samosprávny kraj;;;;e-VUC;Novy
62-36367745-A0001;62-36367745-A0001;;Ambulancia zubného lekárstva, Gbely;STOMAT, s.r.o.;Zubné lekárstvo, Dentoalveolárna chirurgia;Švermova 11/6;Gbely;90845;Okres Skalica;Trnavský samosprávny kraj;;;;e-VUC;Novy
62-36275999-A0001;62-36275999-A0001;;Ambulancia zubného lekárstva, Holíč;STARDENT, s.r.o.;Zubné lekárstvo;Hviezdoslavova 430/7;Holíč;90851;Okres Skalica;Trnavský samosprávny kraj;;;;e-VUC;Novy
62-36220051-A0001;62-36220051-A0001;;Ambulancia zubného lekárstva, MUDr. Dagmara Bridíková, Holíč;BRISTOM s. r. o.;Zubné lekárstvo, Dentoalveolárna chirurgia;Hviezdoslavova 1742/10;Holíč;90851;Okres Skalica;Trnavský samosprávny kraj;;;;e-VUC;Novy
62-42400392-A0001;62-42400392-A0001;;Ambulancia zubného lekárstva, Skalica;MUDr. Ondrej Čuboň;Zubné lekárstvo;Blahova 3164/21;Skalica;90901;Okres Skalica;Trnavský samosprávny kraj;;;;e-VUC;Novy
62-37989260-A0001;62-37989260-A0001;;Ambulancia zubného lekárstva, Kopčany;MUDr. Katarína Dospivová;Zubné lekárstvo;Bratislavská 320;Kopčany;90848;Okres Skalica;Trnavský samosprávny kraj;;;;e-VUC;Novy
62-31191665-A0001;62-31191665-A0001;;Ambulancia zubného lekárstva, Skalica;MUDr. Dušan Čuboň;Zubné lekárstvo;Blahova 3164/21;Skalica;90901;Okres Skalica;Trnavský samosprávny kraj;;;;e-VUC;Novy
62-36266884-A0001;62-36266884-A0001;;Ambulancia zubného lekárstva, Holíč;MEDON s.r.o.;Zubné lekárstvo;Hviezdoslavova 3023;Holíč;90851;Okres Skalica;Trnavský samosprávny kraj;;;;e-VUC;Novy
62-47511630-A0001;62-47511630-A0001;;Ambulancia zubného lekárstva, Skalica;LUVADENT, s.r.o.;Zubné lekárstvo;Mazúrova 760/2;Skalica;90901;Okres Skalica;Trnavský samosprávny kraj;;;;e-VUC;Novy
62-36288748-A0001;62-36288748-A0001;;Ambulancia zubného lekárstva, Skalica;LDC, s.r.o.;Zubné lekárstvo, Dentoalveolárna chirurgia;Hollého 837/18;Skalica;90901;Okres Skalica;Trnavský samosprávny kraj;;;;e-VUC;Novy
62-43806333-A0002;62-43806333-A0002;;Ambulancia zubného lekárstva, Radošovce;JORDENT, s.r.o.;Zubné lekárstvo;zdravotné stredisko, Radošovce 144;Radošovce;90863;Okres Skalica;Trnavský samosprávny kraj;;;;e-VUC;Novy
62-57357692-A0001;62-57357692-A0001;;Ambulancia zubného lekárstva, Trnava;VIP Family Dentistry SK, s. r. o.;Zubné lekárstvo;Ulica Vajanského 8787/37;Trnava;91701;Okres Trnava;Trnavský samosprávny kraj;;;;e-VUC;Novy
62-51319926-A0005;62-51319926-A0005;;Ambulancia zubného lekárstva, Trnava;VIP Family Dentistry s.r.o.;Zubné lekárstvo, Dentoalveolárna chirurgia, Implantológia;Starohájska ulica 6641/8a;Trnava;91701;Okres Trnava;Trnavský samosprávny kraj;;;;e-VUC;Novy
62-56507984-A0001;62-56507984-A0001;;Ambulancia zubného lekárstva, Špačince;Spadent s.r.o.;Zubné lekárstvo;Ulička 301/16;Špačince;91951;Okres Trnava;Trnavský samosprávny kraj;;;;e-VUC;Novy
62-54483646-A0005;62-54483646-A0005;;Ambulancia dentálnej hygieny, Bc. Tímea Škublová, Trnava;Poliklinika Púpava, s. r. o.;Dentálna hygiena - zdravotnícke vedy;Trstínska cesta 682;Trnava;91701;Okres Trnava;Trnavský samosprávny kraj;;;;e-VUC;Novy
62-54483646-A0004;62-54483646-A0004;;Ambulancia zubného lekárstva, MUDr. Irina Navrátilová, Trnava;Poliklinika Púpava, s. r. o.;Zubné lekárstvo;Trstínska cesta 682;Trnava;91701;Okres Trnava;Trnavský samosprávny kraj;;;;e-VUC;Novy
62-55237347-A0001;62-55237347-A0001;;Ambulancia dentálnej hygieny, Trnava;jdh s.r.o.;Dentálna hygiena;Ulica Kapitulská 468/26;Trnava;91701;Okres Trnava;Trnavský samosprávny kraj;;;;e-VUC;Novy
62-56912668-A0002;62-56912668-A0002;;Ambulancia dentálnej hygieny, Trnava;DL DENT s. r. o.;Dentálna hygiena;Rajčurská ulica 7807/12;Trnava;91705;Okres Trnava;Trnavský samosprávny kraj;;;;e-VUC;Novy
62-56912668-A0001;62-56912668-A0001;;Ambulancia zubného lekárstva, MUDr. Daniela Rusnáková , Trnava;DL DENT s. r. o.;Zubné lekárstvo;, AKÚTNE PRÍPADY, BOLESTI - zástup počas dovolenky: 3.8. až 7.8.2026 - MDDr. Slobodníková, Zavar. 10.8. až 14.8.2026 - pohotovosť SK Dental (Arboria Trnava);;;Okres Trnava;Trnavský samosprávny kraj;;;;e-VUC;Novy
51-54718627-A0003;51-54718627-A0003;;Ambulancia zubného lekárstva, Trnava;DENTALPARK PRO s. r. o.;Zubné lekárstvo, Dentoalveolárna chirurgia;Starohájska ulica 6755/2;Trnava;91701;Okres Trnava;Trnavský samosprávny kraj;;;;e-VUC;Novy
62-53136268-A0002;62-53136268-A0002;;Ambulancia zubného lekárstva, Trnava;iDentic s. r. o.;Zubné lekárstvo;Novomestská ulica 9765/2;Trnava;91701;Okres Trnava;Trnavský samosprávny kraj;;;;e-VUC;Novy
62-53136268-A0003;62-53136268-A0003;;Ambulancia zubného lekárstva, Trnava;iDentic s. r. o.;Zubné lekárstvo;Novomestská ulica 9765/2;Trnava;91701;Okres Trnava;Trnavský samosprávny kraj;;;;e-VUC;Novy
62-45559562-A0006;62-45559562-A0006;;Ambulancia dentálnej hygieny, Trnava;Blaško s.r.o.;Dentálna hygiena;Ulica Andreja Hlinku 3659/2;Trnava;91701;Okres Trnava;Trnavský samosprávny kraj;;;;e-VUC;Novy
62-45559562-A0003;62-45559562-A0003;;Ambulancia zubného lekárstva, Trnava;Blaško s.r.o.;Zubné lekárstvo;Ulica Andreja Hlinku 3659/2;Trnava;91701;Okres Trnava;Trnavský samosprávny kraj;;;;e-VUC;Novy
62-45559562-A0004;62-45559562-A0004;;Ambulancia zubného lekárstva, Trnava;Blaško s.r.o.;Zubné lekárstvo;Ulica Andreja Hlinku 3659/2;Trnava;91701;Okres Trnava;Trnavský samosprávny kraj;;;;e-VUC;Novy
62-45559562-A0005;62-45559562-A0005;;Ambulancia zubného lekárstva, Trnava;Blaško s.r.o.;Zubné lekárstvo;Ulica Andreja Hlinku 3659/2;Trnava;91701;Okres Trnava;Trnavský samosprávny kraj;;;;e-VUC;Novy
62-31209688-A0002;62-31209688-A0002;;Ambulancia zubného lekárstva, Trnava;MUDr. Milan Hejduk;Zubné lekárstvo, Dentoalveolárna chirurgia, Implantológia;Ulica Hurbanova 9513/2;Trnava;91708;Okres Trnava;Trnavský samosprávny kraj;;;;e-VUC;Novy
62-56664966-A0001;62-56664966-A0001;;Ambulancia zubného lekárstva, Trnava;PALUDOV s. r. o.;Zubné lekárstvo, Dentoalveolárna chirurgia, Implantológia;Ulica Andreja Žarnova 5263/7;Trnava;91702;Okres Trnava;Trnavský samosprávny kraj;;;;e-VUC;Novy
62-54660122-A0001;62-54660122-A0001;;Ambulancia zubného lekárstva, Trnava;Dr. Martin TT s.r.o.;Zubné lekárstvo;Ulica Hornopotočná 8374/14;Trnava;91701;Okres Trnava;Trnavský samosprávny kraj;;;;e-VUC;Novy
62-47074418-A0003;62-47074418-A0003;;Ambulancia dentálnej hygieny, Trnava;OrthoJoy s. r. o.;Dentálna hygiena - zdravotnícke vedy;Ulica Študentská 3609/1;Trnava;91701;Okres Trnava;Trnavský samosprávny kraj;;;;e-VUC;Novy
62-56427531-A0001;62-56427531-A0001;;Ambulancia zubného lekárstva, Trnava;Doktor Dent s. r. o.;Zubné lekárstvo, Dentoalveolárna chirurgia, Implantológia;Ulica Dolnopotočná 7374/5;Trnava;91701;Okres Trnava;Trnavský samosprávny kraj;;;;e-VUC;Novy
62-46349499-A0002;62-46349499-A0002;;Ambulancia zubného lekárstva, Šelpice;Odentt s. r. o.;Zubné lekárstvo;Hlavná ulica 195/73;Šelpice;91909;Okres Trnava;Trnavský samosprávny kraj;;;;e-VUC;Novy
51-55335926-A0012;51-55335926-A0012;;Ambulancia zubného lekárstva, Trnava;Dr. Strojčeky s.r.o.;Zubné lekárstvo;Zelenečská ulica 115;Trnava;91702;Okres Trnava;Trnavský samosprávny kraj;;;;e-VUC;Novy
62-55521541-A0001;62-55521541-A0001;;Ambulancia zubného lekárstva, Trnava;ODENT s. r. o.;Zubné lekárstvo, Dentoalveolárna chirurgia;Ulica Halenárska 408/3;Trnava;91701;Okres Trnava;Trnavský samosprávny kraj;;;;e-VUC;Novy
62-48056359-A0002;62-48056359-A0002;;Ambulancia zubného lekárstva, Trnava;Family Dental Clinic s.r.o.;Zubné lekárstvo;Ulica Limbová 6869/7;Trnava;91702;Okres Trnava;Trnavský samosprávny kraj;;;;e-VUC;Novy
62-48056359-A0003;62-48056359-A0003;;Ambulancia zubného lekárstva, Trnava;Family Dental Clinic s.r.o.;Zubné lekárstvo;Ulica Limbová 6869/7;Trnava;91702;Okres Trnava;Trnavský samosprávny kraj;;;;e-VUC;Novy
62-48056359-A0004;62-48056359-A0004;;Ambulancia zubného lekárstva, Trnava;Family Dental Clinic s.r.o.;Zubné lekárstvo;Ulica Limbová 6869/7;Trnava;91702;Okres Trnava;Trnavský samosprávny kraj;;;;e-VUC;Novy
62-55300375-A0007;62-55300375-A0007;;Ambulancia dentálnej hygieny, Trnava;SK Dental TT časť B, s. r. o.;Dentálna hygiena - zdravotnícke vedy;Novomestská ulica 9942/8;Trnava;91701;Okres Trnava;Trnavský samosprávny kraj;;;;e-VUC;Novy
62-52312615-A0001;62-52312615-A0001;;Ambulancia zubného lekárstva, Trnava;SK Dental Trnava s.r.o.;Zubné lekárstvo;Novomestská ulica 9942/8;Trnava;91701;Okres Trnava;Trnavský samosprávny kraj;;;;e-VUC;Novy
62-55626301-A0001;62-55626301-A0001;;Ambulancia dentálnej hygieny, Trnava;Inperio Dental s. r. o.;Dentálna hygiena;Ulica Vajanského 7673/39;Trnava;91701;Okres Trnava;Trnavský samosprávny kraj;;;;e-VUC;Novy
62-53339622-A0003;62-53339622-A0003;;Ambulancia zubného lekárstva, Trnava;Dentest, s. r. o.;Zubné lekárstvo;Ulica Pekárska 8369/23;Trnava;91701;Okres Trnava;Trnavský samosprávny kraj;;;;e-VUC;Novy
62-43810471-A0003;62-43810471-A0003;;Ambulancia zubného lekárstva, Trnava;KUK-DENT, spol. s r.o.;Zubné lekárstvo, Dentoalveolárna chirurgia, Implantológia;Ulica Jána Sambucusa 9819/10;Trnava;91701;Okres Trnava;Trnavský samosprávny kraj;;;;e-VUC;Novy
62-43810471-A0002;62-43810471-A0002;;Ambulancia zubného lekárstva, Trnava;KUK-DENT, spol. s r.o.;Zubné lekárstvo, Dentoalveolárna chirurgia, Implantológia;Ulica Jána Sambucusa 9819/10;Trnava !;91701;Okres Trnava;Trnavský samosprávny kraj;;;;e-VUC;Novy
62-55228518-A0004;62-55228518-A0004;;Ambulancia zubného lekárstva, Trnava;SK Dental TT časť A, s. r. o.;Zubné lekárstvo;Priečna ulica 9942/4;Trnava;91701;Okres Trnava;Trnavský samosprávny kraj;;;;e-VUC;Novy
62-55228518-A0005;62-55228518-A0005;;Ambulancia zubného lekárstva, Trnava;SK Dental TT časť A, s. r. o.;Zubné lekárstvo;Priečna ulica 9942/4;Trnava;91701;Okres Trnava;Trnavský samosprávny kraj;;;;e-VUC;Novy
62-55228518-A0006;62-55228518-A0006;;Ambulancia zubného lekárstva, Trnava;SK Dental TT časť A, s. r. o.;Zubné lekárstvo;Priečna ulica 9942/4;Trnava;91701;Okres Trnava;Trnavský samosprávny kraj;;;;e-VUC;Novy
62-55300375-A0001;62-55300375-A0001;;Ambulancia zubného lekárstva, Trnava;SK Dental TT časť B, s. r. o.;Zubné lekárstvo;Novomestská ulica 9942/8;Trnava;91701;Okres Trnava;Trnavský samosprávny kraj;;;;e-VUC;Novy
62-55300375-A0002;62-55300375-A0002;;Ambulancia zubného lekárstva, Trnava;SK Dental TT časť B, s. r. o.;Zubné lekárstvo;Novomestská ulica 9942/8;Trnava;91701;Okres Trnava;Trnavský samosprávny kraj;;;;e-VUC;Novy
62-55300375-A0003;62-55300375-A0003;;Ambulancia zubného lekárstva, Trnava;SK Dental TT časť B, s. r. o.;Zubné lekárstvo;Novomestská ulica 9942/8;Trnava;91701;Okres Trnava;Trnavský samosprávny kraj;;;;e-VUC;Novy
62-55300375-A0004;62-55300375-A0004;;Ambulancia zubného lekárstva, Trnava;SK Dental TT časť B, s. r. o.;Zubné lekárstvo;Novomestská ulica 9942/8;Trnava;91701;Okres Trnava;Trnavský samosprávny kraj;;;;e-VUC;Novy
65-57277800-A0001;65-57277800-A0001;;Ambulancia dentálnej hygieny, Bytča;DENTÁLNY HYGIENIK s. r. o.;Dentálna hygiena;Sidónie Sakalovej 161/45;Bytča;01401;Okres Bytča;Žilinský samosprávny kraj;;;;e-VUC;Novy
65-57076162-A0001;65-57076162-A0001;;Ambulancia zubného lekárstva, Ursík Michaela, Bytča;Well&White s. r. o.;Zubné lekárstvo;Sidónie Sakalovej 1543/39A;Bytča;01401;Okres Bytča;Žilinský samosprávny kraj;;;;e-VUC;Novy
65-53586573-A0004;65-53586573-A0004;;Ambulancia zubného lekárstva, Bytča;Dental clinic Nová Bytča, s. r. o.;Zubné lekárstvo;Višňová ulica 1962/1;Bytča;01401;Okres Bytča;Žilinský samosprávny kraj;;;;e-VUC;Novy
65-53586573-A0003;65-53586573-A0003;;Ambulancia zubného lekárstva, Bytča;Dental clinic Nová Bytča, s. r. o.;Zubné lekárstvo, Dentálna hygiena;Višňová ulica 1962/1;Bytča;01401;Okres Bytča;Žilinský samosprávny kraj;;;;e-VUC;Novy
65-54838606-A0001;65-54838606-A0001;;Ambulancia zubného lekárstva, Bytča;Lucy Dent s.r.o.;Zubné lekárstvo;Sidónie Sakalovej 161/16;Bytča;01401;Okres Bytča;Žilinský samosprávny kraj;;;;e-VUC;Novy
65-53586573-A0002;65-53586573-A0002;;Ambulancia zubného lekárstva, Bytča;Dental clinic Nová Bytča, s. r. o.;Zubné lekárstvo;Višňová ulica 1962/1;Bytča;01401;Okres Bytča;Žilinský samosprávny kraj;;;;e-VUC;Novy
65-54696844-A0001;65-54696844-A0001;;Ambulancia zubného lekárstva, MDDr. Barbora Šúkalová, Bytča;ZUBadent clinic, s. r. o.;Zubné lekárstvo;Sidónie Sakalovej 160;Bytča;01401;Okres Bytča;Žilinský samosprávny kraj;;;;e-VUC;Novy
65-53586573-A0001;65-53586573-A0001;;Ambulancia zubného lekárstva, Bytča;Dental clinic Nová Bytča, s. r. o.;Zubné lekárstvo;Višňová ulica 1962/1;Bytča;01401;Okres Bytča;Žilinský samosprávny kraj;;;;e-VUC;Novy
65-51151901-A0001;65-51151901-A0001;;Ambulancia zubného lekárstva, Bytča;Sany Dent, s.r.o.;Zubné lekárstvo, Dentoalveolárna chirurgia;Sidónie Sakalovej 161/16;Bytča;01401;Okres Bytča;Žilinský samosprávny kraj;;;;e-VUC;Novy
65-50052241-A0001;65-50052241-A0001;;Ambulancia zubného lekárstva, Štiavnik;STOSMA s. r. o.;Zubné lekárstvo;Obvodné zdravotné stredisko, Štiavnik;Štiavnik;01355;Okres Bytča;Žilinský samosprávny kraj;;;;e-VUC;Novy
65-47257806-A0001;65-47257806-A0001;;Ambulancia zubného lekárstva, Bytča;ZubáReň, s.r.o.;Zubné lekárstvo;Sidónie Sakalovej 1543/39A;Bytča;01401;Okres Bytča;Žilinský samosprávny kraj;;;;e-VUC;Novy
65-36704032-A0001;65-36704032-A0001;;Ambulancia zubného lekárstva, Bytča;Torodin, s. r. o.;Zubné lekárstvo;Sidónie Sakalovej 476;Bytča;01401;Okres Bytča;Žilinský samosprávny kraj;;;;e-VUC;Novy
65-35665319-A0001;65-35665319-A0001;;Ambulancia zubného lekárstva, Veľké Rovné;MUDr. Mária Kubišová;Zubné lekárstvo;Veľké Rovné 72;Veľké Rovné;01362;Okres Bytča;Žilinský samosprávny kraj;;;;e-VUC;Novy
65-31912052-A0001;65-31912052-A0001;;Ambulancia zubného lekárstva, Bytča;MUDr. Miroslav Ballay;Zubné lekárstvo;eRecept Sidónie Sakalovej 161/16;Bytča;01401;Okres Bytča;Žilinský samosprávny kraj;;;;e-VUC;Novy
65-36134121-A0001;65-36134121-A0001;;Ambulancia zubného lekárstva, Bytča;MUDr. Daniela Cabajová;Zubné lekárstvo;Sidónie Sakalovej 161/16;Bytča;01401;Okres Bytča;Žilinský samosprávny kraj;;;;e-VUC;Novy
65-31904271-A0001;65-31904271-A0001;;Ambulancia zubného lekárstva, Bytča;MUDr. Alena Hrnčiarová;Zubné lekárstvo;Sidónie Sakalovej 161/16;Bytča;01401;Okres Bytča;Žilinský samosprávny kraj;;;;e-VUC;Novy
65-44363184-A0001;65-44363184-A0001;;Ambulancia zubného lekárstva, Bytča;INTERSTOMA, s.r.o.;Zubné lekárstvo;Sidónie Sakalovej 161/16;Bytča;01401;Okres Bytča;Žilinský samosprávny kraj;;;;e-VUC;Novy
65-42387949-A0001;65-42387949-A0001;;Ambulancia dentálnej hygieny, Bytča;Gabriela Kekelyová;Dentálna hygiena;Sidónie Sakalovej 190;Bytča;01401;Okres Bytča;Žilinský samosprávny kraj;;;;e-VUC;Novy
65-36436577-A0004;65-36436577-A0004;;Ambulancia dentálnej hygieny, Oščadnica;Sensitive-Dent, s. r. o.;Dentálna hygiena;Oščadnica 2215;Oščadnica;02301;Okres Čadca;Žilinský samosprávny kraj;;;;e-VUC;Novy
65-53594223-A0001;65-53594223-A0001;;Ambulancia zubného lekárstva, Nová Bystrica;Volodymyr Tustanivskyy;Zubné lekárstvo, Dentálna hygiena;Nová Bystrica 655;Nová Bystrica;02305;Okres Čadca;Žilinský samosprávny kraj;;;;e-VUC;Novy
65-36436577-A0003;65-36436577-A0003;;Ambulancia zubného lekárstva, Oščadnica;Sensitive-Dent, s. r. o.;Zubné lekárstvo, Dentoalveolárna chirurgia;Oščadnica 2215;Oščadnica;02301;Okres Čadca;Žilinský samosprávny kraj;;;;e-VUC;Novy
65-36436577-A0002;65-36436577-A0002;;Ambulancia zubného lekárstva, Oščadnica;Sensitive-Dent, s. r. o.;Zubné lekárstvo, Dentoalveolárna chirurgia, Dentálna hygiena;Oščadnica 2215;Oščadnica;02301;Okres Čadca;Žilinský samosprávny kraj;;;;e-VUC;Novy
65-56544499-A0001;65-56544499-A0001;;Ambulancia zubného lekárstva, Čadca;All on X s. r. o.;Zubné lekárstvo;Matičné Námestie 2891/2A;Čadca;02201;Okres Čadca;Žilinský samosprávny kraj;;;;e-VUC;Novy
65-48295582-A0003;65-48295582-A0003;;Ambulancia zubného lekárstva, Čadca;NEBOJSAMA DENT s.r.o.;Zubné lekárstvo;Ľudmily Podjavorinskej 2403/3;Čadca;02201;Okres Čadca;Žilinský samosprávny kraj;;;;e-VUC;Novy
65-55883761-A0002;65-55883761-A0002;;Ambulancia zubného lekárstva, Čadca;Lašová Dent, s. r. o.;Zubné lekárstvo, Dentoalveolárna chirurgia, Dentálna hygiena;Palárikova 3382/40B;Čadca;02201;Okres Čadca;Žilinský samosprávny kraj;;;;e-VUC;Novy
65-55883613-A0001;65-55883613-A0001;;Ambulancia zubného lekárstva, Čadca;Dentalhouse s.r.o.;Zubné lekárstvo;Okružná 3211/2C;Čadca;02204;Okres Čadca;Žilinský samosprávny kraj;;;;e-VUC;Novy
65-55883613-A0002;65-55883613-A0002;;Ambulancia zubného lekárstva, Čadca;Dentalhouse s.r.o.;Zubné lekárstvo, Dentálna hygiena;Okružná 3211/2C;Čadca;02204;Okres Čadca;Žilinský samosprávny kraj;;;;e-VUC;Novy
65-55883613-A0003;65-55883613-A0003;;Ambulancia zubného lekárstva, Čadca;Dentalhouse s.r.o.;Zubné lekárstvo, Dentálna hygiena;Okružná 3211/2C;Čadca;02204;Okres Čadca;Žilinský samosprávny kraj;;;;e-VUC;Novy
65-55883761-A0001;65-55883761-A0001;;Ambulancia zubného lekárstva, Čadca;Lašová Dent, s. r. o.;Zubné lekárstvo, Dentoalveolárna chirurgia;Palárikova 3382/40B;Čadca;02201;Okres Čadca;Žilinský samosprávny kraj;;;;e-VUC;Novy
65-54058651-A0001;65-54058651-A0001;;Ambulancia zubného lekárstva, Raková;Praktik Dent s. r. o.;Zubné lekárstvo;Raková 199;Raková;02351;Okres Čadca;Žilinský samosprávny kraj;;;;e-VUC;Novy
65-53809785-A0001;65-53809785-A0001;;Ambulancia zubného lekárstva, Čadca;AlbusDente,s.r.o.;Zubné lekárstvo, Choroby slizníc ústnej dutiny a paradontu;Palárikova 1083;Čadca;02201;Okres Čadca;Žilinský samosprávny kraj;;;;e-VUC;Novy
65-53552091-A0001;65-53552091-A0001;;Ambulancia zubného lekárstva, Čadca;NataliDent, s. r. o.;Zubné lekárstvo, Dentálna hygiena;A. Hlinku 26/5;Čadca;02201;Okres Čadca;Žilinský samosprávny kraj;;;;e-VUC;Novy
65-36436887-A0002;65-36436887-A0002;;Ambulancia zubného lekárstva, Turzovka;VYŠINSKÝ - DENT, s.r.o.;Zubné lekárstvo;Stred 43;Turzovka;02354;Okres Čadca;Žilinský samosprávny kraj;;;;e-VUC;Novy
65-53134389-A0001;65-53134389-A0001;;Ambulancia zubného lekárstva, Čadca;Zubena, s. r. o.;Zubné lekárstvo;Potočna 126/6;Čadca;02201;Okres Čadca;Žilinský samosprávny kraj;;;;e-VUC;Novy
65-36689564-A0003;65-36689564-A0003;;Ambulancia zubného lekárstva, Čadca;STOMA PRAKTIK, s. r. o.;Zubné lekárstvo;Palárikova 2311;Čadca;02201;Okres Čadca;Žilinský samosprávny kraj;;;;e-VUC;Novy
65-45690537-A0002;65-45690537-A0002;;Ambulancia zubného lekárstva, Oščadnica;DENTIE, s.r.o.;Zubné lekárstvo, Dentálna hygiena;Oščadnica 2220;Oščadnica;02301;Okres Čadca;Žilinský samosprávny kraj;;;;e-VUC;Novy
65-45690537-A0001;65-45690537-A0001;;Ambulancia zubného lekárstva, MDDr. Marianna Brádlerová, Oščadnica;DENTIE, s.r.o.;Zubné lekárstvo;Oščadnica 2220;Oščadnica;02301;Okres Čadca;Žilinský samosprávny kraj;;;;e-VUC;Novy
65-48295582-A0002;65-48295582-A0002;;Ambulancia zubného lekárstva, Čadca;NEBOJSAMA DENT s.r.o.;Zubné lekárstvo, Dentálna hygiena;Ľudmily Podjavorinskej 2403/3;Čadca;02201;Okres Čadca;Žilinský samosprávny kraj;;;;e-VUC;Novy
65-52602516-A0001;65-52602516-A0001;;Ambulancia zubného lekárstva, Vysoká nad Kysucou;DAMADENT, s. r. o.;Zubné lekárstvo;Vysoká nad Kysucou 1260;Vysoká nad Kysucou;02355;Okres Čadca;Žilinský samosprávny kraj;;;;e-VUC;Novy
65-47674547-A0002;65-47674547-A0002;;Ambulancia zubného lekárstva, Čadca;STOMAPERFEKT, s.r.o.;Zubné lekárstvo, Dentálna hygiena;od 17.08.2026 do 22.08.2026;;;Okres Čadca;Žilinský samosprávny kraj;;;;e-VUC;Novy
65-52477932-A0001;65-52477932-A0001;;Ambulancia dentálnej hygieny, Čadca;Martina Hulíková;Dentálna hygiena;A. Hlinku 10/28;Čadca;02201;Okres Čadca;Žilinský samosprávny kraj;;;;e-VUC;Novy
65-36704130-A0002;65-36704130-A0002;;Ambulancia zubného lekárstva, Čadca;Your Dent s. r. o.;Zubné lekárstvo;Matičné námestie 3132/5A;Čadca;02201;Okres Čadca;Žilinský samosprávny kraj;;;;e-VUC;Novy
65-36135704-A0003;65-36135704-A0003;;Ambulancia zubného lekárstva, Čadca;MUDr. Zdenka Franeková;Zubné lekárstvo, Dentálna hygiena;Okružná 3211;Čadca;02201;Okres Čadca;Žilinský samosprávny kraj;;;;e-VUC;Novy
65-36135704-A0002;65-36135704-A0002;;Ambulancia zubného lekárstva, Čadca;MUDr. Zdenka Franeková;Zubné lekárstvo;Okružná 3211;Čadca;02201;Okres Čadca;Žilinský samosprávny kraj;;;;e-VUC;Novy
65-51687216-A0001;65-51687216-A0001;;Ambulancia zubného lekárstva, Svrčinovec;MONDENT, s. r. o.;Zubné lekárstvo;od 07.08.2026 do 14.08.2026;;;Okres Čadca;Žilinský samosprávny kraj;;;;e-VUC;Novy
65-51235625-A0001;65-51235625-A0001;;Ambulancia zubného lekárstva, Krásno nad Kysucou;Dentasmile s.r.o.;Zubné lekárstvo;MUDr. Hálka 1367;Krásno nad Kysucou;02302;Okres Čadca;Žilinský samosprávny kraj;;;;e-VUC;Novy
65-36389081-A0012;65-36389081-A0012;;Ambulancia zubného lekárstva, Čadca;PETRAMED , s.r.o.;Zubné lekárstvo, Dentoalveolárna chirurgia, Dentálna hygiena;Slovenských dobrovoľníkov 984;Čadca;02201;Okres Čadca;Žilinský samosprávny kraj;;;;e-VUC;Novy
65-48295582-A0001;65-48295582-A0001;;Ambulancia zubného lekárstva, Čadca;NEBOJSAMA DENT s.r.o.;Zubné lekárstvo;Ľudmily Podjavorinskej 2403/3;Čadca;02201;Okres Čadca;Žilinský samosprávny kraj;;;;e-VUC;Novy
51-36352187-A0004;51-36352187-A0004;;Ambulancia zubného lekárstva, Turzovka;CHIREMED, s.r.o.;Zubné lekárstvo;R Jašíka 55;Turzovka;02354;Okres Čadca;Žilinský samosprávny kraj;;;;e-VUC;Novy
65-36389081-A0008;65-36389081-A0008;;Ambulancia zubného lekárstva, Čadca;PETRAMED , s.r.o.;Zubné lekárstvo, Dentoalveolárna chirurgia;Slovenských dobrovoľníkov 984;Čadca;02201;Okres Čadca;Žilinský samosprávny kraj;;;;e-VUC;Novy
65-36389081-A0009;65-36389081-A0009;;Ambulancia zubného lekárstva, Čadca;PETRAMED , s.r.o.;Zubné lekárstvo, Dentoalveolárna chirurgia;Slovenských dobrovoľníkov 984;Čadca;02201;Okres Čadca;Žilinský samosprávny kraj;;;;e-VUC;Novy
65-36389081-A0010;65-36389081-A0010;;Ambulancia zubného lekárstva, Čadca;PETRAMED , s.r.o.;Zubné lekárstvo, Dentoalveolárna chirurgia;Slovenských dobrovoľníkov 984;Čadca;02201;Okres Čadca;Žilinský samosprávny kraj;;;;e-VUC;Novy
65-36389081-A0011;65-36389081-A0011;;Ambulancia zubného lekárstva, Čadca;PETRAMED , s.r.o.;Zubné lekárstvo, Dentoalveolárna chirurgia;Slovenských dobrovoľníkov 984;Čadca;02201;Okres Čadca;Žilinský samosprávny kraj;;;;e-VUC;Novy
65-36389081-A0007;65-36389081-A0007;;Ambulancia zubného lekárstva, Čadca;PETRAMED , s.r.o.;Zubné lekárstvo, Dentoalveolárna chirurgia;Slovenských dobrovoľníkov 984;Čadca;02201;Okres Čadca;Žilinský samosprávny kraj;;;;e-VUC;Novy
65-36389081-A0006;65-36389081-A0006;;Ambulancia zubného lekárstva, Čadca;PETRAMED , s.r.o.;Zubné lekárstvo, Dentoalveolárna chirurgia;Slovenských dobrovoľníkov 984;Čadca;02201;Okres Čadca;Žilinský samosprávny kraj;;;;e-VUC;Novy
65-45842043-A0001;65-45842043-A0001;;Ambulancia zubného lekárstva, Dolný Kubín;DIAMOND CLINIC, s. r. o.;Zubné lekárstvo, Dentoalveolárna chirurgia;Aleja Slobody 1901/17;Dolný Kubín;02601;Okres Dolný Kubín;Žilinský samosprávny kraj;;;;e-VUC;Novy
65-45842043-A0002;65-45842043-A0002;;Ambulancia zubného lekárstva, Dolný Kubín;DIAMOND CLINIC, s. r. o.;Zubné lekárstvo;Aleja Slobody 1901/17;Dolný Kubín;02601;Okres Dolný Kubín;Žilinský samosprávny kraj;;;;e-VUC;Novy
65-45842043-A0003;65-45842043-A0003;;Ambulancia zubného lekárstva, Dolný Kubín;DIAMOND CLINIC, s. r. o.;Zubné lekárstvo;Aleja Slobody 1901/17;Dolný Kubín;02601;Okres Dolný Kubín;Žilinský samosprávny kraj;;;;e-VUC;Novy
65-45842043-A0004;65-45842043-A0004;;Ambulancia zubného lekárstva, Dolný Kubín;DIAMOND CLINIC, s. r. o.;Zubné lekárstvo, Dentálna hygiena;Aleja Slobody 1901/17;Dolný Kubín;02601;Okres Dolný Kubín;Žilinský samosprávny kraj;;;;e-VUC;Novy
65-55531423-A0001;65-55531423-A0001;;Ambulancia zubného lekárstva, MDDr. Tomáš Mintál, Dolný Kubín;North Smile s.r.o.;Zubné lekárstvo;Nemocničná 2068/26;Dolný Kubín;02601;Okres Dolný Kubín;Žilinský samosprávny kraj;;;;e-VUC;Novy
65-50687221-A0003;65-50687221-A0003;;Ambulancia zubného lekárstva, Dolný Kubín;Ortodoncia Gazdík, s.r.o.;Zubné lekárstvo;M. R. Štefánika 1831/46;Dolný Kubín;02601;Okres Dolný Kubín;Žilinský samosprávny kraj;;;;e-VUC;Novy
65-55306861-A0001;65-55306861-A0001;;Ambulancia zubného lekárstva, Dolný Kubín;MySmile, s. r. o.;Zubné lekárstvo;Polyfunkčný dom Gerdig, Nemocničná 2068/26;Dolný Kubín;02601;Okres Dolný Kubín;Žilinský samosprávny kraj;;;;e-VUC;Novy
65-54986516-A0001;65-54986516-A0001;;Ambulancia dentálnej hygieny, Dolný Kubín;ProfiDent Care, s. r. o.;Dentálna hygiena;Nemocničná 1944/10;Dolný Kubín;02601;Okres Dolný Kubín;Žilinský samosprávny kraj;;;;e-VUC;Novy
65-50091361-A0002;65-50091361-A0002;;Ambulancia zubného lekárstva, Dlhá nad Oravou;JS DENT s.r.o.;Zubné lekárstvo;Dlhá nad Oravou 198;Dlhá nad Oravou;02755;Okres Dolný Kubín;Žilinský samosprávny kraj;;;;e-VUC;Novy
65-53098731-A0001;65-53098731-A0001;;Ambulancia zubného lekárstva, Eliška Loffayová, Dolný Kubín;DENTELI, s. r. o.;Zubné lekárstvo;Matúškova 2576;Dolný Kubín;02601;Okres Dolný Kubín;Žilinský samosprávny kraj;;;;e-VUC;Novy
65-51411423-A0001;65-51411423-A0001;;Ambulancia zubného lekárstva, MDDr. Peter Štefík, Dolný Kubín;Zubár Kubín, s.r.o.;Zubné lekárstvo, Dentoalveolárna chirurgia;NsP, Nemocničná 1944/10;Dolný Kubín;02601;Okres Dolný Kubín;Žilinský samosprávny kraj;;;;e-VUC;Novy
65-36425125-A0004;65-36425125-A0004;;Ambulancia zubného lekárstva, Dolný Kubín;VETA-MED, s.r.o.;Zubné lekárstvo, Dentoalveolárna chirurgia;Nemocničná 3420/85;Dolný Kubín;02601;Okres Dolný Kubín;Žilinský samosprávny kraj;;;;e-VUC;Novy
65-36425125-A0005;65-36425125-A0005;;Ambulancia zubného lekárstva, Dolný Kubín;VETA-MED, s.r.o.;Zubné lekárstvo, Dentálna hygiena;Nemocničná 3420/85;Dolný Kubín;02601;Okres Dolný Kubín;Žilinský samosprávny kraj;;;;e-VUC;Novy
65-50091361-A0001;65-50091361-A0001;;Ambulancia zubného lekárstva, Dlhá nad Oravou;JS DENT s.r.o.;Zubné lekárstvo;Dlhá nad Oravou 198;Dlhá nad Oravou;02755;Okres Dolný Kubín;Žilinský samosprávny kraj;;;;e-VUC;Novy
65-36425125-A0002;65-36425125-A0002;;Ambulancia zubného lekárstva, Dolný Kubín;VETA-MED, s.r.o.;Zubné lekárstvo, Dentoalveolárna chirurgia;Nemocničná 3420/85;Dolný Kubín;02601;Okres Dolný Kubín;Žilinský samosprávny kraj;;;;e-VUC;Novy
65-36651362-A0001;65-36651362-A0001;;Ambulancia zubného lekárstva, Dolný Kubín;A-DENT pluss, s.r.o.;Zubné lekárstvo;Nemocničná 1944/10;Dolný Kubín;02601;Okres Dolný Kubín;Žilinský samosprávny kraj;;;;e-VUC;Novy
65-36725153-A0001;65-36725153-A0001;;Ambulancia zubného lekárstva, Dolný Kubín;MUDr. CELEC, s.r.o.;Zubné lekárstvo;, po telefonickom dohovore do;;;Okres Dolný Kubín;Žilinský samosprávny kraj;;;;e-VUC;Novy
65-46305521-A0001;65-46305521-A0001;;Ambulancia zubného lekárstva, Dolný Kubín;DENT MAR, s.r.o.;Zubné lekárstvo;Nemocničná 1944/10;Dolný Kubín;02601;Okres Dolný Kubín;Žilinský samosprávny kraj;;;;e-VUC;Novy
65-42070562-A0001;65-42070562-A0001;;Ambulancia dentálnej hygieny, Dolný Kubín;Bc. Ľubica Prílepková;Dentálna hygiena;Nemocničná 1944/10;Dolný Kubín;02601;Okres Dolný Kubín;Žilinský samosprávny kraj;;;;e-VUC;Novy
65-36425125-A0001;65-36425125-A0001;;Ambulancia zubného lekárstva, Dolný Kubín;VETA-MED, s.r.o.;Zubné lekárstvo, Dentoalveolárna chirurgia;Nemocničná 3420/85;Dolný Kubín;02601;Okres Dolný Kubín;Žilinský samosprávny kraj;;;;e-VUC;Novy
65-36425125-A0003;65-36425125-A0003;;Ambulancia zubného lekárstva, Zázrivá;VETA-MED, s.r.o.;Zubné lekárstvo, Dentoalveolárna chirurgia;Zázrivá 138;Zázrivá;02705;Okres Dolný Kubín;Žilinský samosprávny kraj;;;;e-VUC;Novy
65-47436042-A0001;65-47436042-A0001;;Ambulancia zubného lekárstva, Dolný Kubín;M - DENTIST s. r. o.;Zubné lekárstvo, Dentoalveolárna chirurgia;Nemocničná 1944/10;Dolný Kubín;02601;Okres Dolný Kubín;Žilinský samosprávny kraj;;;;e-VUC;Novy
65-46027386-A0001;65-46027386-A0001;;Ambulancia zubného lekárstva, Oravský Podzámok;ANN-DENT, s.r.o.;Zubné lekárstvo;Oravský Podzámok 34;Oravský Podzámok;02741;Okres Dolný Kubín;Žilinský samosprávny kraj;;;;e-VUC;Novy
65-46396675-A0001;65-46396675-A0001;;Ambulancia zubného lekárstva, ambulancia dentálnej hygieny, Párnica;edent s.r.o.;Zubné lekárstvo;od 21.08.2026 do 21.08.2026;;;Okres Dolný Kubín;Žilinský samosprávny kraj;;;;e-VUC;Novy
65-47233290-A0005;65-47233290-A0005;;Ambulancia zubného lekárstva, Vanda Chromíkova, Kysucké Nové Mesto;MUDr. ŠEVEC, s.r.o.;Zubné lekárstvo, Dentálna hygiena;Na Podstráni 1277;Kysucké Nové Mesto;02401;Okres Kysucké Nové Mesto;Žilinský samosprávny kraj;;;;e-VUC;Novy
65-56759789-A0001;65-56759789-A0001;;Ambulancia zubného lekárstva, Kysucké Nové Mesto;Projoy s. r. o.;Zubné lekárstvo;Belanského 773/81;Kysucké Nové Mesto;02401;Okres Kysucké Nové Mesto;Žilinský samosprávny kraj;;;;e-VUC;Novy
65-56180527-A0001;65-56180527-A0001;;Ambulancia zubného lekárstva, MDDr. Marek Jančiga, Kysucké Nové Mesto;Dens Caninus s. r. o.;Zubné lekárstvo, Dentálna hygiena;Belanského 773/81;Kysucké Nové Mesto;02401;Okres Kysucké Nové Mesto;Žilinský samosprávny kraj;;;;e-VUC;Novy
65-53645758-A0001;65-53645758-A0001;;AMANDI DENTAL HYGIENE, Kysucké Nové Mesto;AMANDI, s. r. o.;Dentálna hygiena;Kukučínova 2739;Kysucké Nové Mesto;02401;Okres Kysucké Nové Mesto;Žilinský samosprávny kraj;;;;e-VUC;Novy
65-51477459-A0002;65-51477459-A0002;;Ambulancia dentálnej hygieny, Bc.Jana Harceková, Rudina;JESS-dent, s.r.o.;Dentálna hygiena;Rudina 442;Rudina;02331;Okres Kysucké Nové Mesto;Žilinský samosprávny kraj;;;;e-VUC;Novy
65-54190754-A0001;65-54190754-A0001;;Ambulancia zubného lekárstva, Kysucké Nové Mesto;Odontos, s.r.o.;Zubné lekárstvo, Dentoalveolárna chirurgia, Implantológia;Belanského 773/81;Kysucké Nové Mesto;02401;Okres Kysucké Nové Mesto;Žilinský samosprávny kraj;;;;e-VUC;Novy
65-52760502-A0001;65-52760502-A0001;;Ambulancia zubného lekárstva, Kysucké Nové Mesto;SODENTAL, s. r. o.;Zubné lekárstvo;Kukučínova 2739;Kysucké Nové Mesto;02401;Okres Kysucké Nové Mesto;Žilinský samosprávny kraj;;;;e-VUC;Novy
65-52624439-A0001;65-52624439-A0001;;Ambulancia zubného lekárstva, Kysucké Nové Mesto;MDDr. Miloš Hmíra;Zubné lekárstvo;Belanského 773;Kysucké Nové Mesto;02401;Okres Kysucké Nové Mesto;Žilinský samosprávny kraj;;;;e-VUC;Novy
65-51433982-A0001;65-51433982-A0001;;Ambulancia zubného lekárstva, Kysucký Lieskovec;STOMA KL, s.r.o.;Zubné lekárstvo;Kysucký Lieskovec 141;Kysucký Lieskovec;02334;Okres Kysucké Nové Mesto;Žilinský samosprávny kraj;;;;e-VUC;Novy
65-52035816-A0001;65-52035816-A0001;;Ambulancia zubného lekárstva, Kysucké Nové Mesto;AM. Ševecová, s.r.o.;Zubné lekárstvo;eRecept Na Podstráni 1276/38;Kysucké Nové Mesto;02401;Okres Kysucké Nové Mesto;Žilinský samosprávny kraj;;;;e-VUC;Novy
65-52200876-A0001;65-52200876-A0001;;Ambulancia zubného lekárstva, Kysucké Nové Mesto;Tetiana Morgunova;Zubné lekárstvo;Belanského 773/81;Kysucké Nové Mesto;02401;Okres Kysucké Nové Mesto;Žilinský samosprávny kraj;;;;e-VUC;Novy
65-51401690-A0001;65-51401690-A0001;;Ambulancia zubného lekárstva, MUDr. Andrea Poprocká, Kysucké Nové Mesto;VIACARE, s.r.o.;Zubné lekárstvo;Belanského 1346;Kysucké Nové Mesto;02401;Okres Kysucké Nové Mesto;Žilinský samosprávny kraj;;;;e-VUC;Novy
65-51477459-A0001;65-51477459-A0001;;Ambulancia zubného lekárstva, MUDr. Eva Svrčková, Rudina;JESS-dent, s.r.o.;Zubné lekárstvo;Rudina 442;Rudina;02331;Okres Kysucké Nové Mesto;Žilinský samosprávny kraj;;;;e-VUC;Novy
65-51063859-A0001;65-51063859-A0001;;Ambulancia zubného lekárstva, Kysucké Nové Mesto;MUDr. Adrián Kiss;Zubné lekárstvo;Litovelská 670;Kysucké Nové Mesto;02401;Okres Kysucké Nové Mesto;Žilinský samosprávny kraj;;;;e-VUC;Novy
65-47233290-A0004;65-47233290-A0004;;Ambulancia zubného lekárstva, Kysucké Nové Mesto;MUDr. ŠEVEC, s.r.o.;Zubné lekárstvo, Dentoalveolárna chirurgia;Na Podstráni 1277;Kysucké Nové Mesto;02401;Okres Kysucké Nové Mesto;Žilinský samosprávny kraj;;;;e-VUC;Novy
65-50246470-A0001;65-50246470-A0001;;Ambulancia zubného lekárstva, Kysucké Nové Mesto;MDDr. Daniela Martiniaková;Zubné lekárstvo;Kukučínova 2739;Kysucké Nové Mesto;02401;Okres Kysucké Nové Mesto;Žilinský samosprávny kraj;;;;e-VUC;Novy
65-45869073-A0001;65-45869073-A0001;;Ambulancia dentálnej hygieny, Kysucké Nové Mesto;Bc. Renata Kastanarasová;Dentálna hygiena;Belanského 773/81;Kysucké Nové Mesto;02401;Okres Kysucké Nové Mesto;Žilinský samosprávny kraj;;;;e-VUC;Novy
65-47233290-A0002;65-47233290-A0002;;Ambulancia zubného lekárstva, Kysucké Nové Mesto;MUDr. ŠEVEC, s.r.o.;Zubné lekárstvo, Dentoalveolárna chirurgia;Na Podstráni 1277;Kysucké Nové Mesto;02401;Okres Kysucké Nové Mesto;Žilinský samosprávny kraj;;;;e-VUC;Novy
65-47352094-A0001;65-47352094-A0001;;Ambulancia zubného lekárstva, Kysucké Nové Mesto;TRIMODENT, s.r.o.;Zubné lekárstvo;Belanského 1346;Kysucké Nové Mesto;02401;Okres Kysucké Nové Mesto;Žilinský samosprávny kraj;;;;e-VUC;Novy
65-37976826-A0001;65-37976826-A0001;;Ambulancia zubného lekárstva, Smetanová Barbora, Ochodnica;MUDr. Rastislav Vilk;Zubné lekárstvo;Ochodnica 121;Ochodnica;02335;Okres Kysucké Nové Mesto;Žilinský samosprávny kraj;;;;e-VUC;Novy
65-35663651-A0001;65-35663651-A0001;;Ambulancia zubného lekárstva, Kysucké Nové Mesto;MUDr. Janka Palúchová;Zubné lekárstvo;Komenského 992;Kysucké Nové Mesto;02401;Okres Kysucké Nové Mesto;Žilinský samosprávny kraj;;;;e-VUC;Novy
65-46924906-A0002;65-46924906-A0002;;Ambulancia zubného lekárstva, Liptovský Hrádok;MDDr. Jaroslav Adamčík, s. r. o.;Zubné lekárstvo, Dentálna hygiena;J. D. Matejovie 542/21;Liptovský Hrádok;03301;Okres Liptovský Mikuláš;Žilinský samosprávny kraj;;;;e-VUC;Novy
65-56405766-A0001;65-56405766-A0001;;Ambulancia zubného lekárstva, Liptovský Mikuláš;Zubar SK s. r. o.;Zubné lekárstvo;Kolomana Sokola 4426/10;Liptovský Mikuláš;03101;Okres Liptovský Mikuláš;Žilinský samosprávny kraj;;;;e-VUC;Novy
65-56574711-A0001;65-56574711-A0001;;Ambulancia zubného lekárstva, Michaela Pančíková, Liptovský Mikuláš;Dentaline s. r. o.;Zubné lekárstvo, Dentoalveolárna chirurgia;Kuzmányho 918/15;Liptovský Mikuláš;03101;Okres Liptovský Mikuláš;Žilinský samosprávny kraj;;;;e-VUC;Novy
51-52255441-A0001;51-52255441-A0001;;Ambulancia zubného lekárstva, Liptovský Mikuláš;Dr. Martin LM1 s. r. o.;Zubné lekárstvo;Hollého 4456/1;Liptovský Mikuláš;03101;Okres Liptovský Mikuláš;Žilinský samosprávny kraj;;;;e-VUC;Novy
51-52255441-A0002;51-52255441-A0002;;Ambulancia zubného lekárstva, Liptovský Mikuláš;Dr. Martin LM1 s. r. o.;Zubné lekárstvo;Hollého 4456/1;Liptovský Mikuláš;03101;Okres Liptovský Mikuláš;Žilinský samosprávny kraj;;;;e-VUC;Novy
51-52255441-A0003;51-52255441-A0003;;Ambulancia zubného lekárstva, Liptovský Mikuláš;Dr. Martin LM1 s. r. o.;Zubné lekárstvo;Hollého 4456/1;Liptovský Mikuláš;03101;Okres Liptovský Mikuláš;Žilinský samosprávny kraj;;;;e-VUC;Novy
51-52255441-A0004;51-52255441-A0004;;Ambulancia zubného lekárstva, Liptovský Mikuláš;Dr. Martin LM1 s. r. o.;Zubné lekárstvo;Hollého 4456/1;Liptovský Mikuláš;03101;Okres Liptovský Mikuláš;Žilinský samosprávny kraj;;;;e-VUC;Novy
51-52255441-A0005;51-52255441-A0005;;Ambulancia zubného lekárstva, Liptovský Mikuláš;Dr. Martin LM1 s. r. o.;Zubné lekárstvo;Hollého 4456/1;Liptovský Mikuláš;03101;Okres Liptovský Mikuláš;Žilinský samosprávny kraj;;;;e-VUC;Novy
51-52255441-A0006;51-52255441-A0006;;Ambulancia zubného lekárstva, Liptovský Mikuláš;Dr. Martin LM1 s. r. o.;Zubné lekárstvo;Hollého 4456/1;Liptovský Mikuláš;03101;Okres Liptovský Mikuláš;Žilinský samosprávny kraj;;;;e-VUC;Novy
51-52255441-A0007;51-52255441-A0007;;Ambulancia zubného lekárstva, Liptovský Mikuláš;Dr. Martin LM1 s. r. o.;Zubné lekárstvo;Hollého 4456/1;Liptovský Mikuláš;03101;Okres Liptovský Mikuláš;Žilinský samosprávny kraj;;;;e-VUC;Novy
51-52255441-A0008;51-52255441-A0008;;Ambulancia zubného lekárstva, Liptovský Mikuláš;Dr. Martin LM1 s. r. o.;Zubné lekárstvo;Hollého 4456/1;Liptovský Mikuláš;03101;Okres Liptovský Mikuláš;Žilinský samosprávny kraj;;;;e-VUC;Novy
51-52255441-A0009;51-52255441-A0009;;Ambulancia zubného lekárstva, Liptovský Mikuláš;Dr. Martin LM1 s. r. o.;Zubné lekárstvo;Hollého 4456/1;Liptovský Mikuláš;03101;Okres Liptovský Mikuláš;Žilinský samosprávny kraj;;;;e-VUC;Novy
65-53897145-A0002;65-53897145-A0002;;AurelClinic, Liptovský Mikuláš;Dental group LM, s. r. o.;Zubné lekárstvo, Dentoalveolárna chirurgia, Implantológia;Moyzesova 669/13;Liptovský Mikuláš;03101;Okres Liptovský Mikuláš;Žilinský samosprávny kraj;;;;e-VUC;Novy
65-56697015-A0001;65-56697015-A0001;;Ambulancia zubného lekárstva, Liptovský Hrádok;ELPE dent s. r. o.;Zubné lekárstvo, Dentoalveolárna chirurgia, Implantológia;J. D. Matejovie 542/21;Liptovský Hrádok;03301;Okres Liptovský Mikuláš;Žilinský samosprávny kraj;;;;e-VUC;Novy
51-54790565-A0001;51-54790565-A0001;;Ambulancia zubného lekárstva, Liptovský Mikuláš;Dr. Romina s.r.o.;Zubné lekárstvo;Hollého 4456/1;Liptovský Mikuláš;03101;Okres Liptovský Mikuláš;Žilinský samosprávny kraj;;;;e-VUC;Novy
65-55464394-A0001;65-55464394-A0001;;Ambulancia zubného lekárstva, Liptovský Hrádok;JP dent s. r. o.;Zubné lekárstvo;J. D. Matejovie 542/21;Liptovský Hrádok;03301;Okres Liptovský Mikuláš;Žilinský samosprávny kraj;;;;e-VUC;Novy
65-46019715-A0002;65-46019715-A0002;;Ambulancia zubného lekárstva, Liptovský Hrádok;MDDr. Filip Langer, s. r. o.;Zubné lekárstvo;SNP 231;Liptovský Hrádok;03301;Okres Liptovský Mikuláš;Žilinský samosprávny kraj;;;;e-VUC;Novy
51-53599349-A0004;51-53599349-A0004;;Ambulancia zubného lekárstva, Liptovský Mikuláš;Dr. Martin CO s.r.o.;Zubné lekárstvo;Hollého 4456/1;Liptovský Mikuláš;03101;Okres Liptovský Mikuláš;Žilinský samosprávny kraj;;;;e-VUC;Novy
65-54790565-A0001;65-54790565-A0001;;Ambulancia zubného lekárstva, Liptovský Mikuláš;Dr. Romina s.r.o.;Zubné lekárstvo;Hollého 4456/1;Liptovský Mikuláš;03101;Okres Liptovský Mikuláš;Žilinský samosprávny kraj;;;;e-VUC;Novy
65-53897145-A0001;65-53897145-A0001;;AurelClinic, Liptovský Mikuláš;Dental group LM, s. r. o.;Zubné lekárstvo, Dentoalveolárna chirurgia, Implantológia;Moyzesova 669/13;Liptovský Mikuláš;03101;Okres Liptovský Mikuláš;Žilinský samosprávny kraj;;;;e-VUC;Novy
65-53688635-A0001;65-53688635-A0001;;Ambulancia zubného lekárstva, Liptovský Mikuláš;Liptovský úsmev, s. r. o.;Zubné lekárstvo;Štúrova 801/1;Liptovský Mikuláš;03101;Okres Liptovský Mikuláš;Žilinský samosprávny kraj;;;;e-VUC;Novy
65-52255441-A0008;65-52255441-A0008;;Ambulancia zubného lekárstva, Liptovský Mikuláš;Dr. Martin LM1 s. r. o.;Zubné lekárstvo;Hollého 4456/1;Liptovský Mikuláš;03101;Okres Liptovský Mikuláš;Žilinský samosprávny kraj;;;;e-VUC;Novy
65-52255441-A0009;65-52255441-A0009;;Ambulancia zubného lekárstva, Liptovský Mikuláš;Dr. Martin LM1 s. r. o.;Zubné lekárstvo;Hollého 4456/1;Liptovský Mikuláš;03101;Okres Liptovský Mikuláš;Žilinský samosprávny kraj;;;;e-VUC;Novy
65-52255441-A0005;65-52255441-A0005;;Ambulancia zubného lekárstva, Liptovský Mikuláš;Dr. Martin LM1 s. r. o.;Zubné lekárstvo;Hollého 4556/1;Liptovský Mikuláš;03101;Okres Liptovský Mikuláš;Žilinský samosprávny kraj;;;;e-VUC;Novy
65-52255441-A0006;65-52255441-A0006;;Ambulancia zubného lekárstva, Liptovský Mikuláš;Dr. Martin LM1 s. r. o.;Zubné lekárstvo;Hollého 4456/1;Liptovský Mikuláš;03101;Okres Liptovský Mikuláš;Žilinský samosprávny kraj;;;;e-VUC;Novy
65-52255441-A0007;65-52255441-A0007;;Ambulancia zubného lekárstva, Liptovský Mikuláš;Dr. Martin LM1 s. r. o.;Zubné lekárstvo;Hollého 4456/1;Liptovský Mikuláš;03101;Okres Liptovský Mikuláš;Žilinský samosprávny kraj;;;;e-VUC;Novy
65-52255441-A0003;65-52255441-A0003;;Ambulancia zubného lekárstva, Liptovský Mikuláš;Dr. Martin LM1 s. r. o.;Zubné lekárstvo;Hollého 4456/1;Liptovský Mikuláš;03101;Okres Liptovský Mikuláš;Žilinský samosprávny kraj;;;;e-VUC;Novy
65-52255441-A0004;65-52255441-A0004;;Ambulancia zubného lekárstva, Liptovský Mikuláš;Dr. Martin LM1 s. r. o.;Zubné lekárstvo;Hollého 4456/1;Liptovský Mikuláš;03101;Okres Liptovský Mikuláš;Žilinský samosprávny kraj;;;;e-VUC;Novy
65-44525702-A0003;65-44525702-A0003;;Ambulancia zubného lekárstva, Liptovský Mikuláš;MUDr. Jaroslava Hlavačková, s.r.o.;Zubné lekárstvo;OC Jasná, Garbiarska 695/462;Liptovský Mikuláš;03101;Okres Liptovský Mikuláš;Žilinský samosprávny kraj;;;;e-VUC;Novy
65-52255441-A0002;65-52255441-A0002;;Ambulancia zubného lekárstva, Liptovský Mikuláš;Dr. Martin LM1 s. r. o.;Zubné lekárstvo;Hollého 4456/1;Liptovský Mikuláš;03101;Okres Liptovský Mikuláš;Žilinský samosprávny kraj;;;;e-VUC;Novy
65-53540387-A0001;65-53540387-A0001;;Ambulancia dentálnej hygieny, Liptovský Hrádok;DentaLHradok s. r. o.;Dentálna hygiena;J. D. Matejovie 542;Liptovský Hrádok;03301;Okres Liptovský Mikuláš;Žilinský samosprávny kraj;;;;e-VUC;Novy
65-53678826-A0001;65-53678826-A0001;;Ambulancia zubného lekárstva, Liptovský Hrádok;MDDr. Kristína Kalmanová;Zubné lekárstvo;J. D.. Matejovie 542;Liptovský Hrádok;03301;Okres Liptovský Mikuláš;Žilinský samosprávny kraj;;;;e-VUC;Novy
65-51703866-A0002;65-51703866-A0002;;Ambulancia zubného lekárstva, Liptovský Mikuláš;MUDr. Hrkeľ Miloš s.r.o.;Zubné lekárstvo;Stošická 1072/60;Liptovský Mikuláš;03104;Okres Liptovský Mikuláš;Žilinský samosprávny kraj;;;;e-VUC;Novy
51-51052300-A0002;51-51052300-A0002;;Ambulancia zubného lekárstva, Liptovský Mikuláš;Dental group, s.r.o.;Zubné lekárstvo;Moyzesova 669/13;Liptovský Mikuláš;03101;Okres Liptovský Mikuláš;Žilinský samosprávny kraj;;;;e-VUC;Novy
65-52255441-A0001;65-52255441-A0001;;Ambulancia zubného lekárstva, Liptovský Mikuláš;Dr. Martin LM1 s. r. o.;Zubné lekárstvo;Hollého 4456/1;Liptovský Mikuláš;03101;Okres Liptovský Mikuláš;Žilinský samosprávny kraj;;;;e-VUC;Novy
65-51153114-A0002;65-51153114-A0002;;Ambulancia zubného lekárstva, Liptovský Mikuláš;Alexia creative Liptov s.r.o.;Zubné lekárstvo;Štúrova 2341/4;Liptovský Mikuláš;03101;Okres Liptovský Mikuláš;Žilinský samosprávny kraj;;;;e-VUC;Novy
65-51703866-A0001;65-51703866-A0001;;Ambulancia zubného lekárstva, Liptovský Mikuláš;MUDr. Hrkeľ Miloš s.r.o.;Zubné lekárstvo;Smrečianska 677;Liptovský Mikuláš;03104;Okres Liptovský Mikuláš;Žilinský samosprávny kraj;;;;e-VUC;Novy
65-51928531-A0001;65-51928531-A0001;;Ambulancia zubného lekárstva, Liptovský Mikuláš;Odontologia, s.r.o.;Zubné lekárstvo;Námestie Mieru 1944/1;Liptovský Mikuláš;03101;Okres Liptovský Mikuláš;Žilinský samosprávny kraj;;;;e-VUC;Novy
65-51701391-A0001;65-51701391-A0001;;Ambulancia zubného lekárstva, Liptovský Mikuláš;Prestige smile, s.r.o..;Zubné lekárstvo, Dentoalveolárna chirurgia;Jánošíkovo nábr. 1212/2;Liptovský Mikuláš;03101;Okres Liptovský Mikuláš;Žilinský samosprávny kraj;;;;e-VUC;Novy
65-51153114-A0001;65-51153114-A0001;;Ambulancia zubného lekárstva, Liptovský Mikuláš;Alexia creative Liptov s.r.o.;Zubné lekárstvo;Štúrova 2341/4;Liptovský Mikuláš;03101;Okres Liptovský Mikuláš;Žilinský samosprávny kraj;;;;e-VUC;Novy
65-50545116-A0001;65-50545116-A0001;;Ambulancia zubného lekárstva, Pavlo Grytsenko, Važec;TatraDent, s.r.o.;Zubné lekárstvo;Hlavná 775/0;Važec;03261;Okres Liptovský Mikuláš;Žilinský samosprávny kraj;;;;e-VUC;Novy
65-47498480-A0002;65-47498480-A0002;;Ambulancia zubného lekárstva, Liptovský Hrádok;FF DENT, s.r.o.;Zubné lekárstvo;J. D. Matejovie 542/21;Liptovský Hrádok;03301;Okres Liptovský Mikuláš;Žilinský samosprávny kraj;;;;e-VUC;Novy
65-48340821-A0001;65-48340821-A0001;;Ambulancia zubného lekárstva, Liptovský Mikuláš;Smiles Dental s.r.o.;Zubné lekárstvo;Jánošíkovo nábrežie 1212;Liptovský Mikuláš;03101;Okres Liptovský Mikuláš;Žilinský samosprávny kraj;;;;e-VUC;Novy
65-48276570-A0001;65-48276570-A0001;;Ambulancia zubného lekárstva, Liptovský Mikuláš;TOMDENT, s.r.o.;Zubné lekárstvo;Jánošíkovo nábr. 1212/2;Liptovský Mikuláš;03101;Okres Liptovský Mikuláš;Žilinský samosprávny kraj;;;;e-VUC;Novy
65-57649791-A0001;65-57649791-A0001;;Ambulancia zubného lekárstva, Vrútky;Kapitán Zub, s. r. o.;Zubné lekárstvo;Dielenská Kružná 5280/2;Vrútky;03861;Okres Martin;Žilinský samosprávny kraj;;;;e-VUC;Novy
65-57478635-A0001;65-57478635-A0001;;Ambulancia zubného lekárstva, Martin;Akvamarín dent. s. r. o.;Zubné lekárstvo;Hodžova 4627/1;Martin;03601;Okres Martin;Žilinský samosprávny kraj;;;;e-VUC;Novy
65-55521304-A0002;65-55521304-A0002;;Ambulancia zubného lekárstva, Martin;PuraDent s. r. o.;Zubné lekárstvo, Dentálna hygiena;Langsfeldova 5402/1;Martin;03601;Okres Martin;Žilinský samosprávny kraj;;;;e-VUC;Novy
65-36398101-A0005;65-36398101-A0005;;Ambulancia zubného lekárstva, Martin;eurodent MEDIMA, s.r.o;Zubné lekárstvo, Dentoalveolárna chirurgia;Priehradka 4727/20;Martin;03601;Okres Martin;Žilinský samosprávny kraj;;;;e-VUC;Novy
65-55521304-A0001;65-55521304-A0001;;Ambulancia zubného lekárstva, Martin;PuraDent s. r. o.;Zubné lekárstvo;Langsfeldova 5402/1;Martin;03601;Okres Martin;Žilinský samosprávny kraj;;;;e-VUC;Novy
65-55652565-A0002;65-55652565-A0002;;Ambulancia zubného lekárstva, Martin;FRIENDS dental s. r. o.;Zubné lekárstvo, Dentoalveolárna chirurgia;M. R. Štefánika 1046/66;Martin;03601;Okres Martin;Žilinský samosprávny kraj;;;;e-VUC;Novy
65-55652565-A0003;65-55652565-A0003;;Ambulancia zubného lekárstva, Martin;FRIENDS dental s. r. o.;Zubné lekárstvo;M. R. Štefánika 1046/66;Martin;03601;Okres Martin;Žilinský samosprávny kraj;;;;e-VUC;Novy
65-55652565-A0001;65-55652565-A0001;;Ambulancia zubného lekárstva, Martin;FRIENDS dental s. r. o.;Zubné lekárstvo, Dentoalveolárna chirurgia;M. R. Štefánika 1046/66;Martin;03601;Okres Martin;Žilinský samosprávny kraj;;;;e-VUC;Novy
51-00365327-A0174;51-00365327-A0174;;Klinika stomatológie a maxilofaciálnej chirurgie – Chirurgická stomatologická ambulancia, Ambulancia pre osteomyelitídy a nekrózy čeľuste a sánky, Ambulancia ústnej a tvárovo-čeľustnej chirurgie, Martin;Univerzitná nemocnica Martin;Maxilofaciálna chirurgia;Neprítomnosti: od 14.09.2026 do 14.09.2026 od 07.09.2026;;;Okres Martin;Žilinský samosprávny kraj;;;;e-VUC;Novy
65-55523251-A0001;65-55523251-A0001;;Ambulancia zubného lekárstva, Martin;Dontia s. r. o.;Zubné lekárstvo;Thurzova 442/16;Martin;03601;Okres Martin;Žilinský samosprávny kraj;;;;e-VUC;Novy
65-55467318-A0001;65-55467318-A0001;;Ambulancia zubného lekárstva, Martin;Biely zub, s.r.o.;Zubné lekárstvo, Dentoalveolárna chirurgia;P. Mudroňa 10191/10A;Martin;03601;Okres Martin;Žilinský samosprávny kraj;;;;e-VUC;Novy
65-55218962-A0001;65-55218962-A0001;;Welldent Clinic, Martin;Welldental s. r. o.;Zubné lekárstvo, Dentoalveolárna chirurgia, Implantológia;Kuzmányho 509/4;Martin;03601;Okres Martin;Žilinský samosprávny kraj;;;;e-VUC;Novy
65-52822184-A0002;65-52822184-A0002;;Ambulancia zubného lekárstva, Martin;White Dent, s. r. o.;Zubné lekárstvo;Hodžova 4627/1;Martin;03601;Okres Martin;Žilinský samosprávny kraj;;;;e-VUC;Novy
65-53291492-A0001;65-53291492-A0001;;Ambulancia zubného lekárstva, Martin;Dent One, s.r.o.;Zubné lekárstvo, Dentoalveolárna chirurgia;Škultétyho 470/7;Martin;03601;Okres Martin;Žilinský samosprávny kraj;;;;e-VUC;Novy
65-53602463-A0003;65-53602463-A0003;;Ambulancia zubného lekárstva, Martin;KŘÍŽ DENTAL CLINIC, s.r.o.;Zubné lekárstvo;Východná 4017/22;Martin;03601;Okres Martin;Žilinský samosprávny kraj;;;;e-VUC;Novy
65-53602463-A0004;65-53602463-A0004;;Ambulancia zubného lekárstva, Martin;KŘÍŽ DENTAL CLINIC, s.r.o.;Zubné lekárstvo, Dentoalveolárna chirurgia, Implantológia;Východná 4017/22;Martin;03601;Okres Martin;Žilinský samosprávny kraj;;;;e-VUC;Novy
65-53602463-A0005;65-53602463-A0005;;Ambulancia zubného lekárstva, Martin;KŘÍŽ DENTAL CLINIC, s.r.o.;Zubné lekárstvo, Dentálna hygiena;Východná 4017/22;Martin;03601;Okres Martin;Žilinský samosprávny kraj;;;;e-VUC;Novy
65-53602463-A0001;65-53602463-A0001;;Ambulancia zubného lekárstva, Martin;KŘÍŽ DENTAL CLINIC, s.r.o.;Zubné lekárstvo;Východná 4017/22;Martin;03601;Okres Martin;Žilinský samosprávny kraj;;;;e-VUC;Novy
65-53602463-A0002;65-53602463-A0002;;Ambulancia zubného lekárstva, Martin;KŘÍŽ DENTAL CLINIC, s.r.o.;Zubné lekárstvo;Východná 4017/22;Martin;03601;Okres Martin;Žilinský samosprávny kraj;;;;e-VUC;Novy
65-53786823-A0001;65-53786823-A0001;;Ambulancia zubného lekárstva, Martin;Denthaus, s. r. o.;Zubné lekárstvo;, Ambulancia nebude ordinovať z dôvodu odstávky vody. Zastupujúca ambulancia bude Dontia s.r.o., Thurzova 16, Martin. Kontakt: 0903 999 183. Ďakujeme za pochopenie.;;;Okres Martin;Žilinský samosprávny kraj;;;;e-VUC;Novy
65-54084482-A0001;65-54084482-A0001;;Ambulancia zubného lekárstva, Martin;MaKaDent s.r.o.;Zubné lekárstvo, Dentoalveolárna chirurgia, Implantológia;Škultétyho 470/6;Martin;03601;Okres Martin;Žilinský samosprávny kraj;;;;e-VUC;Novy
65-53170644-A0001;65-53170644-A0001;;Ambulancia zubného lekárstva, Martin;MATdent, s.r.o.;Zubné lekárstvo;Československej armády 6226/3;Martin;03601;Okres Martin;Žilinský samosprávny kraj;;;;e-VUC;Novy
65-53434536-A0001;65-53434536-A0001;;Ambulancia zubného lekárstva, Martin;MDDr. Viera Móricová s. r. o.;Zubné lekárstvo, Dentálna hygiena;Škultétyho 10680/1;Martin;03601;Okres Martin;Žilinský samosprávny kraj;;;;e-VUC;Novy
65-53057341-A0001;65-53057341-A0001;;Ambulancia zubného lekárstva, Martin;Next One, s.r.o.;Zubné lekárstvo, Dentoalveolárna chirurgia;Škultétyho 470/7;Martin;03601;Okres Martin;Žilinský samosprávny kraj;;;;e-VUC;Novy
65-52822184-A0001;65-52822184-A0001;;Ambulancia zubného lekárstva, Turany;White Dent, s. r. o.;Zubné lekárstvo;Krížna 1157/11;Turany;03853;Okres Martin;Žilinský samosprávny kraj;;;;e-VUC;Novy
65-52880915-A0001;65-52880915-A0001;;Ambulancia zubného lekárstva, Kláštor pod Znievom;RODENT s.r.o.;Zubné lekárstvo;Dr. M. Korauša 209;Kláštor pod Znievom;03843;Okres Martin;Žilinský samosprávny kraj;;;;e-VUC;Novy
65-57385581-A0001;65-57385581-A0001;;Ambulancia dentálnej hygieny, Lokca;DENT-HALL s. r. o.;Dentálna hygiena;Pri zdravotnom stredisku 274/2;Lokca;02951;Okres Námestovo;Žilinský samosprávny kraj;;;;e-VUC;Novy
65-56884516-A0001;65-56884516-A0001;;La Dentonia s. r. o., Mútne;La Dentonia s. r. o.;Zubné lekárstvo;, čerpanie dovolenky, bolestivé a akútne prípady ošetria v zubnej ambulancii v Oravskom Veselom v ranných hodinách;;;Okres Námestovo;Žilinský samosprávny kraj;;;;e-VUC;Novy
65-55795404-A0001;65-55795404-A0001;;Ambulancia zubného lekárstva, Námestovo;ZUB NO s.r.o.;Zubné lekárstvo;Hviezdoslavovo námestie 201/21;Námestovo;02901;Okres Námestovo;Žilinský samosprávny kraj;;;;e-VUC;Novy
65-55795404-A0002;65-55795404-A0002;;Ambulancia zubného lekárstva, Námestovo;ZUB NO s.r.o.;Zubné lekárstvo;Hviezdoslavovo námestie 201/21;Námestovo;02901;Okres Námestovo;Žilinský samosprávny kraj;;;;e-VUC;Novy
65-36722821-A0007;65-36722821-A0007;;Ambulancia zubného lekárstva, Novoť;GDENT, s.r.o.;Zubné lekárstvo;Novoť 292;Novoť;02955;Okres Námestovo;Žilinský samosprávny kraj;;;;e-VUC;Novy
65-55275524-A0001;65-55275524-A0001;;Ambulancia dentálnej hygieny, Oravské Veselé;GR – DENT s. r. o.;Dentálna hygiena;Oravské Veselé 193;Oravské Veselé;02962;Okres Námestovo;Žilinský samosprávny kraj;;;;e-VUC;Novy
65-55267840-A0001;65-55267840-A0001;;Ambulancia zubného lekárstva, Oravská Lesná;ORDENT s.r.o.;Zubné lekárstvo;Oravská Lesná 308;Oravská Lesná;02957;Okres Námestovo;Žilinský samosprávny kraj;;;;e-VUC;Novy
65-52432963-A0002;65-52432963-A0002;;Ambulancia zubného lekárstva, Oravské Veselé;MDDr. Alžbeta Kvasničáková;Zubné lekárstvo;Oravské Veselé 193;Oravské Veselé;02962;Okres Námestovo;Žilinský samosprávny kraj;;;;e-VUC;Novy
65-47243911-A0002;65-47243911-A0002;;Ambulancia zubného lekárstva, Námestovo;FENADENT s.r.o.;Zubné lekárstvo, Dentoalveolárna chirurgia;Hviezdoslavova 15/9;Námestovo;02901;Okres Námestovo;Žilinský samosprávny kraj;;;;e-VUC;Novy
65-36384861-A0004;65-36384861-A0004;;DENTIVA, s.r.o., Námestovo;DENTIVA, s. r. o.;Zubné lekárstvo, Dentoalveolárna chirurgia, Implantológia;Mieru 282/18;Námestovo;02901;Okres Námestovo;Žilinský samosprávny kraj;;;;e-VUC;Novy
65-53623436-A0001;65-53623436-A0001;;Ambulancia dentálnej hygieny, Lokca;Bc. Jana Halušková;Dentálna hygiena;Pri zdravotnom stredisku 274/2;Lokca;02951;Okres Námestovo;Žilinský samosprávny kraj;;;;e-VUC;Novy
65-53381271-A0001;65-53381271-A0001;;Ambulancia zubného lekárstva, MUDr. Magdaléna Šelianová, Námestovo;ORAVADENT s. r. o.;Zubné lekárstvo;Hviezdoslavova 49;Námestovo;02901;Okres Námestovo;Žilinský samosprávny kraj;;;;e-VUC;Novy
65-53381271-A0002;65-53381271-A0002;;Ambulancia zubného lekárstva, Rabča;ORAVADENT s. r. o.;Zubné lekárstvo;Rabčická 329;Rabča;02944;Okres Námestovo;Žilinský samosprávny kraj;;;;e-VUC;Novy
65-51934451-A0001;65-51934451-A0001;;Ambulancia zubného lekárstva, Lokca;SKALAK stom, s.r.o.;Zubné lekárstvo;Pri zdravotnom stredisku 608/4;Lokca;02951;Okres Námestovo;Žilinský samosprávny kraj;;;;e-VUC;Novy
65-52432963-A0001;65-52432963-A0001;;Ambulancia zubného lekárstva, Oravské Veselé;MDDr. Alžbeta Kvasničáková;Zubné lekárstvo;Oravské Veselé 193;Oravské Veselé;02962;Okres Námestovo;Žilinský samosprávny kraj;;;;e-VUC;Novy
65-51441128-A0001;65-51441128-A0001;;Ambulancia zubného lekárstva, Námestovo;I - Stoma, s.r.o.;Zubné lekárstvo, Dentoalveolárna chirurgia;Hviezdoslavova 51/12;Námestovo;02901;Okres Námestovo;Žilinský samosprávny kraj;;;;e-VUC;Novy
65-36722821-A0005;65-36722821-A0005;;Ambulancia zubného lekárstva, Zákamenné;GDENT, s.r.o.;Zubné lekárstvo;Zákamenné 55;Zákamenné;02956;Okres Námestovo;Žilinský samosprávny kraj;;;;e-VUC;Novy
65-36827975-A0001;65-36827975-A0001;;Ambulancia zubného lekárstva, Námestovo;PEDAX, spol. s.r.o.;Zubné lekárstvo;Červeného kríža 62/30;Námestovo;02901;Okres Námestovo;Žilinský samosprávny kraj;;;;e-VUC;Novy
65-50633546-A0001;65-50633546-A0001;;Ambulancia zubného lekárstva, Námestovo;smdent s.r.o.;Zubné lekárstvo;Štefánikova 205;Námestovo;02901;Okres Námestovo;Žilinský samosprávny kraj;;;;e-VUC;Novy
65-36722821-A0004;65-36722821-A0004;;Ambulancia zubného lekárstva, Mútne;GDENT, s.r.o.;Zubné lekárstvo;Mútne 196;Mútne;02963;Okres Námestovo;Žilinský samosprávny kraj;;;;e-VUC;Novy
65-50320190-A0001;65-50320190-A0001;;Ambulancia zubného lekárstva, Námestovo;SVEDENT s.r.o.;Zubné lekárstvo;Hviezdoslavova 49;Námestovo;02901;Okres Námestovo;Žilinský samosprávny kraj;;;;e-VUC;Novy
65-35663987-A0002;65-35663987-A0002;;Ambulancia zubného lekárstva, Námestovo;MUDr. Miloslav Matejčík;Zubné lekárstvo;Červeného Kríža 62/30;Námestovo;02901;Okres Námestovo;Žilinský samosprávny kraj;;;;e-VUC;Novy
65-47685352-A0001;65-47685352-A0001;;Ambulancia dentálnej hygieny, Námestovo;Bc. Roman Vráb;Dentálna hygiena;Nábrežie 1161;Námestovo;02901;Okres Námestovo;Žilinský samosprávny kraj;;;;e-VUC;Novy
65-44908300-A0002;65-44908300-A0002;;Ambulancia zubného lekárstva, Námestovo;MUDr. Škombár, s.r.o.;Zubné lekárstvo, Dentoalveolárna chirurgia;Hviezdoslavova 39;Námestovo;02901;Okres Námestovo;Žilinský samosprávny kraj;;;;e-VUC;Novy
65-36722821-A0002;65-36722821-A0002;;Ambulancia zubného lekárstva, Zákamenné;GDENT, s.r.o.;Zubné lekárstvo;Zákamenné 55;Zákamenné;02956;Okres Námestovo;Žilinský samosprávny kraj;;;;e-VUC;Novy
65-36722821-A0001;65-36722821-A0001;;Ambulancia zubného lekárstva, Zákamenné;GDENT, s.r.o.;Zubné lekárstvo;Zákamenné 1003;Zákamenné;02956;Okres Námestovo;Žilinský samosprávny kraj;;;;e-VUC;Novy
65-44908300-A0003;65-44908300-A0003;;Ambulancia zubného lekárstva, Námestovo;MUDr. Škombár, s.r.o.;Zubné lekárstvo, Dentoalveolárna chirurgia;Hviezdoslavova 39;Námestovo;02901;Okres Námestovo;Žilinský samosprávny kraj;;;;e-VUC;Novy
65-44908300-A0001;65-44908300-A0001;;Ambulancia dentálnej hygieny, Námestovo;MUDr. Škombár, s.r.o.;Dentálna hygiena;Hviezdoslavova 39;Námestovo;02901;Okres Námestovo;Žilinský samosprávny kraj;;;;e-VUC;Novy
65-00634875-A0002;65-00634875-A0002;;Ambulancia zubného lekárstva, Tetiana Petryk, Námestovo;Oravská poliklinika Námestovo;Zubné lekárstvo;Červeného kríža 62/30;Námestovo;02901;Okres Námestovo;Žilinský samosprávny kraj;;;;e-VUC;Novy
65-47044101-A0001;65-47044101-A0001;;Ambulancia zubného lekárstva, Rabča;Hadent, s.r.o.;Zubné lekárstvo;Rabčická 330;Rabča;02944;Okres Námestovo;Žilinský samosprávny kraj;;;;e-VUC;Novy
65-47243414-A0001;65-47243414-A0001;;Ambulancia zubného lekárstva, Námestovo;KASDENT, s.r.o.;Zubné lekárstvo;Hviezdoslavova 15/9;Námestovo;02901;Okres Námestovo;Žilinský samosprávny kraj;;;;e-VUC;Novy
65-36415855-A0001;65-36415855-A0001;;Ambulancia zubného lekárstva, Námestovo;Dr. Gašpar, s.r.o.;Zubné lekárstvo;Červeného kríža 85/25;Námestovo;02901;Okres Námestovo;Žilinský samosprávny kraj;;;;e-VUC;Novy
65-56563973-A0001;65-56563973-A0001;;Ambulancia zubného lekárstva, Ružomberok;KENEZ - DENT, spol. s r. o.;Zubné lekárstvo;Panská 1301/2;Ružomberok;03401;Okres Ružomberok;Žilinský samosprávny kraj;;;;e-VUC;Novy
65-56920113-A0001;65-56920113-A0001;;Ambulancia dentálnej hygieny, Ružomberok;Mgr. Monika Mikušiaková, MPH;Dentálna hygiena;Hollého 5350/17;Ružomberok;03401;Okres Ružomberok;Žilinský samosprávny kraj;;;;e-VUC;Novy
65-56472871-A0001;65-56472871-A0001;;Ambulancia zubného lekárstva, MDDr. Marie Jágerová, Ružomberok;ZubEx s. r. o.;Zubné lekárstvo, Dentoalveolárna chirurgia;Plavisko 5278/43;Ružomberok;03401;Okres Ružomberok;Žilinský samosprávny kraj;;;;e-VUC;Novy
65-56443463-A0001;65-56443463-A0001;;Ambulancia zubného lekárstva, Ružomberok;DOOSDENT s. r. o.;Zubné lekárstvo;Dončova 1455/2;Ružomberok;03401;Okres Ružomberok;Žilinský samosprávny kraj;;;;e-VUC;Novy
65-53174224-A0002;65-53174224-A0002;;Ambulancia zubného lekárstva, Anna Haponiuk, Liptovské Sliače;ANN DENTAL s.r.o.;Zubné lekárstvo, Dentoalveolárna chirurgia;Dielnice 867/1;Liptovské Sliače;03484;Okres Ružomberok;Žilinský samosprávny kraj;;;;e-VUC;Novy
51-54718627-A0001;51-54718627-A0001;;Ambulancia zubného lekárstva, Liptovská Teplá;DENTALPARK PRO s. r. o.;Zubné lekárstvo, Dentoalveolárna chirurgia;Liptovská Teplá 73;Liptovská Teplá;03483;Okres Ružomberok;Žilinský samosprávny kraj;;;;e-VUC;Novy
65-54628121-A0001;65-54628121-A0001;;AurelClinic, Likavka;Dental group RK, s. r. o.;Zubné lekárstvo;Pod Paračkou 1091/29;Likavka;03495;Okres Ružomberok;Žilinský samosprávny kraj;;;;e-VUC;Novy
65-47234989-A0003;65-47234989-A0003;;Ambulancia zubného lekárstva, Ružomberok;KARIDENT, s.r.o.;Zubné lekárstvo, Dentálna hygiena;, OZNAM V dňoch 03.08. - 01.09.2026 neordinujeme Bolestivé prípady ošetrí ANN Dental s.r.o. , Dielnice 867/1, Liptovské Sliače po telefonickom dohovore na č.t. 0949 191 887;;;Okres Ružomberok;Žilinský samosprávny kraj;;;;e-VUC;Novy
65-54718627-A0001;65-54718627-A0001;;Ambulancia zubného lekárstva, MDDr. Michaela Sojaková, Liptovská Teplá;DENTALPARK PRO s. r. o.;Zubné lekárstvo, Dentoalveolárna chirurgia;Liptovská Teplá 73;Liptovská Teplá;03483;Okres Ružomberok;Žilinský samosprávny kraj;;;;e-VUC;Novy
65-54251117-A0001;65-54251117-A0001;;Ambulancia zubného lekárstva, Ružomberok;OMEGA Dental s. r. o.;Zubné lekárstvo;OMEGA DENTAL CLINIC - Stomatologická klinika, Maroša Madačova 5341/1A;Ružomberok;03401;Okres Ružomberok;Žilinský samosprávny kraj;;;;e-VUC;Novy
65-54253039-A0001;65-54253039-A0001;;Ambulancia zubného lekárstva, Ružomberok;OMEGA Dental - surgery s. r. o.;Zubné lekárstvo, Dentoalveolárna chirurgia;OMEGA DENTAL CLINIC - Stomatochirurgická ambulancia, Maroša Madačova 5341/1A;Ružomberok;03401;Okres Ružomberok;Žilinský samosprávny kraj;;;;e-VUC;Novy
65-50053477-A0002;65-50053477-A0002;;Ambulancia zubného lekárstva, Liptovská Teplá;Zubok s. r. o.;Zubné lekárstvo, Dentálna hygiena;Liptovská Teplá 73;Liptovská Teplá;03483;Okres Ružomberok;Žilinský samosprávny kraj;;;;e-VUC;Novy
65-53689062-A0001;65-53689062-A0001;;Ambulancia zubného lekárstva, Dr.Yuliia Oliseichyk, Likavka;OLIDENT s.r.o.;Zubné lekárstvo;Likavka 865;Likavka;03495;Okres Ružomberok;Žilinský samosprávny kraj;;;;e-VUC;Novy
65-53174224-A0001;65-53174224-A0001;;Ambulancia zubného lekárstva, Anna Haponiuk, Liptovské Sliače;ANN DENTAL s.r.o.;Zubné lekárstvo, Dentoalveolárna chirurgia, Dentálna hygiena;Dielnice 867/1;Liptovské Sliače;03484;Okres Ružomberok;Žilinský samosprávny kraj;;;;e-VUC;Novy
65-50053477-A0001;65-50053477-A0001;;Ambulancia zubného lekárstva, Ružomberok;Zubok s. r. o.;Zubné lekárstvo, Dentálna hygiena;Zarevúca 5677/3A;Ružomberok;03401;Okres Ružomberok;Žilinský samosprávny kraj;;;;e-VUC;Novy
65-47234989-A0002;65-47234989-A0002;;Ambulancia zubného lekárstva, BARBORA KAMHALOVÁ, Ružomberok;KARIDENT, s.r.o.;Zubné lekárstvo, Dentálna hygiena;, OZNAM V dňoch 03.08. - 01.09.2026 neordinujeme Bolestivé prípady ošetrí ANN Dental s.r.o. , Dielnice 867/1, Liptovské Sliače po telefonickom dohovore na č.t. 0949 191 887;;;Okres Ružomberok;Žilinský samosprávny kraj;;;;e-VUC;Novy
65-51878046-A0001;65-51878046-A0001;;Ambulancia zubného lekárstva, Lúčky;TEBEDENT, s. r. o.;Zubné lekárstvo;Lúčky 45;Lúčky;03482;Okres Ružomberok;Žilinský samosprávny kraj;;;;e-VUC;Novy
65-51482835-A0001;65-51482835-A0001;;Ambulancia zubného lekárstva, Ružomberok;MDDr. Martin Šida, s.r.o.;Zubné lekárstvo;Pánska 1301;Ružomberok;03401;Okres Ružomberok;Žilinský samosprávny kraj;;;;e-VUC;Novy
65-45715467-A0003;65-45715467-A0003;;Ambulancia zubného lekárstva, Ružomberok;S-DENT, s.r.o.;Zubné lekárstvo, Dentálna hygiena;Bystrická cesta 16;Ružomberok;03401;Okres Ružomberok;Žilinský samosprávny kraj;;;;e-VUC;Novy
65-45715467-A0002;65-45715467-A0002;;Ambulancia zubného lekárstva, Ružomberok;S-DENT, s.r.o.;Zubné lekárstvo;Bystrická cesta 16;Ružomberok;03401;Okres Ružomberok;Žilinský samosprávny kraj;;;;e-VUC;Novy
51-00738301-A0083;51-00738301-A0083;;Ambulancia zubného lekárstva, Ružomberok;Nemocnica pre obvinených a odsúdených a Ústav na výkon trestu odňatia slobody;Zubné lekárstvo;ÚVTOS, Dončova 1457/6;Ružomberok;03401;Okres Ružomberok;Žilinský samosprávny kraj;;;;e-VUC;Novy
51-31936415-A0190;51-31936415-A0190;;Ambulancia zubného lekárstva, MDDr. Lívia Kotuličová, Ružomberok;Ústredná vojenská nemocnica SNP Ružomberok - FN;Zubné lekárstvo;ÚVN, Gen. Miloša Vesela 21;Ružomberok;03426;Okres Ružomberok;Žilinský samosprávny kraj;;;;e-VUC;Novy
65-50137522-A0001;65-50137522-A0001;;Ambulancia zubného lekárstva, Likavka;ANEF, s . r. o.;Zubné lekárstvo, Dentoalveolárna chirurgia;D. Kráľovenskej 865;Likavka;03495;Okres Ružomberok;Žilinský samosprávny kraj;;;;e-VUC;Novy
51-31936415-A0189;51-31936415-A0189;;Ambulancia zubného lekárstva, MUDr. Radoslav Ružinák, Ružomberok;Ústredná vojenská nemocnica SNP Ružomberok - FN;Zubné lekárstvo;ÚVN, Gen. Miloša Vesela 21;Ružomberok;03426;Okres Ružomberok;Žilinský samosprávny kraj;;;;e-VUC;Novy
51-31936415-A0187;51-31936415-A0187;;Ambulancia zubného lekárstva, MDDr. Dominik Glaba, Ružomberok;Ústredná vojenská nemocnica SNP Ružomberok - FN;Zubné lekárstvo;ÚVN, Gen. Miloša Vesela 21;Ružomberok;03426;Okres Ružomberok;Žilinský samosprávny kraj;;;;e-VUC;Novy
51-31936415-A0186;51-31936415-A0186;;Ambulancia zubného lekárstva, MUDr. Eva Ragačová, Ružomberok;Ústredná vojenská nemocnica SNP Ružomberok - FN;Zubné lekárstvo;ÚVN, Gen. Miloša Vesela 21;Ružomberok;03426;Okres Ružomberok;Žilinský samosprávny kraj;;;;e-VUC;Novy
65-52040461-A0001;65-52040461-A0001;;Ambulancia zubného lekárstva, Mošovce;Nataliya Kuzma;Zubné lekárstvo;Mládeže 358;Mošovce;03821;Okres Turčianske Teplice;Žilinský samosprávny kraj;;;;e-VUC;Novy
65-42219418-A0001;65-42219418-A0001;;Ambulancia zubného lekárstva, Turčianske Teplice;MUDr. Viera Ruttkayová;Zubné lekárstvo;9. mája 438;Turčianske Teplice;03901;Okres Turčianske Teplice;Žilinský samosprávny kraj;;;;e-VUC;Novy
65-36136786-A0001;65-36136786-A0001;;Ambulancia zubného lekárstva, Turčianske Teplice;MUDr. Marián Leško;Zubné lekárstvo;SNP 553/148;Turčianske Teplice;03901;Okres Turčianske Teplice;Žilinský samosprávny kraj;;;;e-VUC;Novy
51-47231653-A0001;51-47231653-A0001;;Ambulancia zubného lekárstva, Turčianske Teplice;AL-AMEERAH DENT s.r.o.;Zubné lekárstvo, Dentoalveolárna chirurgia;9. mája 438/15;Turčianske Teplice;03901;Okres Turčianske Teplice;Žilinský samosprávny kraj;;;;e-VUC;Novy
65-47873329-A0001;65-47873329-A0001;;Ambulancia zubného lekárstva, Turčianske Teplice;I.C. DENT s.r.o.;Zubné lekárstvo;Školská 447/2;Turčianske Teplice;03901;Okres Turčianske Teplice;Žilinský samosprávny kraj;;;;e-VUC;Novy
65-00623881-A0001;65-00623881-A0001;;Ambulancia zubného lekárstva, Turčianske Teplice;MUDr. Radko Janovský;Zubné lekárstvo;Kuzmányho 1462/93;Turčianske Teplice;03901;Okres Turčianske Teplice;Žilinský samosprávny kraj;;;;e-VUC;Novy
65-46988424-A0001;65-46988424-A0001;;Ambulancia zubného lekárstva, Tvrdošín;PROFESSIO DENT s.r.o.;Zubné lekárstvo;Tvrdošín 234;Tvrdošín;02744;Okres Tvrdošín;Žilinský samosprávny kraj;;;;e-VUC;Novy
65-44154828-A0003;65-44154828-A0003;;Ambulancia zubného lekárstva, MUDr. Alena Benková, Tvrdošín;ALKOR - DENT s.r.o.;Zubné lekárstvo, Choroby slizníc ústnej dutiny a paradontu;Tree-med centrum, Vojtaššákova 642/26;Tvrdošín;02744;Okres Tvrdošín;Žilinský samosprávny kraj;;;;e-VUC;Novy
65-47426756-A0002;65-47426756-A0002;;Ambulancia zubného lekárstva, Trstená;DENTPA, s.r.o.;Zubné lekárstvo;Bernolákova 24;Trstená;02801;Okres Tvrdošín;Žilinský samosprávny kraj;;;;e-VUC;Novy
65-55265936-A0001;65-55265936-A0001;;MDDr. Magdaléna Habovštiaková - ambulancia zubného lekárstva, Nižná;ZubHab s. r. o.;Zubné lekárstvo;Závodná 480/1A;Nižná;02743;Okres Tvrdošín;Žilinský samosprávny kraj;;;;e-VUC;Novy
65-54606365-A0001;65-54606365-A0001;;Ambulancia zubného lekárstva, Nižná;TPBcompany s. r. o.;Zubné lekárstvo;Závodná 287/12;Nižná;02743;Okres Tvrdošín;Žilinský samosprávny kraj;;;;e-VUC;Novy
65-54038251-A0001;65-54038251-A0001;;Ambulancia dentálnej hygieny, Tvrdošín;Bc. Mariana Hartelová;Dentálna hygiena;Vojtaššákova 632/44;Tvrdošín;02744;Okres Tvrdošín;Žilinský samosprávny kraj;;;;e-VUC;Novy
65-53622375-A0001;65-53622375-A0001;;Ambulancia zubného lekárstva, Trstená;Horňákdent, s. r. o.;Zubné lekárstvo;Oravická 1884/65;Trstená;02801;Okres Tvrdošín;Žilinský samosprávny kraj;;;;e-VUC;Novy
65-44630727-A0003;65-44630727-A0003;;Ambulancia zubného lekárstva, Suchá Hora;Stompedan spol. s.r.o.;Zubné lekárstvo;Suchá Hora 241;Suchá Hora;02713;Okres Tvrdošín;Žilinský samosprávny kraj;;;;e-VUC;Novy
65-44630727-A0002;65-44630727-A0002;;Ambulancia zubného lekárstva, MUDr. Daniela Hirnerová, Trstená;Stompedan spol. s.r.o.;Zubné lekárstvo, Dentálna hygiena;Bernolákova 24/18;Trstená;02801;Okres Tvrdošín;Žilinský samosprávny kraj;;;;e-VUC;Novy
65-51811731-A0001;65-51811731-A0001;;MDDr. Milan Kutlík - KUTLÍK DENT, Tvrdošín;MDDr. Milan Kutlík;Zubné lekárstvo;Medvedzie 234;Tvrdošín;02744;Okres Tvrdošín;Žilinský samosprávny kraj;;;;e-VUC;Novy
65-44521618-A0004;65-44521618-A0004;;Ambulancia zubného lekárstva, Tvrdošín;KM - DENT, s.r.o.;Zubné lekárstvo;Trojičné námestie 213/55;Tvrdošín;02744;Okres Tvrdošín;Žilinský samosprávny kraj;;;;e-VUC;Novy
65-44521618-A0002;65-44521618-A0002;;Ambulancia zubného lekárstva, Tvrdošín;KM - DENT, s.r.o.;Zubné lekárstvo;Trojičné námestie 213/55;Tvrdošín;02744;Okres Tvrdošín;Žilinský samosprávny kraj;;;;e-VUC;Novy
65-44521618-A0003;65-44521618-A0003;;Ambulancia zubného lekárstva, Tvrdošín;KM - DENT, s.r.o.;Zubné lekárstvo;Trojičné námestie 213/55;Tvrdošín;02744;Okres Tvrdošín;Žilinský samosprávny kraj;;;;e-VUC;Novy
65-47257334-A0001;65-47257334-A0001;;Ambulancia zubného lekárstva, MDDr. Kristína Gašparová, Trstená;ROZIAK, s.r.o.;Zubné lekárstvo, Dentoalveolárna chirurgia;SNP 160/1;Trstená;02801;Okres Tvrdošín;Žilinský samosprávny kraj;;;;e-VUC;Novy
65-44630727-A0001;65-44630727-A0001;;Ambulancia zubného lekárstva, Trstená;Stompedan spol. s.r.o.;Zubné lekárstvo;Bernolákova 24/18;Trstená;02801;Okres Tvrdošín;Žilinský samosprávny kraj;;;;e-VUC;Novy
65-31930603-A0001;65-31930603-A0001;;Ambulancia zubného lekárstva, Tvrdošín;MUDr. Vladimír Kormoš;Zubné lekárstvo, Dentoalveolárna chirurgia, Implantológia, Choroby slizníc ústnej dutiny a paradontu;Medvedzie 135;Tvrdošín;02744;Okres Tvrdošín;Žilinský samosprávny kraj;;;;e-VUC;Novy
65-35659874-A0001;65-35659874-A0001;;Ambulancia zubného lekárstva, Nižná;MUDr. Monika Rentková;Zubné lekárstvo;Matúškova 480;Nižná;02743;Okres Tvrdošín;Žilinský samosprávny kraj;;;;e-VUC;Novy
65-36686689-A0001;65-36686689-A0001;;Ambulancia zubného lekárstva, MUDr. Eva Bullová, Nižná;MUDr. Eva Bullová, s.r.o.;Zubné lekárstvo;od 17.08.2026 do 21.08.2026;;;Okres Tvrdošín;Žilinský samosprávny kraj;;;;e-VUC;Novy
65-42347947-A0001;65-42347947-A0001;;Ambulancia zubného lekárstva, Tvrdošín;MDDr. Peter Horňák;Zubné lekárstvo;Medvedzie 234;Tvrdošín;02744;Okres Tvrdošín;Žilinský samosprávny kraj;;;;e-VUC;Novy
65-44521618-A0001;65-44521618-A0001;;Ambulancia zubného lekárstva, Tvrdošín;KM - DENT, s.r.o.;Zubné lekárstvo;Školská 165/2;Tvrdošín;02744;Okres Tvrdošín;Žilinský samosprávny kraj;;;;e-VUC;Novy
65-45471436-A0001;65-45471436-A0001;;Ambulancia zubného lekárstva, Trstená;RUŽA - DENT, s.r.o.;Zubné lekárstvo, Dentoalveolárna chirurgia, Choroby slizníc ústnej dutiny a paradontu;Bernolákova 25;Trstená;02801;Okres Tvrdošín;Žilinský samosprávny kraj;;;;e-VUC;Novy
65-42347947-A0002;65-42347947-A0002;;Ambulancia zubného lekárstva, Trstená;MDDr. Peter Horňák;Zubné lekárstvo;Oravická 1884/65;Trstená;02801;Okres Tvrdošín;Žilinský samosprávny kraj;;;;e-VUC;Novy
65-47693401-A0001;65-47693401-A0001;;Ambulancia zubného lekárstva, MUDr.Patrik Palko, Nižná;SPARTDENT, s.r.o.;Zubné lekárstvo;eRecept Závodná 480;Nižná;02743;Okres Tvrdošín;Žilinský samosprávny kraj;;;;e-VUC;Novy
65-47426756-A0001;65-47426756-A0001;;Ambulancia zubného lekárstva, Trstená;DENTPA, s.r.o.;Zubné lekárstvo;Bernolákova 24;Trstená;02801;Okres Tvrdošín;Žilinský samosprávny kraj;;;;e-VUC;Novy
65-36440752-A0001;65-36440752-A0001;;Ambulancia zubného lekárstva, Adriána Urbanová, Zuberec;P a S s.r.o.;Zubné lekárstvo;Andreja Bažíka 210;Zuberec;02732;Okres Tvrdošín;Žilinský samosprávny kraj;;;;e-VUC;Novy
65-48028070-A0001;65-48028070-A0001;;Ambulancia zubného lekárstva, Trstená;V-DENTAL, s.r.o.;Zubné lekárstvo;Bernolákova 25;Trstená;02801;Okres Tvrdošín;Žilinský samosprávny kraj;;;;e-VUC;Novy
65-44154828-A0001;65-44154828-A0001;;Ambulancia zubného lekárstva, MUDr. Alena Benková, Tvrdošín;ALKOR - DENT s.r.o.;Zubné lekárstvo;Tree-med centrum, Vojtaššákova 642/26;Tvrdošín;02744;Okres Tvrdošín;Žilinský samosprávny kraj;;;;e-VUC;Novy
65-31925600-A0001;65-31925600-A0001;;Ambulancia zubného lekárstva, Tvrdošín;MUDr. Vladimír Hreus;Zubné lekárstvo;Medvedzie 234;Tvrdošín;02744;Okres Tvrdošín;Žilinský samosprávny kraj;;;;e-VUC;Novy
65-57645892-A0001;65-57645892-A0001;;Ambulancia zubného lekárstva, Žilina;MUDr. Mária Berešíková, s. r. o.;Zubné lekárstvo;Vojtecha Tvrdého 785/7;Žilina;01001;Okres Žilina;Žilinský samosprávny kraj;;;;e-VUC;Novy
65-57305323-A0001;65-57305323-A0001;;Ambulancia zubného lekárstva, Žilina;Bright bite, s. r. o.;Zubné lekárstvo, Dentoalveolárna chirurgia, Implantológia;Vojtecha Spanyola 1757/1;Žilina;01001;Okres Žilina;Žilinský samosprávny kraj;;;;e-VUC;Novy
65-51814765-A0002;65-51814765-A0002;;Jednodňová zdravotná starostlivosť, dentoalveolárna chirurgia, Žilina;Oleksandr Kholodnyak, s.r.o.;Dentoalveolárna chirurgia;Komenského 2620/52;Žilina;01001;Okres Žilina;Žilinský samosprávny kraj;;;;e-VUC;Novy
65-55913504-A0003;65-55913504-A0003;;Ambulancia zubného lekárstva, Žilina;Dominodent s.r.o.;Zubné lekárstvo;Dolné Rudiny 3887/1;Žilina;01001;Okres Žilina;Žilinský samosprávny kraj;;;;e-VUC;Novy
65-55913504-A0004;65-55913504-A0004;;Ambulancia zubného lekárstva, Žilina;Dominodent s.r.o.;Zubné lekárstvo, Dentálna hygiena;Dolné Rudiny 3887/1;Žilina;01001;Okres Žilina;Žilinský samosprávny kraj;;;;e-VUC;Novy
65-57348472-A0002;65-57348472-A0002;;Ambulancia dentálnej hygieny, Žilina;VEREŠ DENTAL s. r. o.;Dentálna hygiena;Hálkova 3297/3;Žilina;01001;Okres Žilina;Žilinský samosprávny kraj;;;;e-VUC;Novy
65-57348472-A0001;65-57348472-A0001;;Ambulancia zubného lekárstva, Žilina;VEREŠ DENTAL s. r. o.;Zubné lekárstvo;Hálkova 3297/3;Žilina;01001;Okres Žilina;Žilinský samosprávny kraj;;;;e-VUC;Novy
65-55227104-A0002;65-55227104-A0002;;Ambulancia zubného lekárstva, Žilina;DentisTree s. r. o.;Zubné lekárstvo, Dentálna hygiena;, Dentálna hygiena nepracuje, zubná ambulancia v utorok od;;;Okres Žilina;Žilinský samosprávny kraj;;;;e-VUC;Novy
65-57333637-A0004;65-57333637-A0004;;Ambulancia zubného lekárstva, Žilina;moyzubar s. r. o.;Zubné lekárstvo, Dentálna hygiena;Moyzesova 910/23;Žilina;01001;Okres Žilina;Žilinský samosprávny kraj;;;;e-VUC;Novy
65-57333637-A0001;65-57333637-A0001;;Ambulancia zubného lekárstva, Žilina;moyzubar s. r. o.;Zubné lekárstvo, Dentoalveolárna chirurgia;Moyzesova 910/23;Žilina;01001;Okres Žilina;Žilinský samosprávny kraj;;;;e-VUC;Novy
65-57333637-A0002;65-57333637-A0002;;Ambulancia zubného lekárstva, Žilina;moyzubar s. r. o.;Zubné lekárstvo, Dentoalveolárna chirurgia;Moyzesova 910/23;Žilina;01001;Okres Žilina;Žilinský samosprávny kraj;;;;e-VUC;Novy
65-57333637-A0003;65-57333637-A0003;;Ambulancia zubného lekárstva, Žilina;moyzubar s. r. o.;Zubné lekárstvo, Dentálna hygiena;Moyzesova 910/23;Žilina;01001;Okres Žilina;Žilinský samosprávny kraj;;;;e-VUC;Novy
65-57030383-A0001;65-57030383-A0001;;Ambulancia zubného lekárstva, Žilina;MOJAKDENT s. r. o.;Zubné lekárstvo, Dentoalveolárna chirurgia, Implantológia, Choroby slizníc ústnej dutiny a paradontu;Hálkova 9092/7A;Žilina;01001;Okres Žilina;Žilinský samosprávny kraj;;;;e-VUC;Novy
65-57030383-A0002;65-57030383-A0002;;Ambulancia zubného lekárstva, Žilina;MOJAKDENT s. r. o.;Zubné lekárstvo, Dentálna hygiena;Hálkova 9092/7A;Žilina;01001;Okres Žilina;Žilinský samosprávny kraj;;;;e-VUC;Novy
65-50326210-A0001;65-50326210-A0001;;Ambulancia zubného lekárstva, Teplička nad Váhom;NAVILA s. r. o.;Zubné lekárstvo;Fatranská 620/80;Teplička nad Váhom;01301;Okres Žilina;Žilinský samosprávny kraj;;;;e-VUC;Novy
51-44771011-A0001;51-44771011-A0001;;Ambulancia zubného lekárstva, Žilina;ARMED, s.r.o.;Zubné lekárstvo, Dentoalveolárna chirurgia, Dentálna hygiena;Vysokoškolákov 3702/31;Žilina;01001;Okres Žilina;Žilinský samosprávny kraj;;;;e-VUC;Novy
65-53206576-A0001;65-53206576-A0001;;Ambulancia zubného lekárstva, MUDr. Eva Bočková, Žilina;Real Enterprise s. r. o.;Zubné lekárstvo;Dolné Rudiny 3674/19;Žilina;01001;Okres Žilina;Žilinský samosprávny kraj;;;;e-VUC;Novy
65-36392243-A0004;65-36392243-A0004;;Ambulancia zubného lekárstva, Lietavská Lúčka;JR, s.r.o.;Zubné lekárstvo;Žilinská cesta 46/34;Lietavská Lúčka;01311;Okres Žilina;Žilinský samosprávny kraj;;;;e-VUC;Novy
65-56934360-A0001;65-56934360-A0001;;Ambulancia zubného lekárstva, MDDr. Peter Hulín, Žilina;P3k dent, s. r. o.;Zubné lekárstvo, Dentoalveolárna chirurgia, Implantológia, Dentálna hygiena;Kysucká 537/3;Žilina;01001;Okres Žilina;Žilinský samosprávny kraj;;;;e-VUC;Novy
65-56869860-A0001;65-56869860-A0001;;Ambulancia zubného lekárstva, MDDr. Ján Staško, Žilina;MyOrtho, s. r. o.;Zubné lekárstvo, Dentoalveolárna chirurgia, Implantológia;Vajanského 2691/24;Žilina;01001;Okres Žilina;Žilinský samosprávny kraj;;;;e-VUC;Novy
65-56607288-A0001;65-56607288-A0001;;Ambulancia zubného lekárstva, Bc.MDDr. Simona Jendrišáková, Žilina;Esteticdent s. r. o.;Zubné lekárstvo;Antona Bernoláka 2129/51;Žilina;01001;Okres Žilina;Žilinský samosprávny kraj;;;;e-VUC;Novy
65-56382235-A0001;65-56382235-A0001;;Zubná klinika Zubal aesthetic a Šťastný zúbok, Žilina;ZUBAL s. r. o.;Zubné lekárstvo;Jána Milca 807/1;Žilina;01001;Okres Žilina;Žilinský samosprávny kraj;;;;e-VUC;Novy
65-56386371-A0001;65-56386371-A0001;;Ambulancia zubného lekárstva, Rajec;DENT BLISS, s. r. o.;Zubné lekárstvo;Hollého 200/47;Rajec;01501;Okres Žilina;Žilinský samosprávny kraj;;;;e-VUC;Novy
65-56390289-A0001;65-56390289-A0001;;Ambulancia zubného lekárstva, Žilina;DIAMOND SMILES, spol. s r. o.;Zubné lekárstvo;Hálkova 3297/3;Žilina;01001;Okres Žilina;Žilinský samosprávny kraj;;;;e-VUC;Novy
65-55753191-A0001;65-55753191-A0001;;Ambulancia zubného lekárstva, Dlhé Pole;Shining smile s. r. o.;Zubné lekárstvo;Dlhé Pole 40;Dlhé Pole;01332;Okres Žilina;Žilinský samosprávny kraj;;;;e-VUC;Novy
65-55900445-A0001;65-55900445-A0001;;Ambulancia zubného lekárstva, Žilina;MUDr. Zuzana Kukučiková;Zubné lekárstvo;Hečkova 3814/5;Žilina;01001;Okres Žilina;Žilinský samosprávny kraj;;;;e-VUC;Novy
65-55913504-A0002;65-55913504-A0002;;Ambulancia zubného lekárstva, Žilina;Dominodent s.r.o.;Zubné lekárstvo;Dolné Rudiny 3887/1;Žilina;01001;Okres Žilina;Žilinský samosprávny kraj;;;;e-VUC;Novy
65-55913504-A0001;65-55913504-A0001;;Ambulancia zubného lekárstva, Žilina;Dominodent s.r.o.;Zubné lekárstvo, Dentoalveolárna chirurgia;Dolné Rudiny 3887/1;Žilina;01001;Okres Žilina;Žilinský samosprávny kraj;;;;e-VUC;Novy
65-31917739-A0002;65-31917739-A0002;;Ambulancia zubného lekárstva, Žilina;MUDr. Mária Muráriková;Zubné lekárstvo;Hečkova 3814/5;Žilina;01001;Okres Žilina;Žilinský samosprávny kraj;;;;e-VUC;Novy
65-55920471-A0001;65-55920471-A0001;;Ambulancia dentálnej hygieny, Žilina;MKdent s.r.o.;Dentálna hygiena;Vysokoškolákov 3702/31;Žilina;01008;Okres Žilina;Žilinský samosprávny kraj;;;;e-VUC;Novy
65-55270565-A0002;65-55270565-A0002;;Ambulancia zubného lekárstva, MDDr. Patrik Kolčák, Belá;KODENTAL, s. r. o.;Zubné lekárstvo;Oslobodenia 166/22;Belá;01305;Okres Žilina;Žilinský samosprávny kraj;;;;e-VUC;Novy
65-56209169-A0001;65-56209169-A0001;;Ambulancia dentálnej hygieny, Žilina;Bc. Gabriela Jančigová;Dentálna hygiena;Dolné Rudiny 1;Žilina;01001;Okres Žilina;Žilinský samosprávny kraj;;;;e-VUC;Novy
65-48108391-A0002;65-48108391-A0002;;Ambulancia zubného lekárstva, Rajecké Teplice;DentUP s.r.o.;Zubné lekárstvo;Ulica Jozefa Cincíka 711/8B;Rajecké Teplice;01313;Okres Žilina;Žilinský samosprávny kraj;;;;e-VUC;Novy
65-48108391-A0003;65-48108391-A0003;;Ambulancia zubného lekárstva, Rajecké Teplice;DentUP s.r.o.;Zubné lekárstvo;Ulica Jozefa Cincíka 711/8B;Rajecké Teplice;01313;Okres Žilina;Žilinský samosprávny kraj;;;;e-VUC;Novy
65-47313731-A0003;65-47313731-A0003;;Ambulancia zubného lekárstva, Žilina;STOM ART, s.r.o.;Zubné lekárstvo;Hálkova 3;Žilina;01001;Okres Žilina;Žilinský samosprávny kraj;;;;e-VUC;Novy
65-55647243-A0001;65-55647243-A0001;;Ambulancia zubného lekárstva, Žilina;Blanc dental, s. r. o.;Zubné lekárstvo, Dentoalveolárna chirurgia, Implantológia;Obchodná 8985/5A;Žilina;01008;Okres Žilina;Žilinský samosprávny kraj;;;;e-VUC;Novy
65-55647243-A0002;65-55647243-A0002;;Ambulancia zubného lekárstva, Žilina;Blanc dental, s. r. o.;Zubné lekárstvo, Dentoalveolárna chirurgia, Implantológia;Obchodná 8985/5A;Žilina;01008;Okres Žilina;Žilinský samosprávny kraj;;;;e-VUC;Novy
65-55647243-A0003;65-55647243-A0003;;Ambulancia zubného lekárstva, Žilina;Blanc dental, s. r. o.;Zubné lekárstvo, Dentoalveolárna chirurgia, Implantológia;Obchodná 8985/5A;Žilina;01008;Okres Žilina;Žilinský samosprávny kraj;;;;e-VUC;Novy
65-55647243-A0004;65-55647243-A0004;;Ambulancia zubného lekárstva, Žilina;Blanc dental, s. r. o.;Zubné lekárstvo, Dentálna hygiena;Obchodná 8985/5A;Žilina;01008;Okres Žilina;Žilinský samosprávny kraj;;;;e-VUC;Novy
65-55647243-A0005;65-55647243-A0005;;Ambulancia zubného lekárstva, Žilina;Blanc dental, s. r. o.;Zubné lekárstvo, Dentálna hygiena;Obchodná 8985/5A;Žilina;01008;Okres Žilina;Žilinský samosprávny kraj;;;;e-VUC;Novy
65-56029420-A0001;65-56029420-A0001;;Ambulancia dentálnej hygieny, Žilina;Bc. Miroslava Bajerová;Dentálna hygiena;Obchodná 8985/5A;Žilina;01008;Okres Žilina;Žilinský samosprávny kraj;;;;e-VUC;Novy
65-35286202-A0001;65-35286202-A0001;;Ambulancia dentálnej hygieny, Žilina;Ing. Bc. Marek Molnár;Dentálna hygiena;Makovického 3874/15;Žilina;01001;Okres Žilina;Žilinský samosprávny kraj;;;;e-VUC;Novy
65-55793649-A0001;65-55793649-A0001;;Ambulancia zubného lekárstva, MDDr. Peter Smokoň, Žilina;ZAMZA CLINIC s. r. o.;Zubné lekárstvo, Dentoalveolárna chirurgia;Vysokoškolákov 8556/33B;Žilina;01008;Okres Žilina;Žilinský samosprávny kraj;;;;e-VUC;Novy
65-55705065-A0001;65-55705065-A0001;;Ambulancia zubného lekárstva, Žilina;Kasman Dental , s. r. o.;Zubné lekárstvo, Dentoalveolárna chirurgia;Bottova 43/10;Žilina;01001;Okres Žilina;Žilinský samosprávny kraj;;;;e-VUC;Novy
65-55780270-A0001;65-55780270-A0001;;Ambulancia dentálnej hygieny, Varín;Bc. Eva Turčanová;Dentálna hygiena;Námestie sv. Floriána 1002/1;Varín;01303;Okres Žilina;Žilinský samosprávny kraj;;;;e-VUC;Novy
65-55176488-A0001;65-55176488-A0001;;Ambulancia zubného lekárstva, Teplička nad Váhom;RAVI - Dent s.r.o.;Zubné lekárstvo, Dentálna hygiena;Fatranská 1546/29;Teplička nad Váhom;01301;Okres Žilina;Žilinský samosprávny kraj;;;;e-VUC;Novy
65-54997500-A0001;65-54997500-A0001;;Ambulancia zubného lekárstva, MDDr. Juraj Michalič, Žilina;Dentology s.r.o.;Zubné lekárstvo;Klemensova 1106/34;Žilina;01001;Okres Žilina;Žilinský samosprávny kraj;;;;e-VUC;Novy
65-55227104-A0001;65-55227104-A0001;;Ambulancia zubného lekárstva, Žilina;DentisTree s. r. o.;Zubné lekárstvo;Vysokoškolákov 3836/22;Žilina;01008;Okres Žilina;Žilinský samosprávny kraj;;;;e-VUC;Novy
